<?xml version="1.0" encoding="utf-8"?>
<Messages>
	<Message severity="INFO" prefix="[HLS 200-111]" key="HLS_111_966" tag="RUNTIME" content="Finished File checks and directory preparation: CPU user time: 0 seconds. CPU system time: 0 seconds. Elapsed time: 0.031 seconds; current allocated memory: 1.257 GB." resolution=""/>
	<Message severity="INFO" prefix="[HLS 200-10]" key="HLS_10_1312" tag="" content="Analyzing design file &apos;matrix_mult.cpp&apos; ..." resolution=""/>
	<Message severity="WARNING" prefix="[HLS 207-5281]" key="HLS 207-5281" tag="" content="expression result unused (matrix_mult.cpp:284:11)" resolution=""/>
	<Message severity="WARNING" prefix="[HLS 207-5281]" key="HLS 207-5281" tag="" content="expression result unused (matrix_mult.cpp:284:30)" resolution=""/>
	<Message severity="INFO" prefix="[HLS 200-111]" key="HLS_111_966" tag="RUNTIME" content="Finished Source Code Analysis and Preprocessing: CPU user time: 0 seconds. CPU system time: 0 seconds. Elapsed time: 3.811 seconds; current allocated memory: 1.257 GB." resolution=""/>
	<Message severity="INFO" prefix="[HLS 200-777]" key="HLS 200-777" tag="" content="Using interface defaults for &apos;Vivado&apos; flow target." resolution=""/>
	<Message severity="INFO" prefix="[HLS 214-284]" key="HLS 214-284" tag="" content="Auto array partition mode is set into default." resolution=""/>
	<Message severity="INFO" prefix="[HLS 214-270]" key="HLS 214-270" tag="" content="Starting automatic array partition analysis..." resolution=""/>
	<Message severity="INFO" prefix="[HLS 200-111]" key="HLS_111_966" tag="RUNTIME" content="Finished Compiling Optimization and Transform: CPU user time: 1 seconds. CPU system time: 0 seconds. Elapsed time: 6.16 seconds; current allocated memory: 1.257 GB." resolution=""/>
	<Message severity="INFO" prefix="[HLS 200-111]" key="HLS_111_966" tag="RUNTIME" content="Finished Checking Pragmas: CPU user time: 0 seconds. CPU system time: 0 seconds. Elapsed time: 0.004 seconds; current allocated memory: 1.257 GB." resolution=""/>
	<Message severity="INFO" prefix="[HLS 200-10]" key="HLS_10_1467" tag="" content="Starting code transformations ..." resolution=""/>
	<Message severity="INFO" prefix="[HLS 200-111]" key="HLS_111_966" tag="RUNTIME" content="Finished Standard Transforms: CPU user time: 0 seconds. CPU system time: 0 seconds. Elapsed time: 0.177 seconds; current allocated memory: 1.257 GB." resolution=""/>
	<Message severity="INFO" prefix="[HLS 200-10]" key="HLS_10_1472" tag="" content="Checking synthesizability ..." resolution=""/>
	<Message severity="INFO" prefix="[HLS 200-111]" key="HLS_111_966" tag="RUNTIME" content="Finished Checking Synthesizability: CPU user time: 0 seconds. CPU system time: 0 seconds. Elapsed time: 0.091 seconds; current allocated memory: 1.257 GB." resolution=""/>
	<Message severity="INFO" prefix="[XFORM 203-510]" key="XFORM_AUTO_PIPELINE_STATUS_244" tag="" content="Pipelining loop &apos;VITIS_LOOP_16_1&apos; (matrix_mult.cpp:16) in function &apos;matrix_mult&apos; automatically." resolution=""/>
	<Message severity="INFO" prefix="[XFORM 203-510]" key="XFORM_AUTO_PIPELINE_STATUS_244" tag="" content="Pipelining loop &apos;VITIS_LOOP_23_3&apos; (matrix_mult.cpp:23) in function &apos;matrix_mult&apos; automatically." resolution=""/>
	<Message severity="INFO" prefix="[XFORM 203-510]" key="XFORM_AUTO_PIPELINE_STATUS_244" tag="" content="Pipelining loop &apos;VITIS_LOOP_30_4&apos; (matrix_mult.cpp:30) in function &apos;matrix_mult&apos; automatically." resolution=""/>
	<Message severity="INFO" prefix="[XFORM 203-510]" key="XFORM_AUTO_PIPELINE_STATUS_244" tag="" content="Pipelining loop &apos;VITIS_LOOP_37_6&apos; (matrix_mult.cpp:37) in function &apos;matrix_mult&apos; automatically." resolution=""/>
	<Message severity="INFO" prefix="[XFORM 203-510]" key="XFORM_AUTO_PIPELINE_STATUS_244" tag="" content="Pipelining loop &apos;VITIS_LOOP_49_8&apos; (matrix_mult.cpp:49) in function &apos;matrix_mult&apos; automatically." resolution=""/>
	<Message severity="INFO" prefix="[XFORM 203-510]" key="XFORM_AUTO_PIPELINE_STATUS_244" tag="" content="Pipelining loop &apos;VITIS_LOOP_203_11&apos; (matrix_mult.cpp:203) in function &apos;matrix_mult&apos; automatically." resolution=""/>
	<Message severity="INFO" prefix="[XFORM 203-510]" key="XFORM_AUTO_PIPELINE_STATUS_244" tag="" content="Pipelining loop &apos;VITIS_LOOP_262_15&apos; (matrix_mult.cpp:10) in function &apos;matrix_mult&apos; automatically." resolution=""/>
	<Message severity="INFO" prefix="[XFORM 203-510]" key="XFORM_AUTO_PIPELINE_STATUS_244" tag="" content="Pipelining loop &apos;VITIS_LOOP_284_18&apos; (matrix_mult.cpp:10) in function &apos;matrix_mult&apos; automatically." resolution=""/>
	<Message severity="INFO" prefix="[XFORM 203-502]" key="XFORM_AUTO_UNROLL_STATUS_246" tag="" content="Unrolling all sub-loops inside loop &apos;VITIS_LOOP_49_8&apos; (matrix_mult.cpp:49) in function &apos;matrix_mult&apos; for pipelining." resolution=""/>
	<Message severity="INFO" prefix="[XFORM 203-502]" key="XFORM_AUTO_UNROLL_STATUS_246" tag="" content="Unrolling all sub-loops inside loop &apos;VITIS_LOOP_203_11&apos; (matrix_mult.cpp:203) in function &apos;matrix_mult&apos; for pipelining." resolution=""/>
	<Message severity="INFO" prefix="[HLS 200-489]" key="HLS 200-489" tag="" content="Unrolling loop &apos;VITIS_LOOP_117_9&apos; (matrix_mult.cpp:10) in function &apos;matrix_mult&apos; completely with a factor of 32." resolution=""/>
	<Message severity="INFO" prefix="[HLS 200-489]" key="HLS 200-489" tag="" content="Unrolling loop &apos;VITIS_LOOP_223_12&apos; (matrix_mult.cpp:10) in function &apos;matrix_mult&apos; completely with a factor of 64." resolution=""/>
	<Message severity="INFO" prefix="[XFORM 203-401]" key="XFORM_IFCONV_STATUS_239" tag="" content="Performing if-conversion on hyperblock from (matrix_mult.cpp:49:31) in function &apos;matrix_mult&apos;... converting 65 basic blocks." resolution=""/>
	<Message severity="INFO" prefix="[XFORM 203-401]" key="XFORM_IFCONV_STATUS_239" tag="" content="Performing if-conversion on hyperblock from (matrix_mult.cpp:203:33) in function &apos;matrix_mult&apos;... converting 129 basic blocks." resolution=""/>
	<Message severity="INFO" prefix="[XFORM 203-401]" key="XFORM_IFCONV_STATUS_239" tag="" content="Performing if-conversion on hyperblock from (matrix_mult.cpp:10:6) in function &apos;matrix_mult&apos;... converting 3 basic blocks." resolution=""/>
	<Message severity="INFO" prefix="[XFORM 203-401]" key="XFORM_IFCONV_STATUS_239" tag="" content="Performing if-conversion on hyperblock from (matrix_mult.cpp:10:6) in function &apos;matrix_mult&apos;... converting 3 basic blocks." resolution=""/>
	<Message severity="INFO" prefix="[XFORM 203-11]" key="XFORM_EXPR_BALANCE_STATUS_178" tag="" content="Balancing expressions in function &apos;matrix_mult&apos; (matrix_mult.cpp:7)...20400 expression(s) balanced." resolution=""/>
	<Message severity="INFO" prefix="[HLS 200-111]" key="HLS_111_966" tag="RUNTIME" content="Finished Loop, function and other optimizations: CPU user time: 47 seconds. CPU system time: 0 seconds. Elapsed time: 46.373 seconds; current allocated memory: 1.257 GB." resolution=""/>
	<Message severity="WARNING" prefix="[HLS 200-960]" key="HLS 200-960" tag="LOOP,VITIS_LATENCY" content="Cannot flatten loop &apos;VITIS_LOOP_21_2&apos; (matrix_mult.cpp:21:29) in function &apos;matrix_mult&apos; the outer loop is not a perfect loop." resolution="http://www.xilinx.com/cgi-bin/docs/rdoc?v=2021.2;t=hls+guidance;d=200-960.html"/>
	<Message severity="INFO" prefix="[XFORM 203-541]" key="XFORM_LOOPFLAT_STATUS_218" tag="" content="Flattening a loop nest &apos;VITIS_LOOP_35_5&apos; (matrix_mult.cpp:35:29) in function &apos;matrix_mult&apos;." resolution=""/>
	<Message severity="INFO" prefix="[XFORM 203-541]" key="XFORM_LOOPFLAT_STATUS_218" tag="" content="Flattening a loop nest &apos;VITIS_LOOP_46_7&apos; (matrix_mult.cpp:46:30) in function &apos;matrix_mult&apos;." resolution=""/>
	<Message severity="INFO" prefix="[XFORM 203-541]" key="XFORM_LOOPFLAT_STATUS_218" tag="" content="Flattening a loop nest &apos;VITIS_LOOP_200_10&apos; (matrix_mult.cpp:200:32) in function &apos;matrix_mult&apos;." resolution=""/>
	<Message severity="WARNING" prefix="[HLS 200-960]" key="HLS 200-960" tag="LOOP,VITIS_LATENCY" content="Cannot flatten loop &apos;VITIS_LOOP_254_14&apos; (matrix_mult.cpp:254:33) in function &apos;matrix_mult&apos; the outer loop is not a perfect loop because there is nontrivial logic in the loop latch." resolution="http://www.xilinx.com/cgi-bin/docs/rdoc?v=2021.2;t=hls+guidance;d=200-960.html"/>
	<Message severity="INFO" prefix="[XFORM 203-541]" key="XFORM_LOOPFLAT_STATUS_218" tag="" content="Flattening a loop nest &apos;VITIS_LOOP_251_13&apos; (matrix_mult.cpp:251:32) in function &apos;matrix_mult&apos;." resolution=""/>
	<Message severity="WARNING" prefix="[HLS 200-960]" key="HLS 200-960" tag="LOOP,VITIS_LATENCY" content="Cannot flatten loop &apos;VITIS_LOOP_280_17&apos; (matrix_mult.cpp:10:6) in function &apos;matrix_mult&apos; the outer loop is not a perfect loop because there is nontrivial logic before entering the inner loop." resolution="http://www.xilinx.com/cgi-bin/docs/rdoc?v=2021.2;t=hls+guidance;d=200-960.html"/>
	<Message severity="INFO" prefix="[XFORM 203-541]" key="XFORM_LOOPFLAT_STATUS_218" tag="" content="Flattening a loop nest &apos;VITIS_LOOP_277_16&apos; (matrix_mult.cpp:10:6) in function &apos;matrix_mult&apos;." resolution=""/>
	<Message severity="INFO" prefix="[HLS 200-111]" key="HLS_111_966" tag="RUNTIME" content="Finished Architecture Synthesis: CPU user time: 57 seconds. CPU system time: 0 seconds. Elapsed time: 57.276 seconds; current allocated memory: 1.257 GB." resolution=""/>
	<Message severity="INFO" prefix="[HLS 200-10]" key="HLS_10_1317" tag="" content="Starting hardware synthesis ..." resolution=""/>
	<Message severity="INFO" prefix="[HLS 200-10]" key="HLS_10_1385" tag="" content="Synthesizing &apos;matrix_mult&apos; ..." resolution=""/>
	<Message severity="INFO" prefix="[HLS 200-10]" key="HLS_10_1477" tag="" content="----------------------------------------------------------------" resolution=""/>
	<Message severity="INFO" prefix="[HLS 200-42]" key="HLS_42_1438" tag="" content="-- Implementing module &apos;matrix_mult_Pipeline_VITIS_LOOP_16_1&apos;" resolution=""/>
	<Message severity="INFO" prefix="[HLS 200-10]" key="HLS_10_1478" tag="" content="----------------------------------------------------------------" resolution=""/>
	<Message severity="INFO" prefix="[SCHED 204-11]" key="SCHED_SCHED_STATUS_597" tag="" content="Starting scheduling ..." resolution=""/>
	<Message severity="INFO" prefix="[SCHED 204-61]" key="SCHED_PIPELINING_STATUS_41" tag="" content="Pipelining loop &apos;VITIS_LOOP_16_1&apos;." resolution=""/>
	<Message severity="INFO" prefix="[HLS 200-1470]" key="HLS 200-1470" tag="SCHEDULE,VITIS_THROUGHPUT" content="Pipelining result : Target II = NA, Final II = 1, Depth = 2, loop &apos;VITIS_LOOP_16_1&apos;" resolution=""/>
	<Message severity="INFO" prefix="[SCHED 204-11]" key="SCHED_SCHED_STATUS_596" tag="" content="Finished scheduling." resolution=""/>
	<Message severity="INFO" prefix="[HLS 200-111]" key="HLS_111_966" tag="RUNTIME" content="Finished Scheduling: CPU user time: 5 seconds. CPU system time: 0 seconds. Elapsed time: 5.539 seconds; current allocated memory: 1.257 GB." resolution=""/>
	<Message severity="INFO" prefix="[BIND 205-100]" key="BIND_100_926" tag="" content="Starting micro-architecture generation ..." resolution=""/>
	<Message severity="INFO" prefix="[BIND 205-101]" key="BIND_101_698" tag="" content="Performing variable lifetime analysis." resolution=""/>
	<Message severity="INFO" prefix="[BIND 205-101]" key="BIND_101_697" tag="" content="Exploring resource sharing." resolution=""/>
	<Message severity="INFO" prefix="[BIND 205-101]" key="BIND_101_693" tag="" content="Binding ..." resolution=""/>
	<Message severity="INFO" prefix="[BIND 205-100]" key="BIND_100_925" tag="" content="Finished micro-architecture generation." resolution=""/>
	<Message severity="INFO" prefix="[HLS 200-111]" key="HLS_111_966" tag="RUNTIME" content="Finished Binding: CPU user time: 0 seconds. CPU system time: 0 seconds. Elapsed time: 0.063 seconds; current allocated memory: 1.257 GB." resolution=""/>
	<Message severity="INFO" prefix="[HLS 200-10]" key="HLS_10_1477" tag="" content="----------------------------------------------------------------" resolution=""/>
	<Message severity="INFO" prefix="[HLS 200-42]" key="HLS_42_1438" tag="" content="-- Implementing module &apos;matrix_mult_Pipeline_VITIS_LOOP_23_3&apos;" resolution=""/>
	<Message severity="INFO" prefix="[HLS 200-10]" key="HLS_10_1478" tag="" content="----------------------------------------------------------------" resolution=""/>
	<Message severity="INFO" prefix="[SCHED 204-11]" key="SCHED_SCHED_STATUS_597" tag="" content="Starting scheduling ..." resolution=""/>
	<Message severity="INFO" prefix="[SCHED 204-61]" key="SCHED_PIPELINING_STATUS_41" tag="" content="Pipelining loop &apos;VITIS_LOOP_23_3&apos;." resolution=""/>
	<Message severity="INFO" prefix="[HLS 200-1470]" key="HLS 200-1470" tag="SCHEDULE,VITIS_THROUGHPUT" content="Pipelining result : Target II = NA, Final II = 1, Depth = 5, loop &apos;VITIS_LOOP_23_3&apos;" resolution=""/>
	<Message severity="INFO" prefix="[SCHED 204-11]" key="SCHED_SCHED_STATUS_596" tag="" content="Finished scheduling." resolution=""/>
	<Message severity="INFO" prefix="[HLS 200-111]" key="HLS_111_966" tag="RUNTIME" content="Finished Scheduling: CPU user time: 0 seconds. CPU system time: 0 seconds. Elapsed time: 0.078 seconds; current allocated memory: 1.257 GB." resolution=""/>
	<Message severity="INFO" prefix="[BIND 205-100]" key="BIND_100_926" tag="" content="Starting micro-architecture generation ..." resolution=""/>
	<Message severity="INFO" prefix="[BIND 205-101]" key="BIND_101_698" tag="" content="Performing variable lifetime analysis." resolution=""/>
	<Message severity="INFO" prefix="[BIND 205-101]" key="BIND_101_697" tag="" content="Exploring resource sharing." resolution=""/>
	<Message severity="INFO" prefix="[BIND 205-101]" key="BIND_101_693" tag="" content="Binding ..." resolution=""/>
	<Message severity="INFO" prefix="[BIND 205-100]" key="BIND_100_925" tag="" content="Finished micro-architecture generation." resolution=""/>
	<Message severity="INFO" prefix="[HLS 200-111]" key="HLS_111_966" tag="RUNTIME" content="Finished Binding: CPU user time: 0 seconds. CPU system time: 0 seconds. Elapsed time: 0.074 seconds; current allocated memory: 1.257 GB." resolution=""/>
	<Message severity="INFO" prefix="[HLS 200-10]" key="HLS_10_1477" tag="" content="----------------------------------------------------------------" resolution=""/>
	<Message severity="INFO" prefix="[HLS 200-42]" key="HLS_42_1438" tag="" content="-- Implementing module &apos;matrix_mult_Pipeline_VITIS_LOOP_30_4&apos;" resolution=""/>
	<Message severity="INFO" prefix="[HLS 200-10]" key="HLS_10_1478" tag="" content="----------------------------------------------------------------" resolution=""/>
	<Message severity="INFO" prefix="[SCHED 204-11]" key="SCHED_SCHED_STATUS_597" tag="" content="Starting scheduling ..." resolution=""/>
	<Message severity="INFO" prefix="[SCHED 204-61]" key="SCHED_PIPELINING_STATUS_41" tag="" content="Pipelining loop &apos;VITIS_LOOP_30_4&apos;." resolution=""/>
	<Message severity="INFO" prefix="[HLS 200-1470]" key="HLS 200-1470" tag="SCHEDULE,VITIS_THROUGHPUT" content="Pipelining result : Target II = NA, Final II = 1, Depth = 2, loop &apos;VITIS_LOOP_30_4&apos;" resolution=""/>
	<Message severity="INFO" prefix="[SCHED 204-11]" key="SCHED_SCHED_STATUS_596" tag="" content="Finished scheduling." resolution=""/>
	<Message severity="INFO" prefix="[HLS 200-111]" key="HLS_111_966" tag="RUNTIME" content="Finished Scheduling: CPU user time: 0 seconds. CPU system time: 0 seconds. Elapsed time: 0.096 seconds; current allocated memory: 1.257 GB." resolution=""/>
	<Message severity="INFO" prefix="[BIND 205-100]" key="BIND_100_926" tag="" content="Starting micro-architecture generation ..." resolution=""/>
	<Message severity="INFO" prefix="[BIND 205-101]" key="BIND_101_698" tag="" content="Performing variable lifetime analysis." resolution=""/>
	<Message severity="INFO" prefix="[BIND 205-101]" key="BIND_101_697" tag="" content="Exploring resource sharing." resolution=""/>
	<Message severity="INFO" prefix="[BIND 205-101]" key="BIND_101_693" tag="" content="Binding ..." resolution=""/>
	<Message severity="INFO" prefix="[BIND 205-100]" key="BIND_100_925" tag="" content="Finished micro-architecture generation." resolution=""/>
	<Message severity="INFO" prefix="[HLS 200-111]" key="HLS_111_966" tag="RUNTIME" content="Finished Binding: CPU user time: 0 seconds. CPU system time: 0 seconds. Elapsed time: 0.055 seconds; current allocated memory: 1.257 GB." resolution=""/>
	<Message severity="INFO" prefix="[HLS 200-10]" key="HLS_10_1477" tag="" content="----------------------------------------------------------------" resolution=""/>
	<Message severity="INFO" prefix="[HLS 200-42]" key="HLS_42_1438" tag="" content="-- Implementing module &apos;matrix_mult_Pipeline_VITIS_LOOP_35_5_VITIS_LOOP_37_6&apos;" resolution=""/>
	<Message severity="INFO" prefix="[HLS 200-10]" key="HLS_10_1478" tag="" content="----------------------------------------------------------------" resolution=""/>
	<Message severity="INFO" prefix="[SCHED 204-11]" key="SCHED_SCHED_STATUS_597" tag="" content="Starting scheduling ..." resolution=""/>
	<Message severity="INFO" prefix="[SCHED 204-61]" key="SCHED_PIPELINING_STATUS_41" tag="" content="Pipelining loop &apos;VITIS_LOOP_35_5_VITIS_LOOP_37_6&apos;." resolution=""/>
	<Message severity="WARNING" prefix="[HLS 200-885]" key="HLS 200-885" tag="SCHEDULE,VITIS_KERNEL" content="The II Violation in module &apos;matrix_mult_Pipeline_VITIS_LOOP_35_5_VITIS_LOOP_37_6&apos; (loop &apos;VITIS_LOOP_35_5_VITIS_LOOP_37_6&apos;): Unable to schedule &apos;load&apos; operation (&apos;prod_load&apos;, matrix_mult.cpp:39) on array &apos;prod&apos; due to limited memory ports (II = 1). Please consider using a memory core with more ports or partitioning the array &apos;prod&apos;." resolution="http://www.xilinx.com/cgi-bin/docs/rdoc?v=2021.2;t=hls+guidance;d=200-885.html"/>
	<Message severity="INFO" prefix="[HLS 200-1470]" key="HLS 200-1470" tag="SCHEDULE,VITIS_THROUGHPUT" content="Pipelining result : Target II = NA, Final II = 2, Depth = 7, loop &apos;VITIS_LOOP_35_5_VITIS_LOOP_37_6&apos;" resolution=""/>
	<Message severity="INFO" prefix="[SCHED 204-11]" key="SCHED_SCHED_STATUS_596" tag="" content="Finished scheduling." resolution=""/>
	<Message severity="INFO" prefix="[HLS 200-111]" key="HLS_111_966" tag="RUNTIME" content="Finished Scheduling: CPU user time: 0 seconds. CPU system time: 0 seconds. Elapsed time: 0.095 seconds; current allocated memory: 1.257 GB." resolution=""/>
	<Message severity="INFO" prefix="[BIND 205-100]" key="BIND_100_926" tag="" content="Starting micro-architecture generation ..." resolution=""/>
	<Message severity="INFO" prefix="[BIND 205-101]" key="BIND_101_698" tag="" content="Performing variable lifetime analysis." resolution=""/>
	<Message severity="INFO" prefix="[BIND 205-101]" key="BIND_101_697" tag="" content="Exploring resource sharing." resolution=""/>
	<Message severity="INFO" prefix="[BIND 205-101]" key="BIND_101_693" tag="" content="Binding ..." resolution=""/>
	<Message severity="INFO" prefix="[BIND 205-100]" key="BIND_100_925" tag="" content="Finished micro-architecture generation." resolution=""/>
	<Message severity="INFO" prefix="[HLS 200-111]" key="HLS_111_966" tag="RUNTIME" content="Finished Binding: CPU user time: 0 seconds. CPU system time: 0 seconds. Elapsed time: 0.096 seconds; current allocated memory: 1.257 GB." resolution=""/>
	<Message severity="INFO" prefix="[HLS 200-10]" key="HLS_10_1477" tag="" content="----------------------------------------------------------------" resolution=""/>
	<Message severity="INFO" prefix="[HLS 200-42]" key="HLS_42_1438" tag="" content="-- Implementing module &apos;matrix_mult_Pipeline_VITIS_LOOP_262_15&apos;" resolution=""/>
	<Message severity="INFO" prefix="[HLS 200-10]" key="HLS_10_1478" tag="" content="----------------------------------------------------------------" resolution=""/>
	<Message severity="INFO" prefix="[SCHED 204-11]" key="SCHED_SCHED_STATUS_597" tag="" content="Starting scheduling ..." resolution=""/>
	<Message severity="INFO" prefix="[SCHED 204-61]" key="SCHED_PIPELINING_STATUS_41" tag="" content="Pipelining loop &apos;VITIS_LOOP_262_15&apos;." resolution=""/>
	<Message severity="WARNING" prefix="[HLS 200-885]" key="HLS 200-885" tag="SCHEDULE,VITIS_KERNEL" content="The II Violation in module &apos;matrix_mult_Pipeline_VITIS_LOOP_262_15&apos; (loop &apos;VITIS_LOOP_262_15&apos;): Unable to schedule &apos;load&apos; operation (&apos;a_load_82&apos;, matrix_mult.cpp:266) on array &apos;a&apos; due to limited memory ports (II = 1). Please consider using a memory core with more ports or partitioning the array &apos;a&apos;." resolution="http://www.xilinx.com/cgi-bin/docs/rdoc?v=2021.2;t=hls+guidance;d=200-885.html"/>
	<Message severity="WARNING" prefix="[HLS 200-885]" key="HLS 200-885" tag="SCHEDULE,VITIS_KERNEL" content="The II Violation in module &apos;matrix_mult_Pipeline_VITIS_LOOP_262_15&apos; (loop &apos;VITIS_LOOP_262_15&apos;): Unable to schedule &apos;load&apos; operation (&apos;b_load_83&apos;, matrix_mult.cpp:266) on array &apos;b&apos; due to limited memory ports (II = 2). Please consider using a memory core with more ports or partitioning the array &apos;b&apos;." resolution="http://www.xilinx.com/cgi-bin/docs/rdoc?v=2021.2;t=hls+guidance;d=200-885.html"/>
	<Message severity="WARNING" prefix="[HLS 200-885]" key="HLS 200-885" tag="SCHEDULE,VITIS_KERNEL" content="The II Violation in module &apos;matrix_mult_Pipeline_VITIS_LOOP_262_15&apos; (loop &apos;VITIS_LOOP_262_15&apos;): Unable to schedule &apos;load&apos; operation (&apos;b_load_84&apos;, matrix_mult.cpp:267) on array &apos;b&apos; due to limited memory ports (II = 3). Please consider using a memory core with more ports or partitioning the array &apos;b&apos;." resolution="http://www.xilinx.com/cgi-bin/docs/rdoc?v=2021.2;t=hls+guidance;d=200-885.html"/>
	<Message severity="INFO" prefix="[HLS 200-1470]" key="HLS 200-1470" tag="SCHEDULE,VITIS_THROUGHPUT" content="Pipelining result : Target II = NA, Final II = 4, Depth = 10, loop &apos;VITIS_LOOP_262_15&apos;" resolution=""/>
	<Message severity="INFO" prefix="[SCHED 204-11]" key="SCHED_SCHED_STATUS_596" tag="" content="Finished scheduling." resolution=""/>
	<Message severity="INFO" prefix="[HLS 200-111]" key="HLS_111_966" tag="RUNTIME" content="Finished Scheduling: CPU user time: 0 seconds. CPU system time: 0 seconds. Elapsed time: 0.198 seconds; current allocated memory: 1.257 GB." resolution=""/>
	<Message severity="INFO" prefix="[BIND 205-100]" key="BIND_100_926" tag="" content="Starting micro-architecture generation ..." resolution=""/>
	<Message severity="INFO" prefix="[BIND 205-101]" key="BIND_101_698" tag="" content="Performing variable lifetime analysis." resolution=""/>
	<Message severity="INFO" prefix="[BIND 205-101]" key="BIND_101_697" tag="" content="Exploring resource sharing." resolution=""/>
	<Message severity="INFO" prefix="[BIND 205-101]" key="BIND_101_693" tag="" content="Binding ..." resolution=""/>
	<Message severity="INFO" prefix="[BIND 205-100]" key="BIND_100_925" tag="" content="Finished micro-architecture generation." resolution=""/>
	<Message severity="INFO" prefix="[HLS 200-111]" key="HLS_111_966" tag="RUNTIME" content="Finished Binding: CPU user time: 0 seconds. CPU system time: 0 seconds. Elapsed time: 0.175 seconds; current allocated memory: 1.257 GB." resolution=""/>
	<Message severity="INFO" prefix="[HLS 200-10]" key="HLS_10_1477" tag="" content="----------------------------------------------------------------" resolution=""/>
	<Message severity="INFO" prefix="[HLS 200-42]" key="HLS_42_1438" tag="" content="-- Implementing module &apos;matrix_mult_Pipeline_VITIS_LOOP_284_18&apos;" resolution=""/>
	<Message severity="INFO" prefix="[HLS 200-10]" key="HLS_10_1478" tag="" content="----------------------------------------------------------------" resolution=""/>
	<Message severity="INFO" prefix="[SCHED 204-11]" key="SCHED_SCHED_STATUS_597" tag="" content="Starting scheduling ..." resolution=""/>
	<Message severity="INFO" prefix="[SCHED 204-61]" key="SCHED_PIPELINING_STATUS_41" tag="" content="Pipelining loop &apos;VITIS_LOOP_284_18&apos;." resolution=""/>
	<Message severity="INFO" prefix="[HLS 200-1470]" key="HLS 200-1470" tag="SCHEDULE,VITIS_THROUGHPUT" content="Pipelining result : Target II = NA, Final II = 1, Depth = 6, loop &apos;VITIS_LOOP_284_18&apos;" resolution=""/>
	<Message severity="INFO" prefix="[SCHED 204-11]" key="SCHED_SCHED_STATUS_596" tag="" content="Finished scheduling." resolution=""/>
	<Message severity="INFO" prefix="[HLS 200-111]" key="HLS_111_966" tag="RUNTIME" content="Finished Scheduling: CPU user time: 1 seconds. CPU system time: 0 seconds. Elapsed time: 0.201 seconds; current allocated memory: 1.257 GB." resolution=""/>
	<Message severity="INFO" prefix="[BIND 205-100]" key="BIND_100_926" tag="" content="Starting micro-architecture generation ..." resolution=""/>
	<Message severity="INFO" prefix="[BIND 205-101]" key="BIND_101_698" tag="" content="Performing variable lifetime analysis." resolution=""/>
	<Message severity="INFO" prefix="[BIND 205-101]" key="BIND_101_697" tag="" content="Exploring resource sharing." resolution=""/>
	<Message severity="INFO" prefix="[BIND 205-101]" key="BIND_101_693" tag="" content="Binding ..." resolution=""/>
	<Message severity="INFO" prefix="[BIND 205-100]" key="BIND_100_925" tag="" content="Finished micro-architecture generation." resolution=""/>
	<Message severity="INFO" prefix="[HLS 200-111]" key="HLS_111_966" tag="RUNTIME" content="Finished Binding: CPU user time: 0 seconds. CPU system time: 0 seconds. Elapsed time: 0.1 seconds; current allocated memory: 1.257 GB." resolution=""/>
	<Message severity="INFO" prefix="[HLS 200-10]" key="HLS_10_1477" tag="" content="----------------------------------------------------------------" resolution=""/>
	<Message severity="INFO" prefix="[HLS 200-42]" key="HLS_42_1438" tag="" content="-- Implementing module &apos;matrix_mult_Pipeline_VITIS_LOOP_200_10_VITIS_LOOP_203_11&apos;" resolution=""/>
	<Message severity="INFO" prefix="[HLS 200-10]" key="HLS_10_1478" tag="" content="----------------------------------------------------------------" resolution=""/>
	<Message severity="INFO" prefix="[SCHED 204-11]" key="SCHED_SCHED_STATUS_597" tag="" content="Starting scheduling ..." resolution=""/>
	<Message severity="INFO" prefix="[SCHED 204-61]" key="SCHED_PIPELINING_STATUS_41" tag="" content="Pipelining loop &apos;VITIS_LOOP_200_10_VITIS_LOOP_203_11&apos;." resolution=""/>
	<Message severity="WARNING" prefix="[HLS 200-885]" key="HLS 200-885" tag="SCHEDULE,VITIS_KERNEL" content="The II Violation in module &apos;matrix_mult_Pipeline_VITIS_LOOP_200_10_VITIS_LOOP_203_11&apos; (loop &apos;VITIS_LOOP_200_10_VITIS_LOOP_203_11&apos;): Unable to schedule &apos;load&apos; operation (&apos;a_load&apos;, matrix_mult.cpp:200) on array &apos;a&apos; due to limited memory ports (II = 1). Please consider using a memory core with more ports or partitioning the array &apos;a&apos;." resolution="http://www.xilinx.com/cgi-bin/docs/rdoc?v=2021.2;t=hls+guidance;d=200-885.html"/>
	<Message severity="WARNING" prefix="[HLS 200-885]" key="HLS 200-885" tag="SCHEDULE,VITIS_KERNEL" content="The II Violation in module &apos;matrix_mult_Pipeline_VITIS_LOOP_200_10_VITIS_LOOP_203_11&apos; (loop &apos;VITIS_LOOP_200_10_VITIS_LOOP_203_11&apos;): Unable to schedule &apos;load&apos; operation (&apos;a_load_2048&apos;, matrix_mult.cpp:200) on array &apos;a&apos; due to limited memory ports (II = 2). Please consider using a memory core with more ports or partitioning the array &apos;a&apos;." resolution="http://www.xilinx.com/cgi-bin/docs/rdoc?v=2021.2;t=hls+guidance;d=200-885.html"/>
	<Message severity="WARNING" prefix="[HLS 200-885]" key="HLS 200-885" tag="SCHEDULE,VITIS_KERNEL" content="The II Violation in module &apos;matrix_mult_Pipeline_VITIS_LOOP_200_10_VITIS_LOOP_203_11&apos; (loop &apos;VITIS_LOOP_200_10_VITIS_LOOP_203_11&apos;): Unable to schedule &apos;load&apos; operation (&apos;a_load_2049&apos;, matrix_mult.cpp:200) on array &apos;a&apos; due to limited memory ports (II = 3). Please consider using a memory core with more ports or partitioning the array &apos;a&apos;." resolution="http://www.xilinx.com/cgi-bin/docs/rdoc?v=2021.2;t=hls+guidance;d=200-885.html"/>
	<Message severity="WARNING" prefix="[HLS 200-885]" key="HLS 200-885" tag="SCHEDULE,VITIS_KERNEL" content="The II Violation in module &apos;matrix_mult_Pipeline_VITIS_LOOP_200_10_VITIS_LOOP_203_11&apos; (loop &apos;VITIS_LOOP_200_10_VITIS_LOOP_203_11&apos;): Unable to schedule &apos;load&apos; operation (&apos;a_load_2050&apos;, matrix_mult.cpp:200) on array &apos;a&apos; due to limited memory ports (II = 4). Please consider using a memory core with more ports or partitioning the array &apos;a&apos;." resolution="http://www.xilinx.com/cgi-bin/docs/rdoc?v=2021.2;t=hls+guidance;d=200-885.html"/>
	<Message severity="WARNING" prefix="[HLS 200-885]" key="HLS 200-885" tag="SCHEDULE,VITIS_KERNEL" content="The II Violation in module &apos;matrix_mult_Pipeline_VITIS_LOOP_200_10_VITIS_LOOP_203_11&apos; (loop &apos;VITIS_LOOP_200_10_VITIS_LOOP_203_11&apos;): Unable to schedule &apos;load&apos; operation (&apos;a_load_2177&apos;, matrix_mult.cpp:200) on array &apos;a&apos; due to limited memory ports (II = 130). Please consider using a memory core with more ports or partitioning the array &apos;a&apos;." resolution="http://www.xilinx.com/cgi-bin/docs/rdoc?v=2021.2;t=hls+guidance;d=200-885.html"/>
	<Message severity="WARNING" prefix="[HLS 200-885]" key="HLS 200-885" tag="SCHEDULE,VITIS_KERNEL" content="The II Violation in module &apos;matrix_mult_Pipeline_VITIS_LOOP_200_10_VITIS_LOOP_203_11&apos; (loop &apos;VITIS_LOOP_200_10_VITIS_LOOP_203_11&apos;): Unable to schedule &apos;load&apos; operation (&apos;a_load_2240&apos;, matrix_mult.cpp:200) on array &apos;a&apos; due to limited memory ports (II = 193). Please consider using a memory core with more ports or partitioning the array &apos;a&apos;." resolution="http://www.xilinx.com/cgi-bin/docs/rdoc?v=2021.2;t=hls+guidance;d=200-885.html"/>
	<Message severity="WARNING" prefix="[HLS 200-885]" key="HLS 200-885" tag="SCHEDULE,VITIS_KERNEL" content="The II Violation in module &apos;matrix_mult_Pipeline_VITIS_LOOP_200_10_VITIS_LOOP_203_11&apos; (loop &apos;VITIS_LOOP_200_10_VITIS_LOOP_203_11&apos;): Unable to schedule &apos;load&apos; operation (&apos;a_load_2272&apos;, matrix_mult.cpp:200) on array &apos;a&apos; due to limited memory ports (II = 225). Please consider using a memory core with more ports or partitioning the array &apos;a&apos;." resolution="http://www.xilinx.com/cgi-bin/docs/rdoc?v=2021.2;t=hls+guidance;d=200-885.html"/>
	<Message severity="WARNING" prefix="[HLS 200-885]" key="HLS 200-885" tag="SCHEDULE,VITIS_KERNEL" content="The II Violation in module &apos;matrix_mult_Pipeline_VITIS_LOOP_200_10_VITIS_LOOP_203_11&apos; (loop &apos;VITIS_LOOP_200_10_VITIS_LOOP_203_11&apos;): Unable to schedule &apos;load&apos; operation (&apos;a_load_2288&apos;, matrix_mult.cpp:200) on array &apos;a&apos; due to limited memory ports (II = 241). Please consider using a memory core with more ports or partitioning the array &apos;a&apos;." resolution="http://www.xilinx.com/cgi-bin/docs/rdoc?v=2021.2;t=hls+guidance;d=200-885.html"/>
	<Message severity="WARNING" prefix="[HLS 200-885]" key="HLS 200-885" tag="SCHEDULE,VITIS_KERNEL" content="The II Violation in module &apos;matrix_mult_Pipeline_VITIS_LOOP_200_10_VITIS_LOOP_203_11&apos; (loop &apos;VITIS_LOOP_200_10_VITIS_LOOP_203_11&apos;): Unable to schedule &apos;load&apos; operation (&apos;a_load_2298&apos;, matrix_mult.cpp:200) on array &apos;a&apos; due to limited memory ports (II = 249). Please consider using a memory core with more ports or partitioning the array &apos;a&apos;." resolution="http://www.xilinx.com/cgi-bin/docs/rdoc?v=2021.2;t=hls+guidance;d=200-885.html"/>
	<Message severity="WARNING" prefix="[HLS 200-885]" key="HLS 200-885" tag="SCHEDULE,VITIS_KERNEL" content="The II Violation in module &apos;matrix_mult_Pipeline_VITIS_LOOP_200_10_VITIS_LOOP_203_11&apos; (loop &apos;VITIS_LOOP_200_10_VITIS_LOOP_203_11&apos;): Unable to schedule &apos;load&apos; operation (&apos;a_load_2287&apos;, matrix_mult.cpp:200) on array &apos;a&apos; due to limited memory ports (II = 253). Please consider using a memory core with more ports or partitioning the array &apos;a&apos;." resolution="http://www.xilinx.com/cgi-bin/docs/rdoc?v=2021.2;t=hls+guidance;d=200-885.html"/>
	<Message severity="WARNING" prefix="[HLS 200-885]" key="HLS 200-885" tag="SCHEDULE,VITIS_KERNEL" content="The II Violation in module &apos;matrix_mult_Pipeline_VITIS_LOOP_200_10_VITIS_LOOP_203_11&apos; (loop &apos;VITIS_LOOP_200_10_VITIS_LOOP_203_11&apos;): Unable to schedule &apos;load&apos; operation (&apos;a_load_2295&apos;, matrix_mult.cpp:200) on array &apos;a&apos; due to limited memory ports (II = 255). Please consider using a memory core with more ports or partitioning the array &apos;a&apos;." resolution="http://www.xilinx.com/cgi-bin/docs/rdoc?v=2021.2;t=hls+guidance;d=200-885.html"/>
	<Message severity="WARNING" prefix="[HLS 200-885]" key="HLS 200-885" tag="SCHEDULE,VITIS_KERNEL" content="The II Violation in module &apos;matrix_mult_Pipeline_VITIS_LOOP_200_10_VITIS_LOOP_203_11&apos; (loop &apos;VITIS_LOOP_200_10_VITIS_LOOP_203_11&apos;): Unable to schedule &apos;load&apos; operation (&apos;a_load_2299&apos;, matrix_mult.cpp:200) on array &apos;a&apos; due to limited memory ports (II = 256). Please consider using a memory core with more ports or partitioning the array &apos;a&apos;." resolution="http://www.xilinx.com/cgi-bin/docs/rdoc?v=2021.2;t=hls+guidance;d=200-885.html"/>
	<Message severity="INFO" prefix="[SCHED 204-61]" key="SCHED_PIPELINE_REPORT_FAILURE_1080" tag="SCHEDULE" content="Unable to satisfy pipeline directive for loop &apos;VITIS_LOOP_200_10_VITIS_LOOP_203_11&apos;: unable to pipeline." resolution=""/>
	<Message severity="INFO" prefix="[SCHED 204-11]" key="SCHED_SCHED_STATUS_596" tag="" content="Finished scheduling." resolution=""/>
	<Message severity="INFO" prefix="[HLS 200-111]" key="HLS_111_966" tag="RUNTIME" content="Finished Scheduling: CPU user time: 346 seconds. CPU system time: 1 seconds. Elapsed time: 348.002 seconds; current allocated memory: 1.257 GB." resolution=""/>
	<Message severity="INFO" prefix="[BIND 205-100]" key="BIND_100_926" tag="" content="Starting micro-architecture generation ..." resolution=""/>
	<Message severity="INFO" prefix="[BIND 205-101]" key="BIND_101_698" tag="" content="Performing variable lifetime analysis." resolution=""/>
	<Message severity="INFO" prefix="[BIND 205-101]" key="BIND_101_697" tag="" content="Exploring resource sharing." resolution=""/>
	<Message severity="INFO" prefix="[BIND 205-101]" key="BIND_101_693" tag="" content="Binding ..." resolution=""/>
	<Message severity="INFO" prefix="[BIND 205-100]" key="BIND_100_925" tag="" content="Finished micro-architecture generation." resolution=""/>
	<Message severity="INFO" prefix="[HLS 200-111]" key="HLS_111_966" tag="RUNTIME" content="Finished Binding: CPU user time: 129 seconds. CPU system time: 1 seconds. Elapsed time: 135.776 seconds; current allocated memory: 1.257 GB." resolution=""/>
	<Message severity="INFO" prefix="[HLS 200-10]" key="HLS_10_1477" tag="" content="----------------------------------------------------------------" resolution=""/>
	<Message severity="INFO" prefix="[HLS 200-42]" key="HLS_42_1438" tag="" content="-- Implementing module &apos;matrix_mult_Pipeline_VITIS_LOOP_46_7_VITIS_LOOP_49_8&apos;" resolution=""/>
	<Message severity="INFO" prefix="[HLS 200-10]" key="HLS_10_1478" tag="" content="----------------------------------------------------------------" resolution=""/>
	<Message severity="INFO" prefix="[SCHED 204-11]" key="SCHED_SCHED_STATUS_597" tag="" content="Starting scheduling ..." resolution=""/>
	<Message severity="INFO" prefix="[SCHED 204-61]" key="SCHED_PIPELINING_STATUS_41" tag="" content="Pipelining loop &apos;VITIS_LOOP_46_7_VITIS_LOOP_49_8&apos;." resolution=""/>
	<Message severity="WARNING" prefix="[HLS 200-885]" key="HLS 200-885" tag="SCHEDULE,VITIS_KERNEL" content="The II Violation in module &apos;matrix_mult_Pipeline_VITIS_LOOP_46_7_VITIS_LOOP_49_8&apos; (loop &apos;VITIS_LOOP_46_7_VITIS_LOOP_49_8&apos;): Unable to schedule &apos;load&apos; operation (&apos;a_load&apos;, matrix_mult.cpp:46) on array &apos;a&apos; due to limited memory ports (II = 1). Please consider using a memory core with more ports or partitioning the array &apos;a&apos;." resolution="http://www.xilinx.com/cgi-bin/docs/rdoc?v=2021.2;t=hls+guidance;d=200-885.html"/>
	<Message severity="WARNING" prefix="[HLS 200-885]" key="HLS 200-885" tag="SCHEDULE,VITIS_KERNEL" content="The II Violation in module &apos;matrix_mult_Pipeline_VITIS_LOOP_46_7_VITIS_LOOP_49_8&apos; (loop &apos;VITIS_LOOP_46_7_VITIS_LOOP_49_8&apos;): Unable to schedule &apos;load&apos; operation (&apos;a_load_1&apos;, matrix_mult.cpp:46) on array &apos;a&apos; due to limited memory ports (II = 2). Please consider using a memory core with more ports or partitioning the array &apos;a&apos;." resolution="http://www.xilinx.com/cgi-bin/docs/rdoc?v=2021.2;t=hls+guidance;d=200-885.html"/>
	<Message severity="WARNING" prefix="[HLS 200-885]" key="HLS 200-885" tag="SCHEDULE,VITIS_KERNEL" content="The II Violation in module &apos;matrix_mult_Pipeline_VITIS_LOOP_46_7_VITIS_LOOP_49_8&apos; (loop &apos;VITIS_LOOP_46_7_VITIS_LOOP_49_8&apos;): Unable to schedule &apos;load&apos; operation (&apos;a_load_2&apos;, matrix_mult.cpp:46) on array &apos;a&apos; due to limited memory ports (II = 3). Please consider using a memory core with more ports or partitioning the array &apos;a&apos;." resolution="http://www.xilinx.com/cgi-bin/docs/rdoc?v=2021.2;t=hls+guidance;d=200-885.html"/>
	<Message severity="WARNING" prefix="[HLS 200-885]" key="HLS 200-885" tag="SCHEDULE,VITIS_KERNEL" content="The II Violation in module &apos;matrix_mult_Pipeline_VITIS_LOOP_46_7_VITIS_LOOP_49_8&apos; (loop &apos;VITIS_LOOP_46_7_VITIS_LOOP_49_8&apos;): Unable to schedule &apos;load&apos; operation (&apos;a_load_3&apos;, matrix_mult.cpp:46) on array &apos;a&apos; due to limited memory ports (II = 4). Please consider using a memory core with more ports or partitioning the array &apos;a&apos;." resolution="http://www.xilinx.com/cgi-bin/docs/rdoc?v=2021.2;t=hls+guidance;d=200-885.html"/>
	<Message severity="WARNING" prefix="[HLS 200-885]" key="HLS 200-885" tag="SCHEDULE,VITIS_KERNEL" content="The II Violation in module &apos;matrix_mult_Pipeline_VITIS_LOOP_46_7_VITIS_LOOP_49_8&apos; (loop &apos;VITIS_LOOP_46_7_VITIS_LOOP_49_8&apos;): Unable to schedule &apos;load&apos; operation (&apos;a_load_134&apos;, matrix_mult.cpp:46) on array &apos;a&apos; due to limited memory ports (II = 130). Please consider using a memory core with more ports or partitioning the array &apos;a&apos;." resolution="http://www.xilinx.com/cgi-bin/docs/rdoc?v=2021.2;t=hls+guidance;d=200-885.html"/>
	<Message severity="WARNING" prefix="[HLS 200-885]" key="HLS 200-885" tag="SCHEDULE,VITIS_KERNEL" content="The II Violation in module &apos;matrix_mult_Pipeline_VITIS_LOOP_46_7_VITIS_LOOP_49_8&apos; (loop &apos;VITIS_LOOP_46_7_VITIS_LOOP_49_8&apos;): Unable to schedule &apos;load&apos; operation (&apos;a_load_197&apos;, matrix_mult.cpp:46) on array &apos;a&apos; due to limited memory ports (II = 193). Please consider using a memory core with more ports or partitioning the array &apos;a&apos;." resolution="http://www.xilinx.com/cgi-bin/docs/rdoc?v=2021.2;t=hls+guidance;d=200-885.html"/>
	<Message severity="WARNING" prefix="[HLS 200-885]" key="HLS 200-885" tag="SCHEDULE,VITIS_KERNEL" content="The II Violation in module &apos;matrix_mult_Pipeline_VITIS_LOOP_46_7_VITIS_LOOP_49_8&apos; (loop &apos;VITIS_LOOP_46_7_VITIS_LOOP_49_8&apos;): Unable to schedule &apos;load&apos; operation (&apos;a_load_227&apos;, matrix_mult.cpp:46) on array &apos;a&apos; due to limited memory ports (II = 225). Please consider using a memory core with more ports or partitioning the array &apos;a&apos;." resolution="http://www.xilinx.com/cgi-bin/docs/rdoc?v=2021.2;t=hls+guidance;d=200-885.html"/>
	<Message severity="WARNING" prefix="[HLS 200-885]" key="HLS 200-885" tag="SCHEDULE,VITIS_KERNEL" content="The II Violation in module &apos;matrix_mult_Pipeline_VITIS_LOOP_46_7_VITIS_LOOP_49_8&apos; (loop &apos;VITIS_LOOP_46_7_VITIS_LOOP_49_8&apos;): Unable to schedule &apos;load&apos; operation (&apos;a_load_210&apos;, matrix_mult.cpp:46) on array &apos;a&apos; due to limited memory ports (II = 241). Please consider using a memory core with more ports or partitioning the array &apos;a&apos;." resolution="http://www.xilinx.com/cgi-bin/docs/rdoc?v=2021.2;t=hls+guidance;d=200-885.html"/>
	<Message severity="WARNING" prefix="[HLS 200-885]" key="HLS 200-885" tag="SCHEDULE,VITIS_KERNEL" content="The II Violation in module &apos;matrix_mult_Pipeline_VITIS_LOOP_46_7_VITIS_LOOP_49_8&apos; (loop &apos;VITIS_LOOP_46_7_VITIS_LOOP_49_8&apos;): Unable to schedule &apos;load&apos; operation (&apos;a_load_233&apos;, matrix_mult.cpp:46) on array &apos;a&apos; due to limited memory ports (II = 249). Please consider using a memory core with more ports or partitioning the array &apos;a&apos;." resolution="http://www.xilinx.com/cgi-bin/docs/rdoc?v=2021.2;t=hls+guidance;d=200-885.html"/>
	<Message severity="WARNING" prefix="[HLS 200-885]" key="HLS 200-885" tag="SCHEDULE,VITIS_KERNEL" content="The II Violation in module &apos;matrix_mult_Pipeline_VITIS_LOOP_46_7_VITIS_LOOP_49_8&apos; (loop &apos;VITIS_LOOP_46_7_VITIS_LOOP_49_8&apos;): Unable to schedule &apos;load&apos; operation (&apos;a_load_242&apos;, matrix_mult.cpp:46) on array &apos;a&apos; due to limited memory ports (II = 253). Please consider using a memory core with more ports or partitioning the array &apos;a&apos;." resolution="http://www.xilinx.com/cgi-bin/docs/rdoc?v=2021.2;t=hls+guidance;d=200-885.html"/>
	<Message severity="WARNING" prefix="[HLS 200-885]" key="HLS 200-885" tag="SCHEDULE,VITIS_KERNEL" content="The II Violation in module &apos;matrix_mult_Pipeline_VITIS_LOOP_46_7_VITIS_LOOP_49_8&apos; (loop &apos;VITIS_LOOP_46_7_VITIS_LOOP_49_8&apos;): Unable to schedule &apos;load&apos; operation (&apos;a_load_249&apos;, matrix_mult.cpp:46) on array &apos;a&apos; due to limited memory ports (II = 255). Please consider using a memory core with more ports or partitioning the array &apos;a&apos;." resolution="http://www.xilinx.com/cgi-bin/docs/rdoc?v=2021.2;t=hls+guidance;d=200-885.html"/>
	<Message severity="WARNING" prefix="[HLS 200-885]" key="HLS 200-885" tag="SCHEDULE,VITIS_KERNEL" content="The II Violation in module &apos;matrix_mult_Pipeline_VITIS_LOOP_46_7_VITIS_LOOP_49_8&apos; (loop &apos;VITIS_LOOP_46_7_VITIS_LOOP_49_8&apos;): Unable to schedule &apos;load&apos; operation (&apos;a_load_250&apos;, matrix_mult.cpp:46) on array &apos;a&apos; due to limited memory ports (II = 256). Please consider using a memory core with more ports or partitioning the array &apos;a&apos;." resolution="http://www.xilinx.com/cgi-bin/docs/rdoc?v=2021.2;t=hls+guidance;d=200-885.html"/>
	<Message severity="INFO" prefix="[SCHED 204-61]" key="SCHED_PIPELINE_REPORT_FAILURE_1080" tag="SCHEDULE" content="Unable to satisfy pipeline directive for loop &apos;VITIS_LOOP_46_7_VITIS_LOOP_49_8&apos;: unable to pipeline." resolution=""/>
	<Message severity="INFO" prefix="[SCHED 204-11]" key="SCHED_SCHED_STATUS_596" tag="" content="Finished scheduling." resolution=""/>
	<Message severity="INFO" prefix="[HLS 200-111]" key="HLS_111_966" tag="RUNTIME" content="Finished Scheduling: CPU user time: 681 seconds. CPU system time: 5 seconds. Elapsed time: 696.123 seconds; current allocated memory: 1.257 GB." resolution=""/>
	<Message severity="INFO" prefix="[BIND 205-100]" key="BIND_100_926" tag="" content="Starting micro-architecture generation ..." resolution=""/>
	<Message severity="INFO" prefix="[BIND 205-101]" key="BIND_101_698" tag="" content="Performing variable lifetime analysis." resolution=""/>
	<Message severity="INFO" prefix="[BIND 205-101]" key="BIND_101_697" tag="" content="Exploring resource sharing." resolution=""/>
	<Message severity="INFO" prefix="[BIND 205-101]" key="BIND_101_693" tag="" content="Binding ..." resolution=""/>
</Messages>
