{"sourceFile": [{
      "name": "",
      "directive": [
        {
          "functionName": "matrix_mult",
          "label": "",
          "functionLabel": "",
          "pragma": {
            "name": "TOP",
            "option": [{
                "name": "name",
                "value": "matrix_mult"
              }]
          }
        },
        {
          "functionName": "matrix_mult",
          "label": "",
          "functionLabel": "",
          "pragma": {
            "name": "INTERFACE",
            "option": [
              {
                "name": "s_axilite",
                "value": ""
              },
              {
                "name": "port",
                "value": "return"
              }
            ]
          }
        },
        {
          "functionName": "matrix_mult",
          "label": "",
          "functionLabel": "",
          "pragma": {
            "name": "INTERFACE",
            "option": [
              {
                "name": "s_axilite",
                "value": ""
              },
              {
                "name": "port",
                "value": "b"
              }
            ]
          }
        },
        {
          "functionName": "matrix_mult",
          "label": "",
          "functionLabel": "",
          "pragma": {
            "name": "INTERFACE",
            "option": [
              {
                "name": "s_axilite",
                "value": ""
              },
              {
                "name": "port",
                "value": "prod"
              }
            ]
          }
        },
        {
          "functionName": "matrix_mult",
          "label": "",
          "functionLabel": "",
          "pragma": {
            "name": "INTERFACE",
            "option": [
              {
                "name": "s_axilite",
                "value": ""
              },
              {
                "name": "port",
                "value": "a"
              }
            ]
          }
        },
        {
          "functionName": "matrix_mult",
          "label": "",
          "functionLabel": "",
          "pragma": {
            "name": "INTERFACE",
            "option": [
              {
                "name": "s_axilite",
                "value": ""
              },
              {
                "name": "port",
                "value": "a_row_b_col"
              }
            ]
          }
        },
        {
          "functionName": "matrix_mult",
          "label": "",
          "functionLabel": "",
          "pragma": {
            "name": "INTERFACE",
            "option": [
              {
                "name": "s_axilite",
                "value": ""
              },
              {
                "name": "port",
                "value": "result1"
              }
            ]
          }
        },
        {
          "functionName": "matrix_mult",
          "label": "",
          "functionLabel": "",
          "pragma": {
            "name": "TOP",
            "option": [{
                "name": "name",
                "value": "matrix_mult"
              }]
          }
        }
      ]
    }]}
