<VitisHLS:BurstInfo>
    <burst group="BURST_VERBOSE_MISSED" fe_name="AccessInCondBranchMissed" src_info="matrix_mult.cpp:117:24" msg_id="214-232" msg_severity="INFO" msg_body="Access load is in the conditional branch" resolution="214-232" ID="bb19.load.1" VarName="a" LoopLoc="matrix_mult.cpp:117:24" LoopName="VITIS_LOOP_117_9" ParentFunc="matrix_mult(int (*) [256], int (*) [256], int (*) [256], int)"/>
    <burst group="BURST_VERBOSE_MISSED" fe_name="AccessInCondBranchMissed" src_info="matrix_mult.cpp:117:24" msg_id="214-232" msg_severity="INFO" msg_body="Access load is in the conditional branch" resolution="214-232" ID="bb19.load.3" VarName="b" LoopLoc="matrix_mult.cpp:117:24" LoopName="VITIS_LOOP_117_9" ParentFunc="matrix_mult(int (*) [256], int (*) [256], int (*) [256], int)"/>
    <burst group="BURST_VERBOSE_MISSED" fe_name="AccessInCondBranchMissed" src_info="matrix_mult.cpp:117:24" msg_id="214-232" msg_severity="INFO" msg_body="Access load is in the conditional branch" resolution="214-232" ID="bb19.load.6" VarName="a" LoopLoc="matrix_mult.cpp:117:24" LoopName="VITIS_LOOP_117_9" ParentFunc="matrix_mult(int (*) [256], int (*) [256], int (*) [256], int)"/>
    <burst group="BURST_VERBOSE_MISSED" fe_name="AccessInCondBranchMissed" src_info="matrix_mult.cpp:117:24" msg_id="214-232" msg_severity="INFO" msg_body="Access load is in the conditional branch" resolution="214-232" ID="bb19.load.8" VarName="b" LoopLoc="matrix_mult.cpp:117:24" LoopName="VITIS_LOOP_117_9" ParentFunc="matrix_mult(int (*) [256], int (*) [256], int (*) [256], int)"/>
    <burst group="BURST_VERBOSE_MISSED" fe_name="AccessInCondBranchMissed" src_info="matrix_mult.cpp:117:24" msg_id="214-232" msg_severity="INFO" msg_body="Access load is in the conditional branch" resolution="214-232" ID="bb19.load.12" VarName="a" LoopLoc="matrix_mult.cpp:117:24" LoopName="VITIS_LOOP_117_9" ParentFunc="matrix_mult(int (*) [256], int (*) [256], int (*) [256], int)"/>
    <burst group="BURST_VERBOSE_MISSED" fe_name="AccessInCondBranchMissed" src_info="matrix_mult.cpp:117:24" msg_id="214-232" msg_severity="INFO" msg_body="Access load is in the conditional branch" resolution="214-232" ID="bb19.load.14" VarName="b" LoopLoc="matrix_mult.cpp:117:24" LoopName="VITIS_LOOP_117_9" ParentFunc="matrix_mult(int (*) [256], int (*) [256], int (*) [256], int)"/>
    <burst group="BURST_VERBOSE_MISSED" fe_name="AccessInCondBranchMissed" src_info="matrix_mult.cpp:117:24" msg_id="214-232" msg_severity="INFO" msg_body="Access load is in the conditional branch" resolution="214-232" ID="bb19.load.18" VarName="a" LoopLoc="matrix_mult.cpp:117:24" LoopName="VITIS_LOOP_117_9" ParentFunc="matrix_mult(int (*) [256], int (*) [256], int (*) [256], int)"/>
    <burst group="BURST_VERBOSE_MISSED" fe_name="AccessInCondBranchMissed" src_info="matrix_mult.cpp:117:24" msg_id="214-232" msg_severity="INFO" msg_body="Access load is in the conditional branch" resolution="214-232" ID="bb19.load.20" VarName="b" LoopLoc="matrix_mult.cpp:117:24" LoopName="VITIS_LOOP_117_9" ParentFunc="matrix_mult(int (*) [256], int (*) [256], int (*) [256], int)"/>
    <burst group="BURST_VERBOSE_MISSED" fe_name="AccessInCondBranchMissed" src_info="matrix_mult.cpp:117:24" msg_id="214-232" msg_severity="INFO" msg_body="Access load is in the conditional branch" resolution="214-232" ID="bb19.load.24" VarName="a" LoopLoc="matrix_mult.cpp:117:24" LoopName="VITIS_LOOP_117_9" ParentFunc="matrix_mult(int (*) [256], int (*) [256], int (*) [256], int)"/>
    <burst group="BURST_VERBOSE_MISSED" fe_name="AccessInCondBranchMissed" src_info="matrix_mult.cpp:117:24" msg_id="214-232" msg_severity="INFO" msg_body="Access load is in the conditional branch" resolution="214-232" ID="bb19.load.26" VarName="b" LoopLoc="matrix_mult.cpp:117:24" LoopName="VITIS_LOOP_117_9" ParentFunc="matrix_mult(int (*) [256], int (*) [256], int (*) [256], int)"/>
    <burst group="BURST_VERBOSE_MISSED" fe_name="AccessInCondBranchMissed" src_info="matrix_mult.cpp:117:24" msg_id="214-232" msg_severity="INFO" msg_body="Access load is in the conditional branch" resolution="214-232" ID="bb19.load.30" VarName="a" LoopLoc="matrix_mult.cpp:117:24" LoopName="VITIS_LOOP_117_9" ParentFunc="matrix_mult(int (*) [256], int (*) [256], int (*) [256], int)"/>
    <burst group="BURST_VERBOSE_MISSED" fe_name="AccessInCondBranchMissed" src_info="matrix_mult.cpp:117:24" msg_id="214-232" msg_severity="INFO" msg_body="Access load is in the conditional branch" resolution="214-232" ID="bb19.load.32" VarName="b" LoopLoc="matrix_mult.cpp:117:24" LoopName="VITIS_LOOP_117_9" ParentFunc="matrix_mult(int (*) [256], int (*) [256], int (*) [256], int)"/>
    <burst group="BURST_VERBOSE_MISSED" fe_name="AccessInCondBranchMissed" src_info="matrix_mult.cpp:117:24" msg_id="214-232" msg_severity="INFO" msg_body="Access load is in the conditional branch" resolution="214-232" ID="bb19.load.36" VarName="a" LoopLoc="matrix_mult.cpp:117:24" LoopName="VITIS_LOOP_117_9" ParentFunc="matrix_mult(int (*) [256], int (*) [256], int (*) [256], int)"/>
    <burst group="BURST_VERBOSE_MISSED" fe_name="AccessInCondBranchMissed" src_info="matrix_mult.cpp:117:24" msg_id="214-232" msg_severity="INFO" msg_body="Access load is in the conditional branch" resolution="214-232" ID="bb19.load.38" VarName="b" LoopLoc="matrix_mult.cpp:117:24" LoopName="VITIS_LOOP_117_9" ParentFunc="matrix_mult(int (*) [256], int (*) [256], int (*) [256], int)"/>
    <burst group="BURST_VERBOSE_MISSED" fe_name="AccessInCondBranchMissed" src_info="matrix_mult.cpp:117:24" msg_id="214-232" msg_severity="INFO" msg_body="Access load is in the conditional branch" resolution="214-232" ID="bb19.load.42" VarName="a" LoopLoc="matrix_mult.cpp:117:24" LoopName="VITIS_LOOP_117_9" ParentFunc="matrix_mult(int (*) [256], int (*) [256], int (*) [256], int)"/>
    <burst group="BURST_VERBOSE_MISSED" fe_name="AccessInCondBranchMissed" src_info="matrix_mult.cpp:117:24" msg_id="214-232" msg_severity="INFO" msg_body="Access load is in the conditional branch" resolution="214-232" ID="bb19.load.44" VarName="b" LoopLoc="matrix_mult.cpp:117:24" LoopName="VITIS_LOOP_117_9" ParentFunc="matrix_mult(int (*) [256], int (*) [256], int (*) [256], int)"/>
    <burst group="BURST_VERBOSE_MISSED" fe_name="AccessInCondBranchMissed" src_info="matrix_mult.cpp:117:24" msg_id="214-232" msg_severity="INFO" msg_body="Access load is in the conditional branch" resolution="214-232" ID="bb19.load.50" VarName="b" LoopLoc="matrix_mult.cpp:117:24" LoopName="VITIS_LOOP_117_9" ParentFunc="matrix_mult(int (*) [256], int (*) [256], int (*) [256], int)"/>
    <burst group="BURST_VERBOSE_MISSED" fe_name="AccessInCondBranchMissed" src_info="matrix_mult.cpp:117:24" msg_id="214-232" msg_severity="INFO" msg_body="Access load is in the conditional branch" resolution="214-232" ID="bb19.load.53" VarName="b" LoopLoc="matrix_mult.cpp:117:24" LoopName="VITIS_LOOP_117_9" ParentFunc="matrix_mult(int (*) [256], int (*) [256], int (*) [256], int)"/>
    <burst group="BURST_VERBOSE_MISSED" fe_name="AccessInCondBranchMissed" src_info="matrix_mult.cpp:117:24" msg_id="214-232" msg_severity="INFO" msg_body="Access load is in the conditional branch" resolution="214-232" ID="bb19.load.57" VarName="b" LoopLoc="matrix_mult.cpp:117:24" LoopName="VITIS_LOOP_117_9" ParentFunc="matrix_mult(int (*) [256], int (*) [256], int (*) [256], int)"/>
    <burst group="BURST_VERBOSE_MISSED" fe_name="AccessInCondBranchMissed" src_info="matrix_mult.cpp:117:24" msg_id="214-232" msg_severity="INFO" msg_body="Access load is in the conditional branch" resolution="214-232" ID="bb19.load.61" VarName="b" LoopLoc="matrix_mult.cpp:117:24" LoopName="VITIS_LOOP_117_9" ParentFunc="matrix_mult(int (*) [256], int (*) [256], int (*) [256], int)"/>
    <burst group="BURST_VERBOSE_MISSED" fe_name="AccessInCondBranchMissed" src_info="matrix_mult.cpp:117:24" msg_id="214-232" msg_severity="INFO" msg_body="Access load is in the conditional branch" resolution="214-232" ID="bb19.load.65" VarName="b" LoopLoc="matrix_mult.cpp:117:24" LoopName="VITIS_LOOP_117_9" ParentFunc="matrix_mult(int (*) [256], int (*) [256], int (*) [256], int)"/>
    <burst group="BURST_VERBOSE_MISSED" fe_name="AccessInCondBranchMissed" src_info="matrix_mult.cpp:117:24" msg_id="214-232" msg_severity="INFO" msg_body="Access load is in the conditional branch" resolution="214-232" ID="bb19.load.69" VarName="b" LoopLoc="matrix_mult.cpp:117:24" LoopName="VITIS_LOOP_117_9" ParentFunc="matrix_mult(int (*) [256], int (*) [256], int (*) [256], int)"/>
    <burst group="BURST_VERBOSE_MISSED" fe_name="AccessInCondBranchMissed" src_info="matrix_mult.cpp:117:24" msg_id="214-232" msg_severity="INFO" msg_body="Access load is in the conditional branch" resolution="214-232" ID="bb19.load.73" VarName="b" LoopLoc="matrix_mult.cpp:117:24" LoopName="VITIS_LOOP_117_9" ParentFunc="matrix_mult(int (*) [256], int (*) [256], int (*) [256], int)"/>
    <burst group="BURST_VERBOSE_MISSED" fe_name="AccessInCondBranchMissed" src_info="matrix_mult.cpp:117:24" msg_id="214-232" msg_severity="INFO" msg_body="Access load is in the conditional branch" resolution="214-232" ID="bb19.load.77" VarName="b" LoopLoc="matrix_mult.cpp:117:24" LoopName="VITIS_LOOP_117_9" ParentFunc="matrix_mult(int (*) [256], int (*) [256], int (*) [256], int)"/>
    <burst group="BURST_VERBOSE_MISSED" fe_name="AccessInCondBranchMissed" src_info="matrix_mult.cpp:117:24" msg_id="214-232" msg_severity="INFO" msg_body="Access load is in the conditional branch" resolution="214-232" ID="bb19.load.83" VarName="b" LoopLoc="matrix_mult.cpp:117:24" LoopName="VITIS_LOOP_117_9" ParentFunc="matrix_mult(int (*) [256], int (*) [256], int (*) [256], int)"/>
    <burst group="BURST_VERBOSE_MISSED" fe_name="AccessInCondBranchMissed" src_info="matrix_mult.cpp:117:24" msg_id="214-232" msg_severity="INFO" msg_body="Access load is in the conditional branch" resolution="214-232" ID="bb19.load.86" VarName="b" LoopLoc="matrix_mult.cpp:117:24" LoopName="VITIS_LOOP_117_9" ParentFunc="matrix_mult(int (*) [256], int (*) [256], int (*) [256], int)"/>
    <burst group="BURST_VERBOSE_MISSED" fe_name="AccessInCondBranchMissed" src_info="matrix_mult.cpp:117:24" msg_id="214-232" msg_severity="INFO" msg_body="Access load is in the conditional branch" resolution="214-232" ID="bb19.load.90" VarName="b" LoopLoc="matrix_mult.cpp:117:24" LoopName="VITIS_LOOP_117_9" ParentFunc="matrix_mult(int (*) [256], int (*) [256], int (*) [256], int)"/>
    <burst group="BURST_VERBOSE_MISSED" fe_name="AccessInCondBranchMissed" src_info="matrix_mult.cpp:117:24" msg_id="214-232" msg_severity="INFO" msg_body="Access load is in the conditional branch" resolution="214-232" ID="bb19.load.94" VarName="b" LoopLoc="matrix_mult.cpp:117:24" LoopName="VITIS_LOOP_117_9" ParentFunc="matrix_mult(int (*) [256], int (*) [256], int (*) [256], int)"/>
    <burst group="BURST_VERBOSE_MISSED" fe_name="AccessInCondBranchMissed" src_info="matrix_mult.cpp:117:24" msg_id="214-232" msg_severity="INFO" msg_body="Access load is in the conditional branch" resolution="214-232" ID="bb19.load.98" VarName="b" LoopLoc="matrix_mult.cpp:117:24" LoopName="VITIS_LOOP_117_9" ParentFunc="matrix_mult(int (*) [256], int (*) [256], int (*) [256], int)"/>
    <burst group="BURST_VERBOSE_MISSED" fe_name="AccessInCondBranchMissed" src_info="matrix_mult.cpp:117:24" msg_id="214-232" msg_severity="INFO" msg_body="Access load is in the conditional branch" resolution="214-232" ID="bb19.load.102" VarName="b" LoopLoc="matrix_mult.cpp:117:24" LoopName="VITIS_LOOP_117_9" ParentFunc="matrix_mult(int (*) [256], int (*) [256], int (*) [256], int)"/>
    <burst group="BURST_VERBOSE_MISSED" fe_name="AccessInCondBranchMissed" src_info="matrix_mult.cpp:117:24" msg_id="214-232" msg_severity="INFO" msg_body="Access load is in the conditional branch" resolution="214-232" ID="bb19.load.106" VarName="b" LoopLoc="matrix_mult.cpp:117:24" LoopName="VITIS_LOOP_117_9" ParentFunc="matrix_mult(int (*) [256], int (*) [256], int (*) [256], int)"/>
    <burst group="BURST_VERBOSE_MISSED" fe_name="AccessInCondBranchMissed" src_info="matrix_mult.cpp:117:24" msg_id="214-232" msg_severity="INFO" msg_body="Access load is in the conditional branch" resolution="214-232" ID="bb19.load.110" VarName="b" LoopLoc="matrix_mult.cpp:117:24" LoopName="VITIS_LOOP_117_9" ParentFunc="matrix_mult(int (*) [256], int (*) [256], int (*) [256], int)"/>
    <burst group="BURST_VERBOSE_MISSED" fe_name="AccessInCondBranchMissed" src_info="matrix_mult.cpp:117:24" msg_id="214-232" msg_severity="INFO" msg_body="Access load is in the conditional branch" resolution="214-232" ID="bb19.load.116" VarName="b" LoopLoc="matrix_mult.cpp:117:24" LoopName="VITIS_LOOP_117_9" ParentFunc="matrix_mult(int (*) [256], int (*) [256], int (*) [256], int)"/>
    <burst group="BURST_VERBOSE_MISSED" fe_name="AccessInCondBranchMissed" src_info="matrix_mult.cpp:117:24" msg_id="214-232" msg_severity="INFO" msg_body="Access load is in the conditional branch" resolution="214-232" ID="bb19.load.119" VarName="b" LoopLoc="matrix_mult.cpp:117:24" LoopName="VITIS_LOOP_117_9" ParentFunc="matrix_mult(int (*) [256], int (*) [256], int (*) [256], int)"/>
    <burst group="BURST_VERBOSE_MISSED" fe_name="AccessInCondBranchMissed" src_info="matrix_mult.cpp:117:24" msg_id="214-232" msg_severity="INFO" msg_body="Access load is in the conditional branch" resolution="214-232" ID="bb19.load.123" VarName="b" LoopLoc="matrix_mult.cpp:117:24" LoopName="VITIS_LOOP_117_9" ParentFunc="matrix_mult(int (*) [256], int (*) [256], int (*) [256], int)"/>
    <burst group="BURST_VERBOSE_MISSED" fe_name="AccessInCondBranchMissed" src_info="matrix_mult.cpp:117:24" msg_id="214-232" msg_severity="INFO" msg_body="Access load is in the conditional branch" resolution="214-232" ID="bb19.load.127" VarName="b" LoopLoc="matrix_mult.cpp:117:24" LoopName="VITIS_LOOP_117_9" ParentFunc="matrix_mult(int (*) [256], int (*) [256], int (*) [256], int)"/>
    <burst group="BURST_VERBOSE_MISSED" fe_name="AccessInCondBranchMissed" src_info="matrix_mult.cpp:117:24" msg_id="214-232" msg_severity="INFO" msg_body="Access load is in the conditional branch" resolution="214-232" ID="bb19.load.131" VarName="b" LoopLoc="matrix_mult.cpp:117:24" LoopName="VITIS_LOOP_117_9" ParentFunc="matrix_mult(int (*) [256], int (*) [256], int (*) [256], int)"/>
    <burst group="BURST_VERBOSE_MISSED" fe_name="AccessInCondBranchMissed" src_info="matrix_mult.cpp:117:24" msg_id="214-232" msg_severity="INFO" msg_body="Access load is in the conditional branch" resolution="214-232" ID="bb19.load.135" VarName="b" LoopLoc="matrix_mult.cpp:117:24" LoopName="VITIS_LOOP_117_9" ParentFunc="matrix_mult(int (*) [256], int (*) [256], int (*) [256], int)"/>
    <burst group="BURST_VERBOSE_MISSED" fe_name="AccessInCondBranchMissed" src_info="matrix_mult.cpp:117:24" msg_id="214-232" msg_severity="INFO" msg_body="Access load is in the conditional branch" resolution="214-232" ID="bb19.load.139" VarName="b" LoopLoc="matrix_mult.cpp:117:24" LoopName="VITIS_LOOP_117_9" ParentFunc="matrix_mult(int (*) [256], int (*) [256], int (*) [256], int)"/>
    <burst group="BURST_VERBOSE_MISSED" fe_name="AccessInCondBranchMissed" src_info="matrix_mult.cpp:117:24" msg_id="214-232" msg_severity="INFO" msg_body="Access load is in the conditional branch" resolution="214-232" ID="bb19.load.143" VarName="b" LoopLoc="matrix_mult.cpp:117:24" LoopName="VITIS_LOOP_117_9" ParentFunc="matrix_mult(int (*) [256], int (*) [256], int (*) [256], int)"/>
    <burst group="BURST_VERBOSE_MISSED" fe_name="AccessInCondBranchMissed" src_info="matrix_mult.cpp:117:24" msg_id="214-232" msg_severity="INFO" msg_body="Access load is in the conditional branch" resolution="214-232" ID="bb19.load.149" VarName="b" LoopLoc="matrix_mult.cpp:117:24" LoopName="VITIS_LOOP_117_9" ParentFunc="matrix_mult(int (*) [256], int (*) [256], int (*) [256], int)"/>
    <burst group="BURST_VERBOSE_MISSED" fe_name="AccessInCondBranchMissed" src_info="matrix_mult.cpp:117:24" msg_id="214-232" msg_severity="INFO" msg_body="Access load is in the conditional branch" resolution="214-232" ID="bb19.load.152" VarName="b" LoopLoc="matrix_mult.cpp:117:24" LoopName="VITIS_LOOP_117_9" ParentFunc="matrix_mult(int (*) [256], int (*) [256], int (*) [256], int)"/>
    <burst group="BURST_VERBOSE_MISSED" fe_name="AccessInCondBranchMissed" src_info="matrix_mult.cpp:117:24" msg_id="214-232" msg_severity="INFO" msg_body="Access load is in the conditional branch" resolution="214-232" ID="bb19.load.156" VarName="b" LoopLoc="matrix_mult.cpp:117:24" LoopName="VITIS_LOOP_117_9" ParentFunc="matrix_mult(int (*) [256], int (*) [256], int (*) [256], int)"/>
    <burst group="BURST_VERBOSE_MISSED" fe_name="AccessInCondBranchMissed" src_info="matrix_mult.cpp:117:24" msg_id="214-232" msg_severity="INFO" msg_body="Access load is in the conditional branch" resolution="214-232" ID="bb19.load.160" VarName="b" LoopLoc="matrix_mult.cpp:117:24" LoopName="VITIS_LOOP_117_9" ParentFunc="matrix_mult(int (*) [256], int (*) [256], int (*) [256], int)"/>
    <burst group="BURST_VERBOSE_MISSED" fe_name="AccessInCondBranchMissed" src_info="matrix_mult.cpp:117:24" msg_id="214-232" msg_severity="INFO" msg_body="Access load is in the conditional branch" resolution="214-232" ID="bb19.load.164" VarName="b" LoopLoc="matrix_mult.cpp:117:24" LoopName="VITIS_LOOP_117_9" ParentFunc="matrix_mult(int (*) [256], int (*) [256], int (*) [256], int)"/>
    <burst group="BURST_VERBOSE_MISSED" fe_name="AccessInCondBranchMissed" src_info="matrix_mult.cpp:117:24" msg_id="214-232" msg_severity="INFO" msg_body="Access load is in the conditional branch" resolution="214-232" ID="bb19.load.168" VarName="b" LoopLoc="matrix_mult.cpp:117:24" LoopName="VITIS_LOOP_117_9" ParentFunc="matrix_mult(int (*) [256], int (*) [256], int (*) [256], int)"/>
    <burst group="BURST_VERBOSE_MISSED" fe_name="AccessInCondBranchMissed" src_info="matrix_mult.cpp:117:24" msg_id="214-232" msg_severity="INFO" msg_body="Access load is in the conditional branch" resolution="214-232" ID="bb19.load.172" VarName="b" LoopLoc="matrix_mult.cpp:117:24" LoopName="VITIS_LOOP_117_9" ParentFunc="matrix_mult(int (*) [256], int (*) [256], int (*) [256], int)"/>
    <burst group="BURST_VERBOSE_MISSED" fe_name="AccessInCondBranchMissed" src_info="matrix_mult.cpp:117:24" msg_id="214-232" msg_severity="INFO" msg_body="Access load is in the conditional branch" resolution="214-232" ID="bb19.load.176" VarName="b" LoopLoc="matrix_mult.cpp:117:24" LoopName="VITIS_LOOP_117_9" ParentFunc="matrix_mult(int (*) [256], int (*) [256], int (*) [256], int)"/>
    <burst group="BURST_VERBOSE_MISSED" fe_name="AccessInCondBranchMissed" src_info="matrix_mult.cpp:117:24" msg_id="214-232" msg_severity="INFO" msg_body="Access load is in the conditional branch" resolution="214-232" ID="bb19.load.182" VarName="b" LoopLoc="matrix_mult.cpp:117:24" LoopName="VITIS_LOOP_117_9" ParentFunc="matrix_mult(int (*) [256], int (*) [256], int (*) [256], int)"/>
    <burst group="BURST_VERBOSE_MISSED" fe_name="AccessInCondBranchMissed" src_info="matrix_mult.cpp:117:24" msg_id="214-232" msg_severity="INFO" msg_body="Access load is in the conditional branch" resolution="214-232" ID="bb19.load.185" VarName="b" LoopLoc="matrix_mult.cpp:117:24" LoopName="VITIS_LOOP_117_9" ParentFunc="matrix_mult(int (*) [256], int (*) [256], int (*) [256], int)"/>
    <burst group="BURST_VERBOSE_MISSED" fe_name="AccessInCondBranchMissed" src_info="matrix_mult.cpp:117:24" msg_id="214-232" msg_severity="INFO" msg_body="Access load is in the conditional branch" resolution="214-232" ID="bb19.load.189" VarName="b" LoopLoc="matrix_mult.cpp:117:24" LoopName="VITIS_LOOP_117_9" ParentFunc="matrix_mult(int (*) [256], int (*) [256], int (*) [256], int)"/>
    <burst group="BURST_VERBOSE_MISSED" fe_name="AccessInCondBranchMissed" src_info="matrix_mult.cpp:117:24" msg_id="214-232" msg_severity="INFO" msg_body="Access load is in the conditional branch" resolution="214-232" ID="bb19.load.193" VarName="b" LoopLoc="matrix_mult.cpp:117:24" LoopName="VITIS_LOOP_117_9" ParentFunc="matrix_mult(int (*) [256], int (*) [256], int (*) [256], int)"/>
    <burst group="BURST_VERBOSE_MISSED" fe_name="AccessInCondBranchMissed" src_info="matrix_mult.cpp:117:24" msg_id="214-232" msg_severity="INFO" msg_body="Access load is in the conditional branch" resolution="214-232" ID="bb19.load.197" VarName="b" LoopLoc="matrix_mult.cpp:117:24" LoopName="VITIS_LOOP_117_9" ParentFunc="matrix_mult(int (*) [256], int (*) [256], int (*) [256], int)"/>
    <burst group="BURST_VERBOSE_MISSED" fe_name="AccessInCondBranchMissed" src_info="matrix_mult.cpp:117:24" msg_id="214-232" msg_severity="INFO" msg_body="Access load is in the conditional branch" resolution="214-232" ID="bb19.load.201" VarName="b" LoopLoc="matrix_mult.cpp:117:24" LoopName="VITIS_LOOP_117_9" ParentFunc="matrix_mult(int (*) [256], int (*) [256], int (*) [256], int)"/>
    <burst group="BURST_VERBOSE_MISSED" fe_name="AccessInCondBranchMissed" src_info="matrix_mult.cpp:117:24" msg_id="214-232" msg_severity="INFO" msg_body="Access load is in the conditional branch" resolution="214-232" ID="bb19.load.205" VarName="b" LoopLoc="matrix_mult.cpp:117:24" LoopName="VITIS_LOOP_117_9" ParentFunc="matrix_mult(int (*) [256], int (*) [256], int (*) [256], int)"/>
    <burst group="BURST_VERBOSE_MISSED" fe_name="AccessInCondBranchMissed" src_info="matrix_mult.cpp:117:24" msg_id="214-232" msg_severity="INFO" msg_body="Access load is in the conditional branch" resolution="214-232" ID="bb19.load.209" VarName="b" LoopLoc="matrix_mult.cpp:117:24" LoopName="VITIS_LOOP_117_9" ParentFunc="matrix_mult(int (*) [256], int (*) [256], int (*) [256], int)"/>
    <burst group="BURST_VERBOSE_MISSED" fe_name="AccessInCondBranchMissed" src_info="matrix_mult.cpp:117:24" msg_id="214-232" msg_severity="INFO" msg_body="Access load is in the conditional branch" resolution="214-232" ID="bb19.load.215" VarName="b" LoopLoc="matrix_mult.cpp:117:24" LoopName="VITIS_LOOP_117_9" ParentFunc="matrix_mult(int (*) [256], int (*) [256], int (*) [256], int)"/>
    <burst group="BURST_VERBOSE_MISSED" fe_name="AccessInCondBranchMissed" src_info="matrix_mult.cpp:117:24" msg_id="214-232" msg_severity="INFO" msg_body="Access load is in the conditional branch" resolution="214-232" ID="bb19.load.218" VarName="b" LoopLoc="matrix_mult.cpp:117:24" LoopName="VITIS_LOOP_117_9" ParentFunc="matrix_mult(int (*) [256], int (*) [256], int (*) [256], int)"/>
    <burst group="BURST_VERBOSE_MISSED" fe_name="AccessInCondBranchMissed" src_info="matrix_mult.cpp:117:24" msg_id="214-232" msg_severity="INFO" msg_body="Access load is in the conditional branch" resolution="214-232" ID="bb19.load.222" VarName="b" LoopLoc="matrix_mult.cpp:117:24" LoopName="VITIS_LOOP_117_9" ParentFunc="matrix_mult(int (*) [256], int (*) [256], int (*) [256], int)"/>
    <burst group="BURST_VERBOSE_MISSED" fe_name="AccessInCondBranchMissed" src_info="matrix_mult.cpp:117:24" msg_id="214-232" msg_severity="INFO" msg_body="Access load is in the conditional branch" resolution="214-232" ID="bb19.load.226" VarName="b" LoopLoc="matrix_mult.cpp:117:24" LoopName="VITIS_LOOP_117_9" ParentFunc="matrix_mult(int (*) [256], int (*) [256], int (*) [256], int)"/>
    <burst group="BURST_VERBOSE_MISSED" fe_name="AccessInCondBranchMissed" src_info="matrix_mult.cpp:117:24" msg_id="214-232" msg_severity="INFO" msg_body="Access load is in the conditional branch" resolution="214-232" ID="bb19.load.230" VarName="b" LoopLoc="matrix_mult.cpp:117:24" LoopName="VITIS_LOOP_117_9" ParentFunc="matrix_mult(int (*) [256], int (*) [256], int (*) [256], int)"/>
    <burst group="BURST_VERBOSE_MISSED" fe_name="AccessInCondBranchMissed" src_info="matrix_mult.cpp:117:24" msg_id="214-232" msg_severity="INFO" msg_body="Access load is in the conditional branch" resolution="214-232" ID="bb19.load.234" VarName="b" LoopLoc="matrix_mult.cpp:117:24" LoopName="VITIS_LOOP_117_9" ParentFunc="matrix_mult(int (*) [256], int (*) [256], int (*) [256], int)"/>
    <burst group="BURST_VERBOSE_MISSED" fe_name="AccessInCondBranchMissed" src_info="matrix_mult.cpp:117:24" msg_id="214-232" msg_severity="INFO" msg_body="Access load is in the conditional branch" resolution="214-232" ID="bb19.load.238" VarName="b" LoopLoc="matrix_mult.cpp:117:24" LoopName="VITIS_LOOP_117_9" ParentFunc="matrix_mult(int (*) [256], int (*) [256], int (*) [256], int)"/>
    <burst group="BURST_VERBOSE_MISSED" fe_name="AccessInCondBranchMissed" src_info="matrix_mult.cpp:117:24" msg_id="214-232" msg_severity="INFO" msg_body="Access load is in the conditional branch" resolution="214-232" ID="bb19.load.242" VarName="b" LoopLoc="matrix_mult.cpp:117:24" LoopName="VITIS_LOOP_117_9" ParentFunc="matrix_mult(int (*) [256], int (*) [256], int (*) [256], int)"/>
    <burst group="BURST_VERBOSE_MISSED" fe_name="AccessInCondBranchMissed" src_info="matrix_mult.cpp:117:24" msg_id="214-232" msg_severity="INFO" msg_body="Access load is in the conditional branch" resolution="214-232" ID="bb19.load.248" VarName="b" LoopLoc="matrix_mult.cpp:117:24" LoopName="VITIS_LOOP_117_9" ParentFunc="matrix_mult(int (*) [256], int (*) [256], int (*) [256], int)"/>
    <burst group="BURST_VERBOSE_MISSED" fe_name="AccessInCondBranchMissed" src_info="matrix_mult.cpp:117:24" msg_id="214-232" msg_severity="INFO" msg_body="Access load is in the conditional branch" resolution="214-232" ID="bb19.load.251" VarName="b" LoopLoc="matrix_mult.cpp:117:24" LoopName="VITIS_LOOP_117_9" ParentFunc="matrix_mult(int (*) [256], int (*) [256], int (*) [256], int)"/>
    <burst group="BURST_VERBOSE_MISSED" fe_name="AccessInCondBranchMissed" src_info="matrix_mult.cpp:117:24" msg_id="214-232" msg_severity="INFO" msg_body="Access load is in the conditional branch" resolution="214-232" ID="bb19.load.255" VarName="b" LoopLoc="matrix_mult.cpp:117:24" LoopName="VITIS_LOOP_117_9" ParentFunc="matrix_mult(int (*) [256], int (*) [256], int (*) [256], int)"/>
    <burst group="BURST_VERBOSE_MISSED" fe_name="AccessInCondBranchMissed" src_info="matrix_mult.cpp:117:24" msg_id="214-232" msg_severity="INFO" msg_body="Access load is in the conditional branch" resolution="214-232" ID="bb19.load.259" VarName="b" LoopLoc="matrix_mult.cpp:117:24" LoopName="VITIS_LOOP_117_9" ParentFunc="matrix_mult(int (*) [256], int (*) [256], int (*) [256], int)"/>
    <burst group="BURST_VERBOSE_MISSED" fe_name="AccessInCondBranchMissed" src_info="matrix_mult.cpp:117:24" msg_id="214-232" msg_severity="INFO" msg_body="Access load is in the conditional branch" resolution="214-232" ID="bb19.load.263" VarName="b" LoopLoc="matrix_mult.cpp:117:24" LoopName="VITIS_LOOP_117_9" ParentFunc="matrix_mult(int (*) [256], int (*) [256], int (*) [256], int)"/>
    <burst group="BURST_VERBOSE_MISSED" fe_name="AccessInCondBranchMissed" src_info="matrix_mult.cpp:117:24" msg_id="214-232" msg_severity="INFO" msg_body="Access load is in the conditional branch" resolution="214-232" ID="bb19.load.267" VarName="b" LoopLoc="matrix_mult.cpp:117:24" LoopName="VITIS_LOOP_117_9" ParentFunc="matrix_mult(int (*) [256], int (*) [256], int (*) [256], int)"/>
    <burst group="BURST_VERBOSE_MISSED" fe_name="AccessInCondBranchMissed" src_info="matrix_mult.cpp:117:24" msg_id="214-232" msg_severity="INFO" msg_body="Access load is in the conditional branch" resolution="214-232" ID="bb19.load.271" VarName="b" LoopLoc="matrix_mult.cpp:117:24" LoopName="VITIS_LOOP_117_9" ParentFunc="matrix_mult(int (*) [256], int (*) [256], int (*) [256], int)"/>
    <burst group="BURST_VERBOSE_MISSED" fe_name="AccessInCondBranchMissed" src_info="matrix_mult.cpp:117:24" msg_id="214-232" msg_severity="INFO" msg_body="Access load is in the conditional branch" resolution="214-232" ID="bb19.load.275" VarName="b" LoopLoc="matrix_mult.cpp:117:24" LoopName="VITIS_LOOP_117_9" ParentFunc="matrix_mult(int (*) [256], int (*) [256], int (*) [256], int)"/>
    <burst group="BURST_VERBOSE_MISSED" fe_name="AccessInCondBranchMissed" src_info="matrix_mult.cpp:117:24" msg_id="214-232" msg_severity="INFO" msg_body="Access load is in the conditional branch" resolution="214-232" ID="bb19.load.280" VarName="a" LoopLoc="matrix_mult.cpp:117:24" LoopName="VITIS_LOOP_117_9" ParentFunc="matrix_mult(int (*) [256], int (*) [256], int (*) [256], int)"/>
    <burst group="BURST_VERBOSE_MISSED" fe_name="AccessInCondBranchMissed" src_info="matrix_mult.cpp:117:24" msg_id="214-232" msg_severity="INFO" msg_body="Access load is in the conditional branch" resolution="214-232" ID="bb19.load.283" VarName="a" LoopLoc="matrix_mult.cpp:117:24" LoopName="VITIS_LOOP_117_9" ParentFunc="matrix_mult(int (*) [256], int (*) [256], int (*) [256], int)"/>
    <burst group="BURST_VERBOSE_MISSED" fe_name="AccessInCondBranchMissed" src_info="matrix_mult.cpp:117:24" msg_id="214-232" msg_severity="INFO" msg_body="Access load is in the conditional branch" resolution="214-232" ID="bb19.load.287" VarName="a" LoopLoc="matrix_mult.cpp:117:24" LoopName="VITIS_LOOP_117_9" ParentFunc="matrix_mult(int (*) [256], int (*) [256], int (*) [256], int)"/>
    <burst group="BURST_VERBOSE_MISSED" fe_name="AccessInCondBranchMissed" src_info="matrix_mult.cpp:117:24" msg_id="214-232" msg_severity="INFO" msg_body="Access load is in the conditional branch" resolution="214-232" ID="bb19.load.291" VarName="a" LoopLoc="matrix_mult.cpp:117:24" LoopName="VITIS_LOOP_117_9" ParentFunc="matrix_mult(int (*) [256], int (*) [256], int (*) [256], int)"/>
    <burst group="BURST_VERBOSE_MISSED" fe_name="AccessInCondBranchMissed" src_info="matrix_mult.cpp:117:24" msg_id="214-232" msg_severity="INFO" msg_body="Access load is in the conditional branch" resolution="214-232" ID="bb19.load.295" VarName="a" LoopLoc="matrix_mult.cpp:117:24" LoopName="VITIS_LOOP_117_9" ParentFunc="matrix_mult(int (*) [256], int (*) [256], int (*) [256], int)"/>
    <burst group="BURST_VERBOSE_MISSED" fe_name="AccessInCondBranchMissed" src_info="matrix_mult.cpp:117:24" msg_id="214-232" msg_severity="INFO" msg_body="Access load is in the conditional branch" resolution="214-232" ID="bb19.load.299" VarName="a" LoopLoc="matrix_mult.cpp:117:24" LoopName="VITIS_LOOP_117_9" ParentFunc="matrix_mult(int (*) [256], int (*) [256], int (*) [256], int)"/>
    <burst group="BURST_VERBOSE_MISSED" fe_name="AccessInCondBranchMissed" src_info="matrix_mult.cpp:117:24" msg_id="214-232" msg_severity="INFO" msg_body="Access load is in the conditional branch" resolution="214-232" ID="bb19.load.303" VarName="a" LoopLoc="matrix_mult.cpp:117:24" LoopName="VITIS_LOOP_117_9" ParentFunc="matrix_mult(int (*) [256], int (*) [256], int (*) [256], int)"/>
    <burst group="BURST_VERBOSE_MISSED" fe_name="AccessInCondBranchMissed" src_info="matrix_mult.cpp:117:24" msg_id="214-232" msg_severity="INFO" msg_body="Access load is in the conditional branch" resolution="214-232" ID="bb19.load.307" VarName="a" LoopLoc="matrix_mult.cpp:117:24" LoopName="VITIS_LOOP_117_9" ParentFunc="matrix_mult(int (*) [256], int (*) [256], int (*) [256], int)"/>
    <burst group="BURST_VERBOSE_MISSED" fe_name="AccessInCondBranchMissed" src_info="matrix_mult.cpp:117:24" msg_id="214-232" msg_severity="INFO" msg_body="Access load is in the conditional branch" resolution="214-232" ID="bb19.load.424" VarName="a" LoopLoc="matrix_mult.cpp:117:24" LoopName="VITIS_LOOP_117_9" ParentFunc="matrix_mult(int (*) [256], int (*) [256], int (*) [256], int)"/>
    <burst group="BURST_VERBOSE_MISSED" fe_name="AccessInCondBranchMissed" src_info="matrix_mult.cpp:117:24" msg_id="214-232" msg_severity="INFO" msg_body="Access load is in the conditional branch" resolution="214-232" ID="bb19.load.427" VarName="a" LoopLoc="matrix_mult.cpp:117:24" LoopName="VITIS_LOOP_117_9" ParentFunc="matrix_mult(int (*) [256], int (*) [256], int (*) [256], int)"/>
    <burst group="BURST_VERBOSE_MISSED" fe_name="AccessInCondBranchMissed" src_info="matrix_mult.cpp:117:24" msg_id="214-232" msg_severity="INFO" msg_body="Access load is in the conditional branch" resolution="214-232" ID="bb19.load.431" VarName="a" LoopLoc="matrix_mult.cpp:117:24" LoopName="VITIS_LOOP_117_9" ParentFunc="matrix_mult(int (*) [256], int (*) [256], int (*) [256], int)"/>
    <burst group="BURST_VERBOSE_MISSED" fe_name="AccessInCondBranchMissed" src_info="matrix_mult.cpp:117:24" msg_id="214-232" msg_severity="INFO" msg_body="Access load is in the conditional branch" resolution="214-232" ID="bb19.load.435" VarName="a" LoopLoc="matrix_mult.cpp:117:24" LoopName="VITIS_LOOP_117_9" ParentFunc="matrix_mult(int (*) [256], int (*) [256], int (*) [256], int)"/>
    <burst group="BURST_VERBOSE_MISSED" fe_name="AccessInCondBranchMissed" src_info="matrix_mult.cpp:117:24" msg_id="214-232" msg_severity="INFO" msg_body="Access load is in the conditional branch" resolution="214-232" ID="bb19.load.439" VarName="a" LoopLoc="matrix_mult.cpp:117:24" LoopName="VITIS_LOOP_117_9" ParentFunc="matrix_mult(int (*) [256], int (*) [256], int (*) [256], int)"/>
    <burst group="BURST_VERBOSE_MISSED" fe_name="AccessInCondBranchMissed" src_info="matrix_mult.cpp:117:24" msg_id="214-232" msg_severity="INFO" msg_body="Access load is in the conditional branch" resolution="214-232" ID="bb19.load.443" VarName="a" LoopLoc="matrix_mult.cpp:117:24" LoopName="VITIS_LOOP_117_9" ParentFunc="matrix_mult(int (*) [256], int (*) [256], int (*) [256], int)"/>
    <burst group="BURST_VERBOSE_MISSED" fe_name="AccessInCondBranchMissed" src_info="matrix_mult.cpp:117:24" msg_id="214-232" msg_severity="INFO" msg_body="Access load is in the conditional branch" resolution="214-232" ID="bb19.load.447" VarName="a" LoopLoc="matrix_mult.cpp:117:24" LoopName="VITIS_LOOP_117_9" ParentFunc="matrix_mult(int (*) [256], int (*) [256], int (*) [256], int)"/>
    <burst group="BURST_VERBOSE_MISSED" fe_name="AccessInCondBranchMissed" src_info="matrix_mult.cpp:117:24" msg_id="214-232" msg_severity="INFO" msg_body="Access load is in the conditional branch" resolution="214-232" ID="bb19.load.451" VarName="a" LoopLoc="matrix_mult.cpp:117:24" LoopName="VITIS_LOOP_117_9" ParentFunc="matrix_mult(int (*) [256], int (*) [256], int (*) [256], int)"/>
    <burst group="BURST_VERBOSE_MISSED" fe_name="AccessInCondBranchMissed" src_info="matrix_mult.cpp:117:24" msg_id="214-232" msg_severity="INFO" msg_body="Access load is in the conditional branch" resolution="214-232" ID="bb19.load.568" VarName="a" LoopLoc="matrix_mult.cpp:117:24" LoopName="VITIS_LOOP_117_9" ParentFunc="matrix_mult(int (*) [256], int (*) [256], int (*) [256], int)"/>
    <burst group="BURST_VERBOSE_MISSED" fe_name="AccessInCondBranchMissed" src_info="matrix_mult.cpp:117:24" msg_id="214-232" msg_severity="INFO" msg_body="Access load is in the conditional branch" resolution="214-232" ID="bb19.load.571" VarName="a" LoopLoc="matrix_mult.cpp:117:24" LoopName="VITIS_LOOP_117_9" ParentFunc="matrix_mult(int (*) [256], int (*) [256], int (*) [256], int)"/>
    <burst group="BURST_VERBOSE_MISSED" fe_name="AccessInCondBranchMissed" src_info="matrix_mult.cpp:117:24" msg_id="214-232" msg_severity="INFO" msg_body="Access load is in the conditional branch" resolution="214-232" ID="bb19.load.575" VarName="a" LoopLoc="matrix_mult.cpp:117:24" LoopName="VITIS_LOOP_117_9" ParentFunc="matrix_mult(int (*) [256], int (*) [256], int (*) [256], int)"/>
    <burst group="BURST_VERBOSE_MISSED" fe_name="AccessInCondBranchMissed" src_info="matrix_mult.cpp:117:24" msg_id="214-232" msg_severity="INFO" msg_body="Access load is in the conditional branch" resolution="214-232" ID="bb19.load.579" VarName="a" LoopLoc="matrix_mult.cpp:117:24" LoopName="VITIS_LOOP_117_9" ParentFunc="matrix_mult(int (*) [256], int (*) [256], int (*) [256], int)"/>
    <burst group="BURST_VERBOSE_MISSED" fe_name="AccessInCondBranchMissed" src_info="matrix_mult.cpp:117:24" msg_id="214-232" msg_severity="INFO" msg_body="Access load is in the conditional branch" resolution="214-232" ID="bb19.load.583" VarName="a" LoopLoc="matrix_mult.cpp:117:24" LoopName="VITIS_LOOP_117_9" ParentFunc="matrix_mult(int (*) [256], int (*) [256], int (*) [256], int)"/>
    <burst group="BURST_VERBOSE_MISSED" fe_name="AccessInCondBranchMissed" src_info="matrix_mult.cpp:117:24" msg_id="214-232" msg_severity="INFO" msg_body="Access load is in the conditional branch" resolution="214-232" ID="bb19.load.587" VarName="a" LoopLoc="matrix_mult.cpp:117:24" LoopName="VITIS_LOOP_117_9" ParentFunc="matrix_mult(int (*) [256], int (*) [256], int (*) [256], int)"/>
    <burst group="BURST_VERBOSE_MISSED" fe_name="AccessInCondBranchMissed" src_info="matrix_mult.cpp:117:24" msg_id="214-232" msg_severity="INFO" msg_body="Access load is in the conditional branch" resolution="214-232" ID="bb19.load.591" VarName="a" LoopLoc="matrix_mult.cpp:117:24" LoopName="VITIS_LOOP_117_9" ParentFunc="matrix_mult(int (*) [256], int (*) [256], int (*) [256], int)"/>
    <burst group="BURST_VERBOSE_MISSED" fe_name="AccessInCondBranchMissed" src_info="matrix_mult.cpp:117:24" msg_id="214-232" msg_severity="INFO" msg_body="Access load is in the conditional branch" resolution="214-232" ID="bb19.load.595" VarName="a" LoopLoc="matrix_mult.cpp:117:24" LoopName="VITIS_LOOP_117_9" ParentFunc="matrix_mult(int (*) [256], int (*) [256], int (*) [256], int)"/>
    <burst group="BURST_VERBOSE_MISSED" fe_name="AccessInCondBranchMissed" src_info="matrix_mult.cpp:117:24" msg_id="214-232" msg_severity="INFO" msg_body="Access load is in the conditional branch" resolution="214-232" ID="bb19.load.712" VarName="a" LoopLoc="matrix_mult.cpp:117:24" LoopName="VITIS_LOOP_117_9" ParentFunc="matrix_mult(int (*) [256], int (*) [256], int (*) [256], int)"/>
    <burst group="BURST_VERBOSE_MISSED" fe_name="AccessInCondBranchMissed" src_info="matrix_mult.cpp:117:24" msg_id="214-232" msg_severity="INFO" msg_body="Access load is in the conditional branch" resolution="214-232" ID="bb19.load.715" VarName="a" LoopLoc="matrix_mult.cpp:117:24" LoopName="VITIS_LOOP_117_9" ParentFunc="matrix_mult(int (*) [256], int (*) [256], int (*) [256], int)"/>
    <burst group="BURST_VERBOSE_MISSED" fe_name="AccessInCondBranchMissed" src_info="matrix_mult.cpp:117:24" msg_id="214-232" msg_severity="INFO" msg_body="Access load is in the conditional branch" resolution="214-232" ID="bb19.load.719" VarName="a" LoopLoc="matrix_mult.cpp:117:24" LoopName="VITIS_LOOP_117_9" ParentFunc="matrix_mult(int (*) [256], int (*) [256], int (*) [256], int)"/>
    <burst group="BURST_VERBOSE_MISSED" fe_name="AccessInCondBranchMissed" src_info="matrix_mult.cpp:117:24" msg_id="214-232" msg_severity="INFO" msg_body="Access load is in the conditional branch" resolution="214-232" ID="bb19.load.723" VarName="a" LoopLoc="matrix_mult.cpp:117:24" LoopName="VITIS_LOOP_117_9" ParentFunc="matrix_mult(int (*) [256], int (*) [256], int (*) [256], int)"/>
    <burst group="BURST_VERBOSE_MISSED" fe_name="AccessInCondBranchMissed" src_info="matrix_mult.cpp:117:24" msg_id="214-232" msg_severity="INFO" msg_body="Access load is in the conditional branch" resolution="214-232" ID="bb19.load.727" VarName="a" LoopLoc="matrix_mult.cpp:117:24" LoopName="VITIS_LOOP_117_9" ParentFunc="matrix_mult(int (*) [256], int (*) [256], int (*) [256], int)"/>
    <burst group="BURST_VERBOSE_MISSED" fe_name="AccessInCondBranchMissed" src_info="matrix_mult.cpp:117:24" msg_id="214-232" msg_severity="INFO" msg_body="Access load is in the conditional branch" resolution="214-232" ID="bb19.load.731" VarName="a" LoopLoc="matrix_mult.cpp:117:24" LoopName="VITIS_LOOP_117_9" ParentFunc="matrix_mult(int (*) [256], int (*) [256], int (*) [256], int)"/>
    <burst group="BURST_VERBOSE_MISSED" fe_name="AccessInCondBranchMissed" src_info="matrix_mult.cpp:117:24" msg_id="214-232" msg_severity="INFO" msg_body="Access load is in the conditional branch" resolution="214-232" ID="bb19.load.735" VarName="a" LoopLoc="matrix_mult.cpp:117:24" LoopName="VITIS_LOOP_117_9" ParentFunc="matrix_mult(int (*) [256], int (*) [256], int (*) [256], int)"/>
    <burst group="BURST_VERBOSE_MISSED" fe_name="AccessInCondBranchMissed" src_info="matrix_mult.cpp:117:24" msg_id="214-232" msg_severity="INFO" msg_body="Access load is in the conditional branch" resolution="214-232" ID="bb19.load.739" VarName="a" LoopLoc="matrix_mult.cpp:117:24" LoopName="VITIS_LOOP_117_9" ParentFunc="matrix_mult(int (*) [256], int (*) [256], int (*) [256], int)"/>
    <burst group="BURST_VERBOSE_MISSED" fe_name="AccessInCondBranchMissed" src_info="matrix_mult.cpp:117:24" msg_id="214-232" msg_severity="INFO" msg_body="Access load is in the conditional branch" resolution="214-232" ID="bb19.load.856" VarName="a" LoopLoc="matrix_mult.cpp:117:24" LoopName="VITIS_LOOP_117_9" ParentFunc="matrix_mult(int (*) [256], int (*) [256], int (*) [256], int)"/>
    <burst group="BURST_VERBOSE_MISSED" fe_name="AccessInCondBranchMissed" src_info="matrix_mult.cpp:117:24" msg_id="214-232" msg_severity="INFO" msg_body="Access load is in the conditional branch" resolution="214-232" ID="bb19.load.859" VarName="a" LoopLoc="matrix_mult.cpp:117:24" LoopName="VITIS_LOOP_117_9" ParentFunc="matrix_mult(int (*) [256], int (*) [256], int (*) [256], int)"/>
    <burst group="BURST_VERBOSE_MISSED" fe_name="AccessInCondBranchMissed" src_info="matrix_mult.cpp:117:24" msg_id="214-232" msg_severity="INFO" msg_body="Access load is in the conditional branch" resolution="214-232" ID="bb19.load.863" VarName="a" LoopLoc="matrix_mult.cpp:117:24" LoopName="VITIS_LOOP_117_9" ParentFunc="matrix_mult(int (*) [256], int (*) [256], int (*) [256], int)"/>
    <burst group="BURST_VERBOSE_MISSED" fe_name="AccessInCondBranchMissed" src_info="matrix_mult.cpp:117:24" msg_id="214-232" msg_severity="INFO" msg_body="Access load is in the conditional branch" resolution="214-232" ID="bb19.load.867" VarName="a" LoopLoc="matrix_mult.cpp:117:24" LoopName="VITIS_LOOP_117_9" ParentFunc="matrix_mult(int (*) [256], int (*) [256], int (*) [256], int)"/>
    <burst group="BURST_VERBOSE_MISSED" fe_name="AccessInCondBranchMissed" src_info="matrix_mult.cpp:117:24" msg_id="214-232" msg_severity="INFO" msg_body="Access load is in the conditional branch" resolution="214-232" ID="bb19.load.871" VarName="a" LoopLoc="matrix_mult.cpp:117:24" LoopName="VITIS_LOOP_117_9" ParentFunc="matrix_mult(int (*) [256], int (*) [256], int (*) [256], int)"/>
    <burst group="BURST_VERBOSE_MISSED" fe_name="AccessInCondBranchMissed" src_info="matrix_mult.cpp:117:24" msg_id="214-232" msg_severity="INFO" msg_body="Access load is in the conditional branch" resolution="214-232" ID="bb19.load.875" VarName="a" LoopLoc="matrix_mult.cpp:117:24" LoopName="VITIS_LOOP_117_9" ParentFunc="matrix_mult(int (*) [256], int (*) [256], int (*) [256], int)"/>
    <burst group="BURST_VERBOSE_MISSED" fe_name="AccessInCondBranchMissed" src_info="matrix_mult.cpp:117:24" msg_id="214-232" msg_severity="INFO" msg_body="Access load is in the conditional branch" resolution="214-232" ID="bb19.load.879" VarName="a" LoopLoc="matrix_mult.cpp:117:24" LoopName="VITIS_LOOP_117_9" ParentFunc="matrix_mult(int (*) [256], int (*) [256], int (*) [256], int)"/>
    <burst group="BURST_VERBOSE_MISSED" fe_name="AccessInCondBranchMissed" src_info="matrix_mult.cpp:117:24" msg_id="214-232" msg_severity="INFO" msg_body="Access load is in the conditional branch" resolution="214-232" ID="bb19.load.883" VarName="a" LoopLoc="matrix_mult.cpp:117:24" LoopName="VITIS_LOOP_117_9" ParentFunc="matrix_mult(int (*) [256], int (*) [256], int (*) [256], int)"/>
    <burst group="BURST_VERBOSE_MISSED" fe_name="AccessInCondBranchMissed" src_info="matrix_mult.cpp:117:24" msg_id="214-232" msg_severity="INFO" msg_body="Access load is in the conditional branch" resolution="214-232" ID="bb19.load.1000" VarName="a" LoopLoc="matrix_mult.cpp:117:24" LoopName="VITIS_LOOP_117_9" ParentFunc="matrix_mult(int (*) [256], int (*) [256], int (*) [256], int)"/>
    <burst group="BURST_VERBOSE_MISSED" fe_name="AccessInCondBranchMissed" src_info="matrix_mult.cpp:117:24" msg_id="214-232" msg_severity="INFO" msg_body="Access load is in the conditional branch" resolution="214-232" ID="bb19.load.1003" VarName="a" LoopLoc="matrix_mult.cpp:117:24" LoopName="VITIS_LOOP_117_9" ParentFunc="matrix_mult(int (*) [256], int (*) [256], int (*) [256], int)"/>
    <burst group="BURST_VERBOSE_MISSED" fe_name="AccessInCondBranchMissed" src_info="matrix_mult.cpp:117:24" msg_id="214-232" msg_severity="INFO" msg_body="Access load is in the conditional branch" resolution="214-232" ID="bb19.load.1007" VarName="a" LoopLoc="matrix_mult.cpp:117:24" LoopName="VITIS_LOOP_117_9" ParentFunc="matrix_mult(int (*) [256], int (*) [256], int (*) [256], int)"/>
    <burst group="BURST_VERBOSE_MISSED" fe_name="AccessInCondBranchMissed" src_info="matrix_mult.cpp:117:24" msg_id="214-232" msg_severity="INFO" msg_body="Access load is in the conditional branch" resolution="214-232" ID="bb19.load.1011" VarName="a" LoopLoc="matrix_mult.cpp:117:24" LoopName="VITIS_LOOP_117_9" ParentFunc="matrix_mult(int (*) [256], int (*) [256], int (*) [256], int)"/>
    <burst group="BURST_VERBOSE_MISSED" fe_name="AccessInCondBranchMissed" src_info="matrix_mult.cpp:117:24" msg_id="214-232" msg_severity="INFO" msg_body="Access load is in the conditional branch" resolution="214-232" ID="bb19.load.1015" VarName="a" LoopLoc="matrix_mult.cpp:117:24" LoopName="VITIS_LOOP_117_9" ParentFunc="matrix_mult(int (*) [256], int (*) [256], int (*) [256], int)"/>
    <burst group="BURST_VERBOSE_MISSED" fe_name="AccessInCondBranchMissed" src_info="matrix_mult.cpp:117:24" msg_id="214-232" msg_severity="INFO" msg_body="Access load is in the conditional branch" resolution="214-232" ID="bb19.load.1019" VarName="a" LoopLoc="matrix_mult.cpp:117:24" LoopName="VITIS_LOOP_117_9" ParentFunc="matrix_mult(int (*) [256], int (*) [256], int (*) [256], int)"/>
    <burst group="BURST_VERBOSE_MISSED" fe_name="AccessInCondBranchMissed" src_info="matrix_mult.cpp:117:24" msg_id="214-232" msg_severity="INFO" msg_body="Access load is in the conditional branch" resolution="214-232" ID="bb19.load.1023" VarName="a" LoopLoc="matrix_mult.cpp:117:24" LoopName="VITIS_LOOP_117_9" ParentFunc="matrix_mult(int (*) [256], int (*) [256], int (*) [256], int)"/>
    <burst group="BURST_VERBOSE_MISSED" fe_name="AccessInCondBranchMissed" src_info="matrix_mult.cpp:117:24" msg_id="214-232" msg_severity="INFO" msg_body="Access load is in the conditional branch" resolution="214-232" ID="bb19.load.1027" VarName="a" LoopLoc="matrix_mult.cpp:117:24" LoopName="VITIS_LOOP_117_9" ParentFunc="matrix_mult(int (*) [256], int (*) [256], int (*) [256], int)"/>
    <burst group="BURST_VERBOSE_MISSED" fe_name="AccessInCondBranchMissed" src_info="matrix_mult.cpp:117:24" msg_id="214-232" msg_severity="INFO" msg_body="Access load is in the conditional branch" resolution="214-232" ID="bb19.load.1144" VarName="a" LoopLoc="matrix_mult.cpp:117:24" LoopName="VITIS_LOOP_117_9" ParentFunc="matrix_mult(int (*) [256], int (*) [256], int (*) [256], int)"/>
    <burst group="BURST_VERBOSE_MISSED" fe_name="AccessInCondBranchMissed" src_info="matrix_mult.cpp:117:24" msg_id="214-232" msg_severity="INFO" msg_body="Access load is in the conditional branch" resolution="214-232" ID="bb19.load.1147" VarName="a" LoopLoc="matrix_mult.cpp:117:24" LoopName="VITIS_LOOP_117_9" ParentFunc="matrix_mult(int (*) [256], int (*) [256], int (*) [256], int)"/>
    <burst group="BURST_VERBOSE_MISSED" fe_name="AccessInCondBranchMissed" src_info="matrix_mult.cpp:117:24" msg_id="214-232" msg_severity="INFO" msg_body="Access load is in the conditional branch" resolution="214-232" ID="bb19.load.1151" VarName="a" LoopLoc="matrix_mult.cpp:117:24" LoopName="VITIS_LOOP_117_9" ParentFunc="matrix_mult(int (*) [256], int (*) [256], int (*) [256], int)"/>
    <burst group="BURST_VERBOSE_MISSED" fe_name="AccessInCondBranchMissed" src_info="matrix_mult.cpp:117:24" msg_id="214-232" msg_severity="INFO" msg_body="Access load is in the conditional branch" resolution="214-232" ID="bb19.load.1155" VarName="a" LoopLoc="matrix_mult.cpp:117:24" LoopName="VITIS_LOOP_117_9" ParentFunc="matrix_mult(int (*) [256], int (*) [256], int (*) [256], int)"/>
    <burst group="BURST_VERBOSE_MISSED" fe_name="AccessInCondBranchMissed" src_info="matrix_mult.cpp:117:24" msg_id="214-232" msg_severity="INFO" msg_body="Access load is in the conditional branch" resolution="214-232" ID="bb19.load.1159" VarName="a" LoopLoc="matrix_mult.cpp:117:24" LoopName="VITIS_LOOP_117_9" ParentFunc="matrix_mult(int (*) [256], int (*) [256], int (*) [256], int)"/>
    <burst group="BURST_VERBOSE_MISSED" fe_name="AccessInCondBranchMissed" src_info="matrix_mult.cpp:117:24" msg_id="214-232" msg_severity="INFO" msg_body="Access load is in the conditional branch" resolution="214-232" ID="bb19.load.1163" VarName="a" LoopLoc="matrix_mult.cpp:117:24" LoopName="VITIS_LOOP_117_9" ParentFunc="matrix_mult(int (*) [256], int (*) [256], int (*) [256], int)"/>
    <burst group="BURST_VERBOSE_MISSED" fe_name="AccessInCondBranchMissed" src_info="matrix_mult.cpp:117:24" msg_id="214-232" msg_severity="INFO" msg_body="Access load is in the conditional branch" resolution="214-232" ID="bb19.load.1167" VarName="a" LoopLoc="matrix_mult.cpp:117:24" LoopName="VITIS_LOOP_117_9" ParentFunc="matrix_mult(int (*) [256], int (*) [256], int (*) [256], int)"/>
    <burst group="BURST_VERBOSE_MISSED" fe_name="AccessInCondBranchMissed" src_info="matrix_mult.cpp:117:24" msg_id="214-232" msg_severity="INFO" msg_body="Access load is in the conditional branch" resolution="214-232" ID="bb19.load.1171" VarName="a" LoopLoc="matrix_mult.cpp:117:24" LoopName="VITIS_LOOP_117_9" ParentFunc="matrix_mult(int (*) [256], int (*) [256], int (*) [256], int)"/>
    <burst group="BURST_VERBOSE_MISSED" fe_name="AccessInCondBranchMissed" src_info="matrix_mult.cpp:223:25" msg_id="214-232" msg_severity="INFO" msg_body="Access load is in the conditional branch" resolution="214-232" ID="bb28.load.1" VarName="a" LoopLoc="matrix_mult.cpp:223:25" LoopName="VITIS_LOOP_223_12" ParentFunc="matrix_mult(int (*) [256], int (*) [256], int (*) [256], int)"/>
    <burst group="BURST_VERBOSE_MISSED" fe_name="AccessInCondBranchMissed" src_info="matrix_mult.cpp:223:25" msg_id="214-232" msg_severity="INFO" msg_body="Access load is in the conditional branch" resolution="214-232" ID="bb28.load.3" VarName="b" LoopLoc="matrix_mult.cpp:223:25" LoopName="VITIS_LOOP_223_12" ParentFunc="matrix_mult(int (*) [256], int (*) [256], int (*) [256], int)"/>
    <burst group="BURST_VERBOSE_MISSED" fe_name="AccessInCondBranchMissed" src_info="matrix_mult.cpp:223:25" msg_id="214-232" msg_severity="INFO" msg_body="Access load is in the conditional branch" resolution="214-232" ID="bb28.load.6" VarName="a" LoopLoc="matrix_mult.cpp:223:25" LoopName="VITIS_LOOP_223_12" ParentFunc="matrix_mult(int (*) [256], int (*) [256], int (*) [256], int)"/>
    <burst group="BURST_VERBOSE_MISSED" fe_name="AccessInCondBranchMissed" src_info="matrix_mult.cpp:223:25" msg_id="214-232" msg_severity="INFO" msg_body="Access load is in the conditional branch" resolution="214-232" ID="bb28.load.8" VarName="b" LoopLoc="matrix_mult.cpp:223:25" LoopName="VITIS_LOOP_223_12" ParentFunc="matrix_mult(int (*) [256], int (*) [256], int (*) [256], int)"/>
    <burst group="BURST_VERBOSE_MISSED" fe_name="AccessInCondBranchMissed" src_info="matrix_mult.cpp:223:25" msg_id="214-232" msg_severity="INFO" msg_body="Access load is in the conditional branch" resolution="214-232" ID="bb28.load.12" VarName="a" LoopLoc="matrix_mult.cpp:223:25" LoopName="VITIS_LOOP_223_12" ParentFunc="matrix_mult(int (*) [256], int (*) [256], int (*) [256], int)"/>
    <burst group="BURST_VERBOSE_MISSED" fe_name="AccessInCondBranchMissed" src_info="matrix_mult.cpp:223:25" msg_id="214-232" msg_severity="INFO" msg_body="Access load is in the conditional branch" resolution="214-232" ID="bb28.load.14" VarName="b" LoopLoc="matrix_mult.cpp:223:25" LoopName="VITIS_LOOP_223_12" ParentFunc="matrix_mult(int (*) [256], int (*) [256], int (*) [256], int)"/>
    <burst group="BURST_VERBOSE_MISSED" fe_name="AccessInCondBranchMissed" src_info="matrix_mult.cpp:223:25" msg_id="214-232" msg_severity="INFO" msg_body="Access load is in the conditional branch" resolution="214-232" ID="bb28.load.18" VarName="a" LoopLoc="matrix_mult.cpp:223:25" LoopName="VITIS_LOOP_223_12" ParentFunc="matrix_mult(int (*) [256], int (*) [256], int (*) [256], int)"/>
    <burst group="BURST_VERBOSE_MISSED" fe_name="AccessInCondBranchMissed" src_info="matrix_mult.cpp:223:25" msg_id="214-232" msg_severity="INFO" msg_body="Access load is in the conditional branch" resolution="214-232" ID="bb28.load.20" VarName="b" LoopLoc="matrix_mult.cpp:223:25" LoopName="VITIS_LOOP_223_12" ParentFunc="matrix_mult(int (*) [256], int (*) [256], int (*) [256], int)"/>
    <burst group="BURST_VERBOSE_MISSED" fe_name="AccessInCondBranchMissed" src_info="matrix_mult.cpp:223:25" msg_id="214-232" msg_severity="INFO" msg_body="Access load is in the conditional branch" resolution="214-232" ID="bb28.load.26" VarName="b" LoopLoc="matrix_mult.cpp:223:25" LoopName="VITIS_LOOP_223_12" ParentFunc="matrix_mult(int (*) [256], int (*) [256], int (*) [256], int)"/>
    <burst group="BURST_VERBOSE_MISSED" fe_name="AccessInCondBranchMissed" src_info="matrix_mult.cpp:223:25" msg_id="214-232" msg_severity="INFO" msg_body="Access load is in the conditional branch" resolution="214-232" ID="bb28.load.29" VarName="b" LoopLoc="matrix_mult.cpp:223:25" LoopName="VITIS_LOOP_223_12" ParentFunc="matrix_mult(int (*) [256], int (*) [256], int (*) [256], int)"/>
    <burst group="BURST_VERBOSE_MISSED" fe_name="AccessInCondBranchMissed" src_info="matrix_mult.cpp:223:25" msg_id="214-232" msg_severity="INFO" msg_body="Access load is in the conditional branch" resolution="214-232" ID="bb28.load.33" VarName="b" LoopLoc="matrix_mult.cpp:223:25" LoopName="VITIS_LOOP_223_12" ParentFunc="matrix_mult(int (*) [256], int (*) [256], int (*) [256], int)"/>
    <burst group="BURST_VERBOSE_MISSED" fe_name="AccessInCondBranchMissed" src_info="matrix_mult.cpp:223:25" msg_id="214-232" msg_severity="INFO" msg_body="Access load is in the conditional branch" resolution="214-232" ID="bb28.load.37" VarName="b" LoopLoc="matrix_mult.cpp:223:25" LoopName="VITIS_LOOP_223_12" ParentFunc="matrix_mult(int (*) [256], int (*) [256], int (*) [256], int)"/>
    <burst group="BURST_VERBOSE_MISSED" fe_name="AccessInCondBranchMissed" src_info="matrix_mult.cpp:223:25" msg_id="214-232" msg_severity="INFO" msg_body="Access load is in the conditional branch" resolution="214-232" ID="bb28.load.43" VarName="b" LoopLoc="matrix_mult.cpp:223:25" LoopName="VITIS_LOOP_223_12" ParentFunc="matrix_mult(int (*) [256], int (*) [256], int (*) [256], int)"/>
    <burst group="BURST_VERBOSE_MISSED" fe_name="AccessInCondBranchMissed" src_info="matrix_mult.cpp:223:25" msg_id="214-232" msg_severity="INFO" msg_body="Access load is in the conditional branch" resolution="214-232" ID="bb28.load.46" VarName="b" LoopLoc="matrix_mult.cpp:223:25" LoopName="VITIS_LOOP_223_12" ParentFunc="matrix_mult(int (*) [256], int (*) [256], int (*) [256], int)"/>
    <burst group="BURST_VERBOSE_MISSED" fe_name="AccessInCondBranchMissed" src_info="matrix_mult.cpp:223:25" msg_id="214-232" msg_severity="INFO" msg_body="Access load is in the conditional branch" resolution="214-232" ID="bb28.load.50" VarName="b" LoopLoc="matrix_mult.cpp:223:25" LoopName="VITIS_LOOP_223_12" ParentFunc="matrix_mult(int (*) [256], int (*) [256], int (*) [256], int)"/>
    <burst group="BURST_VERBOSE_MISSED" fe_name="AccessInCondBranchMissed" src_info="matrix_mult.cpp:223:25" msg_id="214-232" msg_severity="INFO" msg_body="Access load is in the conditional branch" resolution="214-232" ID="bb28.load.54" VarName="b" LoopLoc="matrix_mult.cpp:223:25" LoopName="VITIS_LOOP_223_12" ParentFunc="matrix_mult(int (*) [256], int (*) [256], int (*) [256], int)"/>
    <burst group="BURST_VERBOSE_MISSED" fe_name="AccessInCondBranchMissed" src_info="matrix_mult.cpp:223:25" msg_id="214-232" msg_severity="INFO" msg_body="Access load is in the conditional branch" resolution="214-232" ID="bb28.load.60" VarName="b" LoopLoc="matrix_mult.cpp:223:25" LoopName="VITIS_LOOP_223_12" ParentFunc="matrix_mult(int (*) [256], int (*) [256], int (*) [256], int)"/>
    <burst group="BURST_VERBOSE_MISSED" fe_name="AccessInCondBranchMissed" src_info="matrix_mult.cpp:223:25" msg_id="214-232" msg_severity="INFO" msg_body="Access load is in the conditional branch" resolution="214-232" ID="bb28.load.63" VarName="b" LoopLoc="matrix_mult.cpp:223:25" LoopName="VITIS_LOOP_223_12" ParentFunc="matrix_mult(int (*) [256], int (*) [256], int (*) [256], int)"/>
    <burst group="BURST_VERBOSE_MISSED" fe_name="AccessInCondBranchMissed" src_info="matrix_mult.cpp:223:25" msg_id="214-232" msg_severity="INFO" msg_body="Access load is in the conditional branch" resolution="214-232" ID="bb28.load.67" VarName="b" LoopLoc="matrix_mult.cpp:223:25" LoopName="VITIS_LOOP_223_12" ParentFunc="matrix_mult(int (*) [256], int (*) [256], int (*) [256], int)"/>
    <burst group="BURST_VERBOSE_MISSED" fe_name="AccessInCondBranchMissed" src_info="matrix_mult.cpp:223:25" msg_id="214-232" msg_severity="INFO" msg_body="Access load is in the conditional branch" resolution="214-232" ID="bb28.load.71" VarName="b" LoopLoc="matrix_mult.cpp:223:25" LoopName="VITIS_LOOP_223_12" ParentFunc="matrix_mult(int (*) [256], int (*) [256], int (*) [256], int)"/>
    <burst group="BURST_VERBOSE_MISSED" fe_name="AccessInCondBranchMissed" src_info="matrix_mult.cpp:223:25" msg_id="214-232" msg_severity="INFO" msg_body="Access load is in the conditional branch" resolution="214-232" ID="bb28.load.76" VarName="a" LoopLoc="matrix_mult.cpp:223:25" LoopName="VITIS_LOOP_223_12" ParentFunc="matrix_mult(int (*) [256], int (*) [256], int (*) [256], int)"/>
    <burst group="BURST_VERBOSE_MISSED" fe_name="AccessInCondBranchMissed" src_info="matrix_mult.cpp:223:25" msg_id="214-232" msg_severity="INFO" msg_body="Access load is in the conditional branch" resolution="214-232" ID="bb28.load.79" VarName="a" LoopLoc="matrix_mult.cpp:223:25" LoopName="VITIS_LOOP_223_12" ParentFunc="matrix_mult(int (*) [256], int (*) [256], int (*) [256], int)"/>
    <burst group="BURST_VERBOSE_MISSED" fe_name="AccessInCondBranchMissed" src_info="matrix_mult.cpp:223:25" msg_id="214-232" msg_severity="INFO" msg_body="Access load is in the conditional branch" resolution="214-232" ID="bb28.load.83" VarName="a" LoopLoc="matrix_mult.cpp:223:25" LoopName="VITIS_LOOP_223_12" ParentFunc="matrix_mult(int (*) [256], int (*) [256], int (*) [256], int)"/>
    <burst group="BURST_VERBOSE_MISSED" fe_name="AccessInCondBranchMissed" src_info="matrix_mult.cpp:223:25" msg_id="214-232" msg_severity="INFO" msg_body="Access load is in the conditional branch" resolution="214-232" ID="bb28.load.87" VarName="a" LoopLoc="matrix_mult.cpp:223:25" LoopName="VITIS_LOOP_223_12" ParentFunc="matrix_mult(int (*) [256], int (*) [256], int (*) [256], int)"/>
    <burst group="BURST_VERBOSE_MISSED" fe_name="AccessInCondBranchMissed" src_info="matrix_mult.cpp:223:25" msg_id="214-232" msg_severity="INFO" msg_body="Access load is in the conditional branch" resolution="214-232" ID="bb28.load.116" VarName="a" LoopLoc="matrix_mult.cpp:223:25" LoopName="VITIS_LOOP_223_12" ParentFunc="matrix_mult(int (*) [256], int (*) [256], int (*) [256], int)"/>
    <burst group="BURST_VERBOSE_MISSED" fe_name="AccessInCondBranchMissed" src_info="matrix_mult.cpp:223:25" msg_id="214-232" msg_severity="INFO" msg_body="Access load is in the conditional branch" resolution="214-232" ID="bb28.load.119" VarName="a" LoopLoc="matrix_mult.cpp:223:25" LoopName="VITIS_LOOP_223_12" ParentFunc="matrix_mult(int (*) [256], int (*) [256], int (*) [256], int)"/>
    <burst group="BURST_VERBOSE_MISSED" fe_name="AccessInCondBranchMissed" src_info="matrix_mult.cpp:223:25" msg_id="214-232" msg_severity="INFO" msg_body="Access load is in the conditional branch" resolution="214-232" ID="bb28.load.123" VarName="a" LoopLoc="matrix_mult.cpp:223:25" LoopName="VITIS_LOOP_223_12" ParentFunc="matrix_mult(int (*) [256], int (*) [256], int (*) [256], int)"/>
    <burst group="BURST_VERBOSE_MISSED" fe_name="AccessInCondBranchMissed" src_info="matrix_mult.cpp:223:25" msg_id="214-232" msg_severity="INFO" msg_body="Access load is in the conditional branch" resolution="214-232" ID="bb28.load.127" VarName="a" LoopLoc="matrix_mult.cpp:223:25" LoopName="VITIS_LOOP_223_12" ParentFunc="matrix_mult(int (*) [256], int (*) [256], int (*) [256], int)"/>
    <burst group="BURST_VERBOSE_MISSED" fe_name="AccessInCondBranchMissed" src_info="matrix_mult.cpp:223:25" msg_id="214-232" msg_severity="INFO" msg_body="Access load is in the conditional branch" resolution="214-232" ID="bb28.load.156" VarName="a" LoopLoc="matrix_mult.cpp:223:25" LoopName="VITIS_LOOP_223_12" ParentFunc="matrix_mult(int (*) [256], int (*) [256], int (*) [256], int)"/>
    <burst group="BURST_VERBOSE_MISSED" fe_name="AccessInCondBranchMissed" src_info="matrix_mult.cpp:223:25" msg_id="214-232" msg_severity="INFO" msg_body="Access load is in the conditional branch" resolution="214-232" ID="bb28.load.159" VarName="a" LoopLoc="matrix_mult.cpp:223:25" LoopName="VITIS_LOOP_223_12" ParentFunc="matrix_mult(int (*) [256], int (*) [256], int (*) [256], int)"/>
    <burst group="BURST_VERBOSE_MISSED" fe_name="AccessInCondBranchMissed" src_info="matrix_mult.cpp:223:25" msg_id="214-232" msg_severity="INFO" msg_body="Access load is in the conditional branch" resolution="214-232" ID="bb28.load.163" VarName="a" LoopLoc="matrix_mult.cpp:223:25" LoopName="VITIS_LOOP_223_12" ParentFunc="matrix_mult(int (*) [256], int (*) [256], int (*) [256], int)"/>
    <burst group="BURST_VERBOSE_MISSED" fe_name="AccessInCondBranchMissed" src_info="matrix_mult.cpp:223:25" msg_id="214-232" msg_severity="INFO" msg_body="Access load is in the conditional branch" resolution="214-232" ID="bb28.load.167" VarName="a" LoopLoc="matrix_mult.cpp:223:25" LoopName="VITIS_LOOP_223_12" ParentFunc="matrix_mult(int (*) [256], int (*) [256], int (*) [256], int)"/>
    <burst group="BURST_VERBOSE_MISSED" fe_name="AccessInCondBranchMissed" src_info="matrix_mult.cpp:262:25" msg_id="214-232" msg_severity="INFO" msg_body="Access load is in the conditional branch" resolution="214-232" ID="bb37.load.1" VarName="a" LoopLoc="matrix_mult.cpp:262:25" LoopName="VITIS_LOOP_262_15" ParentFunc="matrix_mult(int (*) [256], int (*) [256], int (*) [256], int)"/>
    <burst group="BURST_VERBOSE_MISSED" fe_name="AccessInCondBranchMissed" src_info="matrix_mult.cpp:262:25" msg_id="214-232" msg_severity="INFO" msg_body="Access load is in the conditional branch" resolution="214-232" ID="bb37.load.3" VarName="b" LoopLoc="matrix_mult.cpp:262:25" LoopName="VITIS_LOOP_262_15" ParentFunc="matrix_mult(int (*) [256], int (*) [256], int (*) [256], int)"/>
    <burst group="BURST_VERBOSE_MISSED" fe_name="AccessInCondBranchMissed" src_info="matrix_mult.cpp:262:25" msg_id="214-232" msg_severity="INFO" msg_body="Access load is in the conditional branch" resolution="214-232" ID="bb37.load.6" VarName="a" LoopLoc="matrix_mult.cpp:262:25" LoopName="VITIS_LOOP_262_15" ParentFunc="matrix_mult(int (*) [256], int (*) [256], int (*) [256], int)"/>
    <burst group="BURST_VERBOSE_MISSED" fe_name="AccessInCondBranchMissed" src_info="matrix_mult.cpp:262:25" msg_id="214-232" msg_severity="INFO" msg_body="Access load is in the conditional branch" resolution="214-232" ID="bb37.load.8" VarName="b" LoopLoc="matrix_mult.cpp:262:25" LoopName="VITIS_LOOP_262_15" ParentFunc="matrix_mult(int (*) [256], int (*) [256], int (*) [256], int)"/>
    <burst group="BURST_VERBOSE_MISSED" fe_name="AccessInCondBranchMissed" src_info="matrix_mult.cpp:262:25" msg_id="214-232" msg_severity="INFO" msg_body="Access load is in the conditional branch" resolution="214-232" ID="bb37.load.14" VarName="b" LoopLoc="matrix_mult.cpp:262:25" LoopName="VITIS_LOOP_262_15" ParentFunc="matrix_mult(int (*) [256], int (*) [256], int (*) [256], int)"/>
    <burst group="BURST_VERBOSE_MISSED" fe_name="AccessInCondBranchMissed" src_info="matrix_mult.cpp:262:25" msg_id="214-232" msg_severity="INFO" msg_body="Access load is in the conditional branch" resolution="214-232" ID="bb37.load.17" VarName="b" LoopLoc="matrix_mult.cpp:262:25" LoopName="VITIS_LOOP_262_15" ParentFunc="matrix_mult(int (*) [256], int (*) [256], int (*) [256], int)"/>
    <burst group="BURST_VERBOSE_MISSED" fe_name="AccessInCondBranchMissed" src_info="matrix_mult.cpp:262:25" msg_id="214-232" msg_severity="INFO" msg_body="Access load is in the conditional branch" resolution="214-232" ID="bb37.load.22" VarName="a" LoopLoc="matrix_mult.cpp:262:25" LoopName="VITIS_LOOP_262_15" ParentFunc="matrix_mult(int (*) [256], int (*) [256], int (*) [256], int)"/>
    <burst group="BURST_VERBOSE_MISSED" fe_name="AccessInCondBranchMissed" src_info="matrix_mult.cpp:262:25" msg_id="214-232" msg_severity="INFO" msg_body="Access load is in the conditional branch" resolution="214-232" ID="bb37.load.25" VarName="a" LoopLoc="matrix_mult.cpp:262:25" LoopName="VITIS_LOOP_262_15" ParentFunc="matrix_mult(int (*) [256], int (*) [256], int (*) [256], int)"/>
    <burst group="BURST_VERBOSE_MISSED" fe_name="AccessInCondBranchMissed" src_info="matrix_mult.cpp:284:25" msg_id="214-232" msg_severity="INFO" msg_body="Access load is in the conditional branch" resolution="214-232" ID="bb46.load.1" VarName="a" LoopLoc="matrix_mult.cpp:284:25" LoopName="VITIS_LOOP_284_18" ParentFunc="matrix_mult(int (*) [256], int (*) [256], int (*) [256], int)"/>
    <burst group="BURST_VERBOSE_MISSED" fe_name="AccessInCondBranchMissed" src_info="matrix_mult.cpp:284:25" msg_id="214-232" msg_severity="INFO" msg_body="Access load is in the conditional branch" resolution="214-232" ID="bb46.load.3" VarName="b" LoopLoc="matrix_mult.cpp:284:25" LoopName="VITIS_LOOP_284_18" ParentFunc="matrix_mult(int (*) [256], int (*) [256], int (*) [256], int)"/>
</VitisHLS:BurstInfo>

