<xilinx:hls_fe_msgs>
    <msg msg_groups="" msg_id="207-5281" msg_severity="WARNING" msg_loc="matrix_mult.cpp:284:11" msg_body="expression result unused">
        <args ClangWarningOption="unused-value"/>
    </msg>
    <msg msg_groups="" msg_id="207-5281" msg_severity="WARNING" msg_loc="matrix_mult.cpp:284:30" msg_body="expression result unused">
        <args ClangWarningOption="unused-value"/>
    </msg>
    <msg msg_groups="PRAGMA_VERBOSE_DUMP" msg_id="207-5471" msg_severity="WARNING" msg_loc="matrix_mult.cpp:9:9" msg_body="HLS pragma dump">
        <args ARG_PragmaContext="directive" ARG_PragmaFunction="matrix_mult" ARG_PragmaIsValid="1" ARG_PragmaOptions="s_axilite port=a" ARG_PragmaType="interface" ClangWarningOption="dump-hls-pragmas"/>
    </msg>
    <msg msg_groups="PRAGMA_VERBOSE_DUMP" msg_id="207-5471" msg_severity="WARNING" msg_loc="matrix_mult.cpp:9:9" msg_body="HLS pragma dump">
        <args ARG_PragmaContext="directive" ARG_PragmaFunction="matrix_mult" ARG_PragmaIsValid="1" ARG_PragmaOptions="s_axilite port=a_row_b_col" ARG_PragmaType="interface" ClangWarningOption="dump-hls-pragmas"/>
    </msg>
    <msg msg_groups="PRAGMA_VERBOSE_DUMP" msg_id="207-5471" msg_severity="WARNING" msg_loc="matrix_mult.cpp:9:9" msg_body="HLS pragma dump">
        <args ARG_PragmaContext="directive" ARG_PragmaFunction="matrix_mult" ARG_PragmaIsValid="1" ARG_PragmaOptions="s_axilite port=b" ARG_PragmaType="interface" ClangWarningOption="dump-hls-pragmas"/>
    </msg>
    <msg msg_groups="PRAGMA_VERBOSE_DUMP" msg_id="207-5471" msg_severity="WARNING" msg_loc="matrix_mult.cpp:9:9" msg_body="HLS pragma dump">
        <args ARG_PragmaContext="directive" ARG_PragmaFunction="matrix_mult" ARG_PragmaIsValid="1" ARG_PragmaOptions="s_axilite port=prod" ARG_PragmaType="interface" ClangWarningOption="dump-hls-pragmas"/>
    </msg>
    <msg msg_groups="PRAGMA_VERBOSE_DUMP" msg_id="207-5471" msg_severity="WARNING" msg_loc="matrix_mult.cpp:9:9" msg_body="HLS pragma dump">
        <args ARG_PragmaContext="directive" ARG_PragmaFunction="matrix_mult" ARG_PragmaIsValid="1" ARG_PragmaOptions="s_axilite port=return" ARG_PragmaType="interface" ClangWarningOption="dump-hls-pragmas"/>
    </msg>
    <msg msg_groups="PRAGMA_VERBOSE_DUMP" msg_id="207-5471" msg_severity="WARNING" msg_loc="matrix_mult.cpp:9:9" msg_body="HLS pragma dump">
        <args ARG_PragmaContext="directive" ARG_PragmaFunction="matrix_mult" ARG_PragmaIsValid="1" ARG_PragmaOptions="name=matrix_mult" ARG_PragmaType="top" ClangWarningOption="dump-hls-pragmas"/>
    </msg>
</xilinx:hls_fe_msgs>

