<stg><name>matrix_mult_Pipeline_VITIS_LOOP_23_3</name>


<trans_list>

<trans id="61" from="1" to="2">
<condition id="-1">
<or_exp><and_exp></and_exp></or_exp>
</condition>
</trans>

<trans id="62" from="2" to="3">
<condition id="-1">
<or_exp><and_exp></and_exp></or_exp>
</condition>
</trans>

<trans id="63" from="3" to="4">
<condition id="-1">
<or_exp><and_exp></and_exp></or_exp>
</condition>
</trans>

<trans id="66" from="4" to="5">
<condition id="-1">
<or_exp><and_exp></and_exp></or_exp>
</condition>
</trans>
</trans_list>



<state_list>

<state id="1" st_id="2">

<operation id="8" st_id="1" stage="1" lat="1">
<core>NULL</core>
<MemPortIdVec></MemPortIdVec>
<condition id="-1">
<or_exp><and_exp></and_exp></or_exp>
</condition>

<Node id="6" bw="32" op_0_bw="32">
<![CDATA[
newFuncRoot:0 %empty_42 = alloca i32 1

]]></Node>
<StgValue><ssdm name="empty_42"/></StgValue>
</operation>

<operation id="9" st_id="1" stage="1" lat="1">
<core>NULL</core>
<MemPortIdVec></MemPortIdVec>
<condition id="-1">
<or_exp><and_exp></and_exp></or_exp>
</condition>

<Node id="7" bw="9" op_0_bw="32">
<![CDATA[
newFuncRoot:1 %j_1 = alloca i32 1

]]></Node>
<StgValue><ssdm name="j_1"/></StgValue>
</operation>

<operation id="10" st_id="1" stage="1" lat="1">
<core>NULL</core>
<MemPortIdVec></MemPortIdVec>
<condition id="-1">
<or_exp><and_exp></and_exp></or_exp>
</condition>

<Node id="8" bw="32" op_0_bw="32" op_1_bw="32">
<![CDATA[
newFuncRoot:2 %a_load_read = read i32 @_ssdm_op_Read.ap_auto.i32, i32 %a_load

]]></Node>
<StgValue><ssdm name="a_load_read"/></StgValue>
</operation>

<operation id="11" st_id="1" stage="1" lat="1">
<core>NULL</core>
<MemPortIdVec></MemPortIdVec>
<condition id="-1">
<or_exp><and_exp></and_exp></or_exp>
</condition>

<Node id="9" bw="16" op_0_bw="16" op_1_bw="16">
<![CDATA[
newFuncRoot:3 %tmp = read i16 @_ssdm_op_Read.ap_auto.i16, i16 %empty

]]></Node>
<StgValue><ssdm name="tmp"/></StgValue>
</operation>

<operation id="12" st_id="1" stage="1" lat="1">
<core>NULL</core>
<MemPortIdVec></MemPortIdVec>
<condition id="-1">
<or_exp><and_exp></and_exp></or_exp>
</condition>

<Node id="10" bw="32" op_0_bw="32" op_1_bw="32">
<![CDATA[
newFuncRoot:4 %prod_load_read = read i32 @_ssdm_op_Read.ap_auto.i32, i32 %prod_load

]]></Node>
<StgValue><ssdm name="prod_load_read"/></StgValue>
</operation>

<operation id="13" st_id="1" stage="1" lat="1">
<core>NULL</core>
<MemPortIdVec></MemPortIdVec>
<condition id="-1">
<or_exp><and_exp></and_exp></or_exp>
</condition>

<Node id="11" bw="64" op_0_bw="16">
<![CDATA[
newFuncRoot:5 %p_cast = zext i16 %tmp

]]></Node>
<StgValue><ssdm name="p_cast"/></StgValue>
</operation>

<operation id="14" st_id="1" stage="1" lat="1">
<core>NULL</core>
<MemPortIdVec></MemPortIdVec>
<condition id="-1">
<or_exp><and_exp></and_exp></or_exp>
</condition>

<Node id="12" bw="0" op_0_bw="0" op_1_bw="32" op_2_bw="64" op_3_bw="64" op_4_bw="64">
<![CDATA[
newFuncRoot:6 %specmemcore_ln0 = specmemcore void @_ssdm_op_SpecMemCore, i32 %prod, i64 666, i64 207, i64 1

]]></Node>
<StgValue><ssdm name="specmemcore_ln0"/></StgValue>
</operation>

<operation id="15" st_id="1" stage="1" lat="1">
<core>NULL</core>
<MemPortIdVec></MemPortIdVec>
<condition id="-1">
<or_exp><and_exp></and_exp></or_exp>
</condition>

<Node id="13" bw="0" op_0_bw="0" op_1_bw="32" op_2_bw="64" op_3_bw="64" op_4_bw="64">
<![CDATA[
newFuncRoot:7 %specmemcore_ln0 = specmemcore void @_ssdm_op_SpecMemCore, i32 %b, i64 666, i64 207, i64 1

]]></Node>
<StgValue><ssdm name="specmemcore_ln0"/></StgValue>
</operation>

<operation id="16" st_id="1" stage="1" lat="1">
<core>NULL</core>
<MemPortIdVec></MemPortIdVec>
<condition id="-1">
<or_exp><and_exp></and_exp></or_exp>
</condition>

<Node id="14" bw="0" op_0_bw="0" op_1_bw="32" op_2_bw="0" op_3_bw="32" op_4_bw="32" op_5_bw="0" op_6_bw="32" op_7_bw="32" op_8_bw="0" op_9_bw="0" op_10_bw="0" op_11_bw="32" op_12_bw="32" op_13_bw="32" op_14_bw="32" op_15_bw="0" op_16_bw="0">
<![CDATA[
newFuncRoot:8 %specinterface_ln0 = specinterface void @_ssdm_op_SpecInterface, i32 %prod, void @empty_3, i32 0, i32 0, void @empty_0, i32 1, i32 0, void @empty_0, void @empty_0, void @empty_0, i32 0, i32 0, i32 0, i32 0, void @empty_0, void @empty_0

]]></Node>
<StgValue><ssdm name="specinterface_ln0"/></StgValue>
</operation>

<operation id="17" st_id="1" stage="1" lat="1">
<core>NULL</core>
<MemPortIdVec></MemPortIdVec>
<condition id="-1">
<or_exp><and_exp></and_exp></or_exp>
</condition>

<Node id="15" bw="0" op_0_bw="0" op_1_bw="32" op_2_bw="0" op_3_bw="32" op_4_bw="32" op_5_bw="0" op_6_bw="32" op_7_bw="32" op_8_bw="0" op_9_bw="0" op_10_bw="0" op_11_bw="32" op_12_bw="32" op_13_bw="32" op_14_bw="32" op_15_bw="0" op_16_bw="0">
<![CDATA[
newFuncRoot:9 %specinterface_ln0 = specinterface void @_ssdm_op_SpecInterface, i32 %b, void @empty_3, i32 0, i32 0, void @empty_0, i32 1, i32 0, void @empty_0, void @empty_0, void @empty_0, i32 0, i32 0, i32 0, i32 0, void @empty_0, void @empty_0

]]></Node>
<StgValue><ssdm name="specinterface_ln0"/></StgValue>
</operation>

<operation id="18" st_id="1" stage="1" lat="1">
<core>NULL</core>
<MemPortIdVec></MemPortIdVec>
<condition id="-1">
<or_exp><and_exp></and_exp></or_exp>
</condition>

<Node id="16" bw="0" op_0_bw="9" op_1_bw="9">
<![CDATA[
newFuncRoot:10 %store_ln0 = store i9 0, i9 %j_1

]]></Node>
<StgValue><ssdm name="store_ln0"/></StgValue>
</operation>

<operation id="19" st_id="1" stage="1" lat="1">
<core>NULL</core>
<MemPortIdVec></MemPortIdVec>
<condition id="-1">
<or_exp><and_exp></and_exp></or_exp>
</condition>

<Node id="17" bw="0" op_0_bw="32" op_1_bw="32">
<![CDATA[
newFuncRoot:11 %store_ln0 = store i32 %prod_load_read, i32 %empty_42

]]></Node>
<StgValue><ssdm name="store_ln0"/></StgValue>
</operation>

<operation id="20" st_id="1" stage="1" lat="1">
<core>NULL</core>
<MemPortIdVec></MemPortIdVec>
<condition id="-1">
<or_exp><and_exp></and_exp></or_exp>
</condition>

<Node id="18" bw="0" op_0_bw="0">
<![CDATA[
newFuncRoot:12 %br_ln0 = br void

]]></Node>
<StgValue><ssdm name="br_ln0"/></StgValue>
</operation>

<operation id="21" st_id="1" stage="1" lat="1">
<core>NULL</core>
<MemPortIdVec></MemPortIdVec>
<condition id="-1">
<or_exp><and_exp></and_exp></or_exp>
</condition>

<Node id="20" bw="9" op_0_bw="9" op_1_bw="0">
<![CDATA[
:0 %j = load i9 %j_1

]]></Node>
<StgValue><ssdm name="j"/></StgValue>
</operation>

<operation id="22" st_id="1" stage="1" lat="1">
<core>Cmp</core>
<MemPortIdVec></MemPortIdVec>
<condition id="-1">
<or_exp><and_exp></and_exp></or_exp>
</condition>

<Node id="23" bw="1" op_0_bw="9" op_1_bw="9">
<![CDATA[
:3 %icmp_ln23 = icmp_eq  i9 %j, i9 256

]]></Node>
<StgValue><ssdm name="icmp_ln23"/></StgValue>
</operation>

<operation id="23" st_id="1" stage="1" lat="1">
<core>Adder</core>
<MemPortIdVec></MemPortIdVec>
<condition id="-1">
<or_exp><and_exp></and_exp></or_exp>
</condition>

<Node id="25" bw="9" op_0_bw="9" op_1_bw="9">
<![CDATA[
:5 %add_ln23 = add i9 %j, i9 1

]]></Node>
<StgValue><ssdm name="add_ln23"/></StgValue>
</operation>

<operation id="24" st_id="1" stage="1" lat="1">
<core>NULL</core>
<MemPortIdVec></MemPortIdVec>
<condition id="-1">
<or_exp><and_exp></and_exp></or_exp>
</condition>

<Node id="26" bw="0" op_0_bw="1" op_1_bw="0" op_2_bw="0">
<![CDATA[
:6 %br_ln23 = br i1 %icmp_ln23, void %.split115, void %.exitStub

]]></Node>
<StgValue><ssdm name="br_ln23"/></StgValue>
</operation>

<operation id="25" st_id="1" stage="1" lat="1">
<core>NULL</core>
<MemPortIdVec></MemPortIdVec>
<condition id="-1">
<or_exp><and_exp><literal name="icmp_ln23" val="0"/>
</and_exp></or_exp>
</condition>

<Node id="29" bw="64" op_0_bw="9">
<![CDATA[
.split115:1 %j_1_cast = zext i9 %j

]]></Node>
<StgValue><ssdm name="j_1_cast"/></StgValue>
</operation>

<operation id="26" st_id="1" stage="1" lat="1">
<core>NULL</core>
<MemPortIdVec></MemPortIdVec>
<condition id="-1">
<or_exp><and_exp><literal name="icmp_ln23" val="0"/>
</and_exp></or_exp>
</condition>

<Node id="30" bw="16" op_0_bw="32" op_1_bw="64" op_2_bw="64">
<![CDATA[
.split115:2 %b_addr = getelementptr i32 %b, i64 0, i64 %j_1_cast

]]></Node>
<StgValue><ssdm name="b_addr"/></StgValue>
</operation>

<operation id="27" st_id="1" stage="2" lat="2">
<core>RAM_1P</core>
<MemPortIdVec></MemPortIdVec>
<condition id="-1">
<or_exp><and_exp><literal name="icmp_ln23" val="0"/>
</and_exp></or_exp>
</condition>

<Node id="32" bw="32" op_0_bw="16">
<![CDATA[
.split115:4 %b_load = load i16 %b_addr

]]></Node>
<StgValue><ssdm name="b_load"/></StgValue>
</operation>

<operation id="28" st_id="1" stage="1" lat="1">
<core>Cmp</core>
<MemPortIdVec></MemPortIdVec>
<condition id="-1">
<or_exp><and_exp><literal name="icmp_ln23" val="0"/>
</and_exp></or_exp>
</condition>

<Node id="35" bw="1" op_0_bw="9" op_1_bw="9">
<![CDATA[
.split115:7 %ifzero = icmp_eq  i9 %add_ln23, i9 256

]]></Node>
<StgValue><ssdm name="ifzero"/></StgValue>
</operation>

<operation id="29" st_id="1" stage="1" lat="1">
<core>NULL</core>
<MemPortIdVec></MemPortIdVec>
<condition id="-1">
<or_exp><and_exp><literal name="icmp_ln23" val="0"/>
</and_exp></or_exp>
</condition>

<Node id="36" bw="0" op_0_bw="1" op_1_bw="0" op_2_bw="0">
<![CDATA[
.split115:8 %br_ln23 = br i1 %ifzero, void %ifFalse, void %ifTrue

]]></Node>
<StgValue><ssdm name="br_ln23"/></StgValue>
</operation>

<operation id="30" st_id="1" stage="1" lat="1">
<core>NULL</core>
<MemPortIdVec></MemPortIdVec>
<condition id="-1">
<or_exp><and_exp><literal name="icmp_ln23" val="0"/>
</and_exp></or_exp>
</condition>

<Node id="41" bw="0" op_0_bw="9" op_1_bw="9" op_2_bw="0" op_3_bw="0">
<![CDATA[
ifFalse:0 %store_ln23 = store i9 %add_ln23, i9 %j_1

]]></Node>
<StgValue><ssdm name="store_ln23"/></StgValue>
</operation>
</state>

<state id="2" st_id="3">

<operation id="31" st_id="2" stage="1" lat="2">
<core>RAM_1P</core>
<MemPortIdVec></MemPortIdVec>
<condition id="-1">
<or_exp><and_exp><literal name="icmp_ln23" val="0"/>
</and_exp></or_exp>
</condition>

<Node id="32" bw="32" op_0_bw="16">
<![CDATA[
.split115:4 %b_load = load i16 %b_addr

]]></Node>
<StgValue><ssdm name="b_load"/></StgValue>
</operation>
</state>

<state id="3" st_id="4">

<operation id="32" st_id="3" stage="2" lat="2">
<core>Multiplier</core>
<MemPortIdVec></MemPortIdVec>
<condition id="-1">
<or_exp><and_exp><literal name="icmp_ln23" val="0"/>
</and_exp></or_exp>
</condition>

<Node id="33" bw="32" op_0_bw="32" op_1_bw="32">
<![CDATA[
.split115:5 %mul_ln25 = mul i32 %b_load, i32 %a_load_read

]]></Node>
<StgValue><ssdm name="mul_ln25"/></StgValue>
</operation>
</state>

<state id="4" st_id="5">

<operation id="33" st_id="4" stage="1" lat="1">
<core>NULL</core>
<MemPortIdVec></MemPortIdVec>
<condition id="-1">
<or_exp><and_exp></and_exp></or_exp>
</condition>

<Node id="21" bw="16" op_0_bw="32" op_1_bw="64" op_2_bw="64">
<![CDATA[
:1 %prod_addr = getelementptr i32 %prod, i64 0, i64 %p_cast

]]></Node>
<StgValue><ssdm name="prod_addr"/></StgValue>
</operation>

<operation id="34" st_id="4" stage="1" lat="1">
<core>NULL</core>
<MemPortIdVec></MemPortIdVec>
<condition id="-1">
<or_exp><and_exp></and_exp></or_exp>
</condition>

<Node id="22" bw="0" op_0_bw="0" op_1_bw="32" op_2_bw="32" op_3_bw="32" op_4_bw="32" op_5_bw="0">
<![CDATA[
:2 %specpipeline_ln0 = specpipeline void @_ssdm_op_SpecPipeline, i32 4294967295, i32 0, i32 1, i32 0, void @p_str

]]></Node>
<StgValue><ssdm name="specpipeline_ln0"/></StgValue>
</operation>

<operation id="35" st_id="4" stage="1" lat="1">
<core>NULL</core>
<MemPortIdVec></MemPortIdVec>
<condition id="-1">
<or_exp><and_exp></and_exp></or_exp>
</condition>

<Node id="24" bw="32" op_0_bw="32" op_1_bw="64" op_2_bw="64" op_3_bw="64">
<![CDATA[
:4 %empty_43 = speclooptripcount i32 @_ssdm_op_SpecLoopTripCount, i64 256, i64 256, i64 256

]]></Node>
<StgValue><ssdm name="empty_43"/></StgValue>
</operation>

<operation id="36" st_id="4" stage="1" lat="2">
<core>Multiplier</core>
<MemPortIdVec></MemPortIdVec>
<condition id="-1">
<or_exp><and_exp><literal name="icmp_ln23" val="0"/>
</and_exp></or_exp>
</condition>

<Node id="33" bw="32" op_0_bw="32" op_1_bw="32">
<![CDATA[
.split115:5 %mul_ln25 = mul i32 %b_load, i32 %a_load_read

]]></Node>
<StgValue><ssdm name="mul_ln25"/></StgValue>
</operation>

<operation id="44" st_id="4" stage="1" lat="1">
<core>NULL</core>
<MemPortIdVec></MemPortIdVec>
<condition id="-1">
<or_exp><and_exp><literal name="icmp_ln23" val="1"/>
</and_exp></or_exp>
</condition>

<Node id="45" bw="0">
<![CDATA[
.exitStub:0 %ret_ln0 = ret

]]></Node>
<StgValue><ssdm name="ret_ln0"/></StgValue>
</operation>
</state>

<state id="5" st_id="6">

<operation id="37" st_id="5" stage="1" lat="1">
<core>NULL</core>
<MemPortIdVec></MemPortIdVec>
<condition id="-1">
<or_exp><and_exp></and_exp></or_exp>
</condition>

<Node id="28" bw="32" op_0_bw="32" op_1_bw="0">
<![CDATA[
.split115:0 %p_load = load i32 %empty_42

]]></Node>
<StgValue><ssdm name="p_load"/></StgValue>
</operation>

<operation id="38" st_id="5" stage="1" lat="1">
<core>NULL</core>
<MemPortIdVec></MemPortIdVec>
<condition id="-1">
<or_exp><and_exp></and_exp></or_exp>
</condition>

<Node id="31" bw="0" op_0_bw="0" op_1_bw="0">
<![CDATA[
.split115:3 %specloopname_ln23 = specloopname void @_ssdm_op_SpecLoopName, void @empty_17

]]></Node>
<StgValue><ssdm name="specloopname_ln23"/></StgValue>
</operation>

<operation id="39" st_id="5" stage="1" lat="1">
<core>Adder</core>
<MemPortIdVec></MemPortIdVec>
<condition id="-1">
<or_exp><and_exp></and_exp></or_exp>
</condition>

<Node id="34" bw="32" op_0_bw="32" op_1_bw="32">
<![CDATA[
.split115:6 %add_ln25 = add i32 %mul_ln25, i32 %p_load

]]></Node>
<StgValue><ssdm name="add_ln25"/></StgValue>
</operation>

<operation id="40" st_id="5" stage="1" lat="1">
<core>RAM_1P</core>
<MemPortIdVec></MemPortIdVec>
<condition id="-1">
<or_exp><and_exp><literal name="ifzero" val="1"/>
</and_exp></or_exp>
</condition>

<Node id="38" bw="0" op_0_bw="32" op_1_bw="16">
<![CDATA[
ifTrue:0 %store_ln25 = store i32 %add_ln25, i16 %prod_addr

]]></Node>
<StgValue><ssdm name="store_ln25"/></StgValue>
</operation>

<operation id="41" st_id="5" stage="1" lat="1">
<core>NULL</core>
<MemPortIdVec></MemPortIdVec>
<condition id="-1">
<or_exp><and_exp><literal name="ifzero" val="1"/>
</and_exp></or_exp>
</condition>

<Node id="39" bw="0" op_0_bw="0">
<![CDATA[
ifTrue:1 %br_ln0 = br void %ifFalse

]]></Node>
<StgValue><ssdm name="br_ln0"/></StgValue>
</operation>

<operation id="42" st_id="5" stage="1" lat="1">
<core>NULL</core>
<MemPortIdVec></MemPortIdVec>
<condition id="-1">
<or_exp><and_exp></and_exp></or_exp>
</condition>

<Node id="42" bw="0" op_0_bw="32" op_1_bw="32" op_2_bw="0" op_3_bw="0">
<![CDATA[
ifFalse:1 %store_ln25 = store i32 %add_ln25, i32 %empty_42

]]></Node>
<StgValue><ssdm name="store_ln25"/></StgValue>
</operation>

<operation id="43" st_id="5" stage="1" lat="1">
<core>NULL</core>
<MemPortIdVec></MemPortIdVec>
<condition id="-1">
<or_exp><and_exp></and_exp></or_exp>
</condition>

<Node id="43" bw="0" op_0_bw="0">
<![CDATA[
ifFalse:2 %br_ln0 = br void

]]></Node>
<StgValue><ssdm name="br_ln0"/></StgValue>
</operation>
</state>
</state_list>


<ports>
</ports>


<dataflows>
</dataflows>


</stg>
