<stg><name>matrix_mult_Pipeline_VITIS_LOOP_262_15</name>


<trans_list>

<trans id="162" from="1" to="2">
<condition id="-1">
<or_exp><and_exp></and_exp></or_exp>
</condition>
</trans>

<trans id="152" from="2" to="3">
<condition id="-1">
<or_exp><and_exp></and_exp></or_exp>
</condition>
</trans>

<trans id="153" from="3" to="4">
<condition id="-1">
<or_exp><and_exp></and_exp></or_exp>
</condition>
</trans>

<trans id="154" from="4" to="5">
<condition id="-1">
<or_exp><and_exp></and_exp></or_exp>
</condition>
</trans>

<trans id="155" from="5" to="6">
<condition id="-1">
<or_exp><and_exp></and_exp></or_exp>
</condition>
</trans>

<trans id="156" from="6" to="7">
<condition id="-1">
<or_exp><and_exp></and_exp></or_exp>
</condition>
</trans>

<trans id="157" from="7" to="8">
<condition id="-1">
<or_exp><and_exp></and_exp></or_exp>
</condition>
</trans>

<trans id="158" from="8" to="9">
<condition id="-1">
<or_exp><and_exp></and_exp></or_exp>
</condition>
</trans>

<trans id="159" from="9" to="10">
<condition id="-1">
<or_exp><and_exp></and_exp></or_exp>
</condition>
</trans>
</trans_list>



<state_list>

<state id="1" st_id="2">

<operation id="13" st_id="1" stage="1" lat="1">
<core>NULL</core>
<MemPortIdVec></MemPortIdVec>
<condition id="-1">
<or_exp><and_exp></and_exp></or_exp>
</condition>

<Node id="15" bw="32" op_0_bw="32">
<![CDATA[
newFuncRoot:0 %empty = alloca i32 1

]]></Node>
<StgValue><ssdm name="empty"/></StgValue>
</operation>

<operation id="14" st_id="1" stage="1" lat="1">
<core>NULL</core>
<MemPortIdVec></MemPortIdVec>
<condition id="-1">
<or_exp><and_exp></and_exp></or_exp>
</condition>

<Node id="16" bw="32" op_0_bw="32">
<![CDATA[
newFuncRoot:1 %empty_37 = alloca i32 1

]]></Node>
<StgValue><ssdm name="empty_37"/></StgValue>
</operation>

<operation id="15" st_id="1" stage="1" lat="1">
<core>NULL</core>
<MemPortIdVec></MemPortIdVec>
<condition id="-1">
<or_exp><and_exp></and_exp></or_exp>
</condition>

<Node id="17" bw="32" op_0_bw="32">
<![CDATA[
newFuncRoot:2 %empty_38 = alloca i32 1

]]></Node>
<StgValue><ssdm name="empty_38"/></StgValue>
</operation>

<operation id="16" st_id="1" stage="1" lat="1">
<core>NULL</core>
<MemPortIdVec></MemPortIdVec>
<condition id="-1">
<or_exp><and_exp></and_exp></or_exp>
</condition>

<Node id="18" bw="32" op_0_bw="32">
<![CDATA[
newFuncRoot:3 %empty_39 = alloca i32 1

]]></Node>
<StgValue><ssdm name="empty_39"/></StgValue>
</operation>

<operation id="17" st_id="1" stage="1" lat="1">
<core>NULL</core>
<MemPortIdVec></MemPortIdVec>
<condition id="-1">
<or_exp><and_exp></and_exp></or_exp>
</condition>

<Node id="19" bw="9" op_0_bw="32">
<![CDATA[
newFuncRoot:4 %k = alloca i32 1

]]></Node>
<StgValue><ssdm name="k"/></StgValue>
</operation>

<operation id="18" st_id="1" stage="1" lat="1">
<core>NULL</core>
<MemPortIdVec></MemPortIdVec>
<condition id="-1">
<or_exp><and_exp></and_exp></or_exp>
</condition>

<Node id="20" bw="9" op_0_bw="9" op_1_bw="9">
<![CDATA[
newFuncRoot:5 %zext_ln254_read = read i9 @_ssdm_op_Read.ap_auto.i9, i9 %zext_ln254

]]></Node>
<StgValue><ssdm name="zext_ln254_read"/></StgValue>
</operation>

<operation id="19" st_id="1" stage="1" lat="1">
<core>NULL</core>
<MemPortIdVec></MemPortIdVec>
<condition id="-1">
<or_exp><and_exp></and_exp></or_exp>
</condition>

<Node id="21" bw="8" op_0_bw="8" op_1_bw="8">
<![CDATA[
newFuncRoot:6 %or_ln251_read = read i8 @_ssdm_op_Read.ap_auto.i8, i8 %or_ln251

]]></Node>
<StgValue><ssdm name="or_ln251_read"/></StgValue>
</operation>

<operation id="20" st_id="1" stage="1" lat="1">
<core>NULL</core>
<MemPortIdVec></MemPortIdVec>
<condition id="-1">
<or_exp><and_exp></and_exp></or_exp>
</condition>

<Node id="22" bw="9" op_0_bw="9" op_1_bw="9">
<![CDATA[
newFuncRoot:7 %select_ln251_1_read = read i9 @_ssdm_op_Read.ap_auto.i9, i9 %select_ln251_1

]]></Node>
<StgValue><ssdm name="select_ln251_1_read"/></StgValue>
</operation>

<operation id="21" st_id="1" stage="1" lat="1">
<core>NULL</core>
<MemPortIdVec></MemPortIdVec>
<condition id="-1">
<or_exp><and_exp></and_exp></or_exp>
</condition>

<Node id="23" bw="32" op_0_bw="32" op_1_bw="32">
<![CDATA[
newFuncRoot:8 %a_row_b_col_read = read i32 @_ssdm_op_Read.ap_auto.i32, i32 %a_row_b_col

]]></Node>
<StgValue><ssdm name="a_row_b_col_read"/></StgValue>
</operation>

<operation id="22" st_id="1" stage="1" lat="1">
<core>NULL</core>
<MemPortIdVec></MemPortIdVec>
<condition id="-1">
<or_exp><and_exp></and_exp></or_exp>
</condition>

<Node id="24" bw="8" op_0_bw="8" op_1_bw="8">
<![CDATA[
newFuncRoot:9 %or_ln258_read = read i8 @_ssdm_op_Read.ap_auto.i8, i8 %or_ln258

]]></Node>
<StgValue><ssdm name="or_ln258_read"/></StgValue>
</operation>

<operation id="23" st_id="1" stage="1" lat="1">
<core>NULL</core>
<MemPortIdVec></MemPortIdVec>
<condition id="-1">
<or_exp><and_exp></and_exp></or_exp>
</condition>

<Node id="25" bw="9" op_0_bw="9" op_1_bw="9">
<![CDATA[
newFuncRoot:10 %select_ln251_read = read i9 @_ssdm_op_Read.ap_auto.i9, i9 %select_ln251

]]></Node>
<StgValue><ssdm name="select_ln251_read"/></StgValue>
</operation>

<operation id="24" st_id="1" stage="1" lat="1">
<core>NULL</core>
<MemPortIdVec></MemPortIdVec>
<condition id="-1">
<or_exp><and_exp></and_exp></or_exp>
</condition>

<Node id="26" bw="16" op_0_bw="16" op_1_bw="16">
<![CDATA[
newFuncRoot:11 %zext_ln266_1_read = read i16 @_ssdm_op_Read.ap_auto.i16, i16 %zext_ln266_1

]]></Node>
<StgValue><ssdm name="zext_ln266_1_read"/></StgValue>
</operation>

<operation id="25" st_id="1" stage="1" lat="1">
<core>NULL</core>
<MemPortIdVec></MemPortIdVec>
<condition id="-1">
<or_exp><and_exp></and_exp></or_exp>
</condition>

<Node id="27" bw="16" op_0_bw="16" op_1_bw="16">
<![CDATA[
newFuncRoot:12 %zext_ln266_read = read i16 @_ssdm_op_Read.ap_auto.i16, i16 %zext_ln266

]]></Node>
<StgValue><ssdm name="zext_ln266_read"/></StgValue>
</operation>

<operation id="26" st_id="1" stage="1" lat="1">
<core>NULL</core>
<MemPortIdVec></MemPortIdVec>
<condition id="-1">
<or_exp><and_exp></and_exp></or_exp>
</condition>

<Node id="28" bw="16" op_0_bw="9">
<![CDATA[
newFuncRoot:13 %zext_ln254_cast = zext i9 %zext_ln254_read

]]></Node>
<StgValue><ssdm name="zext_ln254_cast"/></StgValue>
</operation>

<operation id="27" st_id="1" stage="1" lat="1">
<core>NULL</core>
<MemPortIdVec></MemPortIdVec>
<condition id="-1">
<or_exp><and_exp></and_exp></or_exp>
</condition>

<Node id="29" bw="0" op_0_bw="0" op_1_bw="32" op_2_bw="64" op_3_bw="64" op_4_bw="64">
<![CDATA[
newFuncRoot:14 %specmemcore_ln0 = specmemcore void @_ssdm_op_SpecMemCore, i32 %b, i64 666, i64 207, i64 1

]]></Node>
<StgValue><ssdm name="specmemcore_ln0"/></StgValue>
</operation>

<operation id="28" st_id="1" stage="1" lat="1">
<core>NULL</core>
<MemPortIdVec></MemPortIdVec>
<condition id="-1">
<or_exp><and_exp></and_exp></or_exp>
</condition>

<Node id="30" bw="0" op_0_bw="0" op_1_bw="32" op_2_bw="64" op_3_bw="64" op_4_bw="64">
<![CDATA[
newFuncRoot:15 %specmemcore_ln0 = specmemcore void @_ssdm_op_SpecMemCore, i32 %a, i64 666, i64 207, i64 1

]]></Node>
<StgValue><ssdm name="specmemcore_ln0"/></StgValue>
</operation>

<operation id="29" st_id="1" stage="1" lat="1">
<core>NULL</core>
<MemPortIdVec></MemPortIdVec>
<condition id="-1">
<or_exp><and_exp></and_exp></or_exp>
</condition>

<Node id="31" bw="0" op_0_bw="0" op_1_bw="32" op_2_bw="0" op_3_bw="32" op_4_bw="32" op_5_bw="0" op_6_bw="32" op_7_bw="32" op_8_bw="0" op_9_bw="0" op_10_bw="0" op_11_bw="32" op_12_bw="32" op_13_bw="32" op_14_bw="32" op_15_bw="0" op_16_bw="0">
<![CDATA[
newFuncRoot:16 %specinterface_ln0 = specinterface void @_ssdm_op_SpecInterface, i32 %b, void @empty_3, i32 0, i32 0, void @empty_0, i32 1, i32 0, void @empty_0, void @empty_0, void @empty_0, i32 0, i32 0, i32 0, i32 0, void @empty_0, void @empty_0

]]></Node>
<StgValue><ssdm name="specinterface_ln0"/></StgValue>
</operation>

<operation id="30" st_id="1" stage="1" lat="1">
<core>NULL</core>
<MemPortIdVec></MemPortIdVec>
<condition id="-1">
<or_exp><and_exp></and_exp></or_exp>
</condition>

<Node id="32" bw="0" op_0_bw="0" op_1_bw="32" op_2_bw="0" op_3_bw="32" op_4_bw="32" op_5_bw="0" op_6_bw="32" op_7_bw="32" op_8_bw="0" op_9_bw="0" op_10_bw="0" op_11_bw="32" op_12_bw="32" op_13_bw="32" op_14_bw="32" op_15_bw="0" op_16_bw="0">
<![CDATA[
newFuncRoot:17 %specinterface_ln0 = specinterface void @_ssdm_op_SpecInterface, i32 %a, void @empty_3, i32 0, i32 0, void @empty_0, i32 1, i32 0, void @empty_0, void @empty_0, void @empty_0, i32 0, i32 0, i32 0, i32 0, void @empty_0, void @empty_0

]]></Node>
<StgValue><ssdm name="specinterface_ln0"/></StgValue>
</operation>

<operation id="31" st_id="1" stage="1" lat="1">
<core>NULL</core>
<MemPortIdVec></MemPortIdVec>
<condition id="-1">
<or_exp><and_exp></and_exp></or_exp>
</condition>

<Node id="33" bw="0" op_0_bw="9" op_1_bw="9">
<![CDATA[
newFuncRoot:18 %store_ln0 = store i9 0, i9 %k

]]></Node>
<StgValue><ssdm name="store_ln0"/></StgValue>
</operation>

<operation id="32" st_id="1" stage="1" lat="1">
<core>NULL</core>
<MemPortIdVec></MemPortIdVec>
<condition id="-1">
<or_exp><and_exp></and_exp></or_exp>
</condition>

<Node id="34" bw="0" op_0_bw="32" op_1_bw="32">
<![CDATA[
newFuncRoot:19 %store_ln0 = store i32 0, i32 %empty_39

]]></Node>
<StgValue><ssdm name="store_ln0"/></StgValue>
</operation>

<operation id="33" st_id="1" stage="1" lat="1">
<core>NULL</core>
<MemPortIdVec></MemPortIdVec>
<condition id="-1">
<or_exp><and_exp></and_exp></or_exp>
</condition>

<Node id="35" bw="0" op_0_bw="32" op_1_bw="32">
<![CDATA[
newFuncRoot:20 %store_ln0 = store i32 0, i32 %empty_38

]]></Node>
<StgValue><ssdm name="store_ln0"/></StgValue>
</operation>

<operation id="34" st_id="1" stage="1" lat="1">
<core>NULL</core>
<MemPortIdVec></MemPortIdVec>
<condition id="-1">
<or_exp><and_exp></and_exp></or_exp>
</condition>

<Node id="36" bw="0" op_0_bw="32" op_1_bw="32">
<![CDATA[
newFuncRoot:21 %store_ln0 = store i32 0, i32 %empty_37

]]></Node>
<StgValue><ssdm name="store_ln0"/></StgValue>
</operation>

<operation id="35" st_id="1" stage="1" lat="1">
<core>NULL</core>
<MemPortIdVec></MemPortIdVec>
<condition id="-1">
<or_exp><and_exp></and_exp></or_exp>
</condition>

<Node id="37" bw="0" op_0_bw="32" op_1_bw="32">
<![CDATA[
newFuncRoot:22 %store_ln0 = store i32 0, i32 %empty

]]></Node>
<StgValue><ssdm name="store_ln0"/></StgValue>
</operation>

<operation id="36" st_id="1" stage="1" lat="1">
<core>NULL</core>
<MemPortIdVec></MemPortIdVec>
<condition id="-1">
<or_exp><and_exp></and_exp></or_exp>
</condition>

<Node id="38" bw="0" op_0_bw="0">
<![CDATA[
newFuncRoot:23 %br_ln0 = br void

]]></Node>
<StgValue><ssdm name="br_ln0"/></StgValue>
</operation>

<operation id="37" st_id="1" stage="1" lat="1">
<core>NULL</core>
<MemPortIdVec></MemPortIdVec>
<condition id="-1">
<or_exp><and_exp></and_exp></or_exp>
</condition>

<Node id="40" bw="9" op_0_bw="9" op_1_bw="0">
<![CDATA[
:0 %k_2 = load i9 %k

]]></Node>
<StgValue><ssdm name="k_2"/></StgValue>
</operation>

<operation id="38" st_id="1" stage="1" lat="1">
<core>NULL</core>
<MemPortIdVec></MemPortIdVec>
<condition id="-1">
<or_exp><and_exp></and_exp></or_exp>
</condition>

<Node id="41" bw="0" op_0_bw="0" op_1_bw="32" op_2_bw="32" op_3_bw="32" op_4_bw="32" op_5_bw="0">
<![CDATA[
:1 %specpipeline_ln0 = specpipeline void @_ssdm_op_SpecPipeline, i32 4294967295, i32 0, i32 1, i32 0, void @p_str

]]></Node>
<StgValue><ssdm name="specpipeline_ln0"/></StgValue>
</operation>

<operation id="39" st_id="1" stage="1" lat="1">
<core>NULL</core>
<MemPortIdVec></MemPortIdVec>
<condition id="-1">
<or_exp><and_exp></and_exp></or_exp>
</condition>

<Node id="42" bw="1" op_0_bw="1" op_1_bw="9" op_2_bw="32">
<![CDATA[
:2 %tmp = bitselect i1 @_ssdm_op_BitSelect.i1.i9.i32, i9 %k_2, i32 8

]]></Node>
<StgValue><ssdm name="tmp"/></StgValue>
</operation>

<operation id="40" st_id="1" stage="1" lat="1">
<core>NULL</core>
<MemPortIdVec></MemPortIdVec>
<condition id="-1">
<or_exp><and_exp></and_exp></or_exp>
</condition>

<Node id="43" bw="32" op_0_bw="32" op_1_bw="64" op_2_bw="64" op_3_bw="64">
<![CDATA[
:3 %empty_40 = speclooptripcount i32 @_ssdm_op_SpecLoopTripCount, i64 128, i64 128, i64 128

]]></Node>
<StgValue><ssdm name="empty_40"/></StgValue>
</operation>

<operation id="41" st_id="1" stage="1" lat="1">
<core>NULL</core>
<MemPortIdVec></MemPortIdVec>
<condition id="-1">
<or_exp><and_exp></and_exp></or_exp>
</condition>

<Node id="44" bw="0" op_0_bw="1" op_1_bw="0" op_2_bw="0">
<![CDATA[
:4 %br_ln262 = br i1 %tmp, void %.split97_ifconv, void %.exitStub

]]></Node>
<StgValue><ssdm name="br_ln262"/></StgValue>
</operation>

<operation id="42" st_id="1" stage="1" lat="1">
<core>NULL</core>
<MemPortIdVec></MemPortIdVec>
<condition id="-1">
<or_exp><and_exp><literal name="tmp" val="0"/>
</and_exp></or_exp>
</condition>

<Node id="50" bw="16" op_0_bw="9">
<![CDATA[
.split97_ifconv:4 %zext_ln266_4 = zext i9 %k_2

]]></Node>
<StgValue><ssdm name="zext_ln266_4"/></StgValue>
</operation>

<operation id="43" st_id="1" stage="1" lat="1">
<core>Adder</core>
<MemPortIdVec></MemPortIdVec>
<condition id="-1">
<or_exp><and_exp><literal name="tmp" val="0"/>
</and_exp></or_exp>
</condition>

<Node id="51" bw="16" op_0_bw="16" op_1_bw="16">
<![CDATA[
.split97_ifconv:5 %add_ln266_2 = add i16 %zext_ln266_read, i16 %zext_ln266_4

]]></Node>
<StgValue><ssdm name="add_ln266_2"/></StgValue>
</operation>

<operation id="44" st_id="1" stage="1" lat="1">
<core>NULL</core>
<MemPortIdVec></MemPortIdVec>
<condition id="-1">
<or_exp><and_exp><literal name="tmp" val="0"/>
</and_exp></or_exp>
</condition>

<Node id="52" bw="64" op_0_bw="16">
<![CDATA[
.split97_ifconv:6 %zext_ln266_5 = zext i16 %add_ln266_2

]]></Node>
<StgValue><ssdm name="zext_ln266_5"/></StgValue>
</operation>

<operation id="45" st_id="1" stage="1" lat="1">
<core>NULL</core>
<MemPortIdVec></MemPortIdVec>
<condition id="-1">
<or_exp><and_exp><literal name="tmp" val="0"/>
</and_exp></or_exp>
</condition>

<Node id="53" bw="16" op_0_bw="32" op_1_bw="64" op_2_bw="64">
<![CDATA[
.split97_ifconv:7 %a_addr_82 = getelementptr i32 %a, i64 0, i64 %zext_ln266_5

]]></Node>
<StgValue><ssdm name="a_addr_82"/></StgValue>
</operation>

<operation id="46" st_id="1" stage="1" lat="1">
<core>Adder</core>
<MemPortIdVec></MemPortIdVec>
<condition id="-1">
<or_exp><and_exp><literal name="tmp" val="0"/>
</and_exp></or_exp>
</condition>

<Node id="54" bw="16" op_0_bw="16" op_1_bw="16">
<![CDATA[
.split97_ifconv:8 %add_ln266_3 = add i16 %zext_ln266_1_read, i16 %zext_ln266_4

]]></Node>
<StgValue><ssdm name="add_ln266_3"/></StgValue>
</operation>

<operation id="47" st_id="1" stage="1" lat="1">
<core>NULL</core>
<MemPortIdVec></MemPortIdVec>
<condition id="-1">
<or_exp><and_exp><literal name="tmp" val="0"/>
</and_exp></or_exp>
</condition>

<Node id="57" bw="8" op_0_bw="8" op_1_bw="9" op_2_bw="32" op_3_bw="32">
<![CDATA[
.split97_ifconv:11 %tmp_s = partselect i8 @_ssdm_op_PartSelect.i8.i9.i32.i32, i9 %k_2, i32 1, i32 8

]]></Node>
<StgValue><ssdm name="tmp_s"/></StgValue>
</operation>

<operation id="48" st_id="1" stage="1" lat="1">
<core>NULL</core>
<MemPortIdVec></MemPortIdVec>
<condition id="-1">
<or_exp><and_exp><literal name="tmp" val="0"/>
</and_exp></or_exp>
</condition>

<Node id="58" bw="17" op_0_bw="17" op_1_bw="8" op_2_bw="9">
<![CDATA[
.split97_ifconv:12 %tmp_2484 = bitconcatenate i17 @_ssdm_op_BitConcatenate.i17.i8.i9, i8 %tmp_s, i9 %select_ln251_read

]]></Node>
<StgValue><ssdm name="tmp_2484"/></StgValue>
</operation>

<operation id="49" st_id="1" stage="1" lat="1">
<core>NULL</core>
<MemPortIdVec></MemPortIdVec>
<condition id="-1">
<or_exp><and_exp><literal name="tmp" val="0"/>
</and_exp></or_exp>
</condition>

<Node id="59" bw="64" op_0_bw="17">
<![CDATA[
.split97_ifconv:13 %zext_ln266_2 = zext i17 %tmp_2484

]]></Node>
<StgValue><ssdm name="zext_ln266_2"/></StgValue>
</operation>

<operation id="50" st_id="1" stage="1" lat="1">
<core>NULL</core>
<MemPortIdVec></MemPortIdVec>
<condition id="-1">
<or_exp><and_exp><literal name="tmp" val="0"/>
</and_exp></or_exp>
</condition>

<Node id="60" bw="16" op_0_bw="32" op_1_bw="64" op_2_bw="64">
<![CDATA[
.split97_ifconv:14 %b_addr_82 = getelementptr i32 %b, i64 0, i64 %zext_ln266_2

]]></Node>
<StgValue><ssdm name="b_addr_82"/></StgValue>
</operation>

<operation id="51" st_id="1" stage="1" lat="1">
<core>NULL</core>
<MemPortIdVec></MemPortIdVec>
<condition id="-1">
<or_exp><and_exp><literal name="tmp" val="0"/>
</and_exp></or_exp>
</condition>

<Node id="65" bw="32" op_0_bw="9">
<![CDATA[
.split97_ifconv:19 %k_3_cast17340 = zext i9 %k_2

]]></Node>
<StgValue><ssdm name="k_3_cast17340"/></StgValue>
</operation>

<operation id="52" st_id="1" stage="1" lat="1">
<core>Cmp</core>
<MemPortIdVec></MemPortIdVec>
<condition id="-1">
<or_exp><and_exp><literal name="tmp" val="0"/>
</and_exp></or_exp>
</condition>

<Node id="67" bw="1" op_0_bw="32" op_1_bw="32">
<![CDATA[
.split97_ifconv:21 %icmp_ln264 = icmp_slt  i32 %k_3_cast17340, i32 %a_row_b_col_read

]]></Node>
<StgValue><ssdm name="icmp_ln264"/></StgValue>
</operation>

<operation id="53" st_id="1" stage="2" lat="2">
<core>RAM_1P</core>
<MemPortIdVec>0 </MemPortIdVec>
<condition id="-1">
<or_exp><and_exp><literal name="tmp" val="0"/>
</and_exp></or_exp>
</condition>

<Node id="68" bw="32" op_0_bw="16">
<![CDATA[
.split97_ifconv:22 %a_load_82 = load i16 %a_addr_82

]]></Node>
<StgValue><ssdm name="a_load_82"/></StgValue>
</operation>

<operation id="54" st_id="1" stage="2" lat="2">
<core>RAM_1P</core>
<MemPortIdVec>0 </MemPortIdVec>
<condition id="-1">
<or_exp><and_exp><literal name="tmp" val="0"/>
</and_exp></or_exp>
</condition>

<Node id="69" bw="32" op_0_bw="16">
<![CDATA[
.split97_ifconv:23 %b_load_82 = load i16 %b_addr_82

]]></Node>
<StgValue><ssdm name="b_load_82"/></StgValue>
</operation>

<operation id="55" st_id="1" stage="1" lat="1">
<core>Adder</core>
<MemPortIdVec></MemPortIdVec>
<condition id="-1">
<or_exp><and_exp><literal name="tmp" val="0"/>
</and_exp></or_exp>
</condition>

<Node id="110" bw="9" op_0_bw="9" op_1_bw="9">
<![CDATA[
.split97_ifconv:64 %add_ln262 = add i9 %k_2, i9 2

]]></Node>
<StgValue><ssdm name="add_ln262"/></StgValue>
</operation>

<operation id="56" st_id="1" stage="1" lat="1">
<core>NULL</core>
<MemPortIdVec></MemPortIdVec>
<condition id="-1">
<or_exp><and_exp><literal name="tmp" val="0"/>
</and_exp></or_exp>
</condition>

<Node id="111" bw="0" op_0_bw="9" op_1_bw="9" op_2_bw="0" op_3_bw="0">
<![CDATA[
.split97_ifconv:65 %store_ln262 = store i9 %add_ln262, i9 %k

]]></Node>
<StgValue><ssdm name="store_ln262"/></StgValue>
</operation>
</state>

<state id="2" st_id="3">

<operation id="57" st_id="2" stage="1" lat="1">
<core>NULL</core>
<MemPortIdVec></MemPortIdVec>
<condition id="-1">
<or_exp><and_exp><literal name="tmp" val="0"/>
</and_exp></or_exp>
</condition>

<Node id="55" bw="64" op_0_bw="16">
<![CDATA[
.split97_ifconv:9 %zext_ln266_6 = zext i16 %add_ln266_3

]]></Node>
<StgValue><ssdm name="zext_ln266_6"/></StgValue>
</operation>

<operation id="58" st_id="2" stage="1" lat="1">
<core>NULL</core>
<MemPortIdVec></MemPortIdVec>
<condition id="-1">
<or_exp><and_exp><literal name="tmp" val="0"/>
</and_exp></or_exp>
</condition>

<Node id="56" bw="16" op_0_bw="32" op_1_bw="64" op_2_bw="64">
<![CDATA[
.split97_ifconv:10 %a_addr_83 = getelementptr i32 %a, i64 0, i64 %zext_ln266_6

]]></Node>
<StgValue><ssdm name="a_addr_83"/></StgValue>
</operation>

<operation id="59" st_id="2" stage="1" lat="1">
<core>NULL</core>
<MemPortIdVec></MemPortIdVec>
<condition id="-1">
<or_exp><and_exp><literal name="tmp" val="0"/>
</and_exp></or_exp>
</condition>

<Node id="61" bw="17" op_0_bw="17" op_1_bw="9" op_2_bw="8">
<![CDATA[
.split97_ifconv:15 %tmp_2485 = bitconcatenate i17 @_ssdm_op_BitConcatenate.i17.i9.i8, i9 %k_2, i8 %or_ln258_read

]]></Node>
<StgValue><ssdm name="tmp_2485"/></StgValue>
</operation>

<operation id="60" st_id="2" stage="1" lat="1">
<core>NULL</core>
<MemPortIdVec></MemPortIdVec>
<condition id="-1">
<or_exp><and_exp><literal name="tmp" val="0"/>
</and_exp></or_exp>
</condition>

<Node id="62" bw="64" op_0_bw="17">
<![CDATA[
.split97_ifconv:16 %zext_ln266_3 = zext i17 %tmp_2485

]]></Node>
<StgValue><ssdm name="zext_ln266_3"/></StgValue>
</operation>

<operation id="61" st_id="2" stage="1" lat="1">
<core>NULL</core>
<MemPortIdVec></MemPortIdVec>
<condition id="-1">
<or_exp><and_exp><literal name="tmp" val="0"/>
</and_exp></or_exp>
</condition>

<Node id="63" bw="16" op_0_bw="32" op_1_bw="64" op_2_bw="64">
<![CDATA[
.split97_ifconv:17 %b_addr_83 = getelementptr i32 %b, i64 0, i64 %zext_ln266_3

]]></Node>
<StgValue><ssdm name="b_addr_83"/></StgValue>
</operation>

<operation id="62" st_id="2" stage="1" lat="1">
<core>NULL</core>
<MemPortIdVec></MemPortIdVec>
<condition id="-1">
<or_exp><and_exp><literal name="tmp" val="0"/>
</and_exp></or_exp>
</condition>

<Node id="64" bw="8" op_0_bw="9">
<![CDATA[
.split97_ifconv:18 %empty_41 = trunc i9 %k_2

]]></Node>
<StgValue><ssdm name="empty_41"/></StgValue>
</operation>

<operation id="63" st_id="2" stage="1" lat="2">
<core>RAM_1P</core>
<MemPortIdVec>0 </MemPortIdVec>
<condition id="-1">
<or_exp><and_exp><literal name="tmp" val="0"/>
</and_exp></or_exp>
</condition>

<Node id="68" bw="32" op_0_bw="16">
<![CDATA[
.split97_ifconv:22 %a_load_82 = load i16 %a_addr_82

]]></Node>
<StgValue><ssdm name="a_load_82"/></StgValue>
</operation>

<operation id="64" st_id="2" stage="1" lat="2">
<core>RAM_1P</core>
<MemPortIdVec>0 </MemPortIdVec>
<condition id="-1">
<or_exp><and_exp><literal name="tmp" val="0"/>
</and_exp></or_exp>
</condition>

<Node id="69" bw="32" op_0_bw="16">
<![CDATA[
.split97_ifconv:23 %b_load_82 = load i16 %b_addr_82

]]></Node>
<StgValue><ssdm name="b_load_82"/></StgValue>
</operation>

<operation id="65" st_id="2" stage="2" lat="2">
<core>RAM_1P</core>
<MemPortIdVec>0 </MemPortIdVec>
<condition id="-1">
<or_exp><and_exp><literal name="tmp" val="0"/>
</and_exp></or_exp>
</condition>

<Node id="71" bw="32" op_0_bw="16">
<![CDATA[
.split97_ifconv:25 %a_load_83 = load i16 %a_addr_83

]]></Node>
<StgValue><ssdm name="a_load_83"/></StgValue>
</operation>

<operation id="66" st_id="2" stage="2" lat="2">
<core>RAM_1P</core>
<MemPortIdVec>0 </MemPortIdVec>
<condition id="-1">
<or_exp><and_exp><literal name="tmp" val="0"/>
</and_exp></or_exp>
</condition>

<Node id="72" bw="32" op_0_bw="16">
<![CDATA[
.split97_ifconv:26 %b_load_83 = load i16 %b_addr_83

]]></Node>
<StgValue><ssdm name="b_load_83"/></StgValue>
</operation>
</state>

<state id="3" st_id="4">

<operation id="67" st_id="3" stage="2" lat="2">
<core>Multiplier</core>
<MemPortIdVec></MemPortIdVec>
<condition id="-1">
<or_exp><and_exp><literal name="tmp" val="0"/>
<literal name="icmp_ln264" val="1"/>
</and_exp></or_exp>
</condition>

<Node id="70" bw="32" op_0_bw="32" op_1_bw="32">
<![CDATA[
.split97_ifconv:24 %mul_ln266 = mul i32 %b_load_82, i32 %a_load_82

]]></Node>
<StgValue><ssdm name="mul_ln266"/></StgValue>
</operation>

<operation id="68" st_id="3" stage="1" lat="2">
<core>RAM_1P</core>
<MemPortIdVec>0 </MemPortIdVec>
<condition id="-1">
<or_exp><and_exp><literal name="tmp" val="0"/>
</and_exp></or_exp>
</condition>

<Node id="71" bw="32" op_0_bw="16">
<![CDATA[
.split97_ifconv:25 %a_load_83 = load i16 %a_addr_83

]]></Node>
<StgValue><ssdm name="a_load_83"/></StgValue>
</operation>

<operation id="69" st_id="3" stage="1" lat="2">
<core>RAM_1P</core>
<MemPortIdVec>0 </MemPortIdVec>
<condition id="-1">
<or_exp><and_exp><literal name="tmp" val="0"/>
</and_exp></or_exp>
</condition>

<Node id="72" bw="32" op_0_bw="16">
<![CDATA[
.split97_ifconv:26 %b_load_83 = load i16 %b_addr_83

]]></Node>
<StgValue><ssdm name="b_load_83"/></StgValue>
</operation>

<operation id="70" st_id="3" stage="1" lat="1">
<core>NULL</core>
<MemPortIdVec></MemPortIdVec>
<condition id="-1">
<or_exp><and_exp><literal name="tmp" val="0"/>
</and_exp></or_exp>
</condition>

<Node id="76" bw="8" op_0_bw="8" op_1_bw="8">
<![CDATA[
.split97_ifconv:30 %or_ln267 = or i8 %empty_41, i8 1

]]></Node>
<StgValue><ssdm name="or_ln267"/></StgValue>
</operation>

<operation id="71" st_id="3" stage="1" lat="1">
<core>NULL</core>
<MemPortIdVec></MemPortIdVec>
<condition id="-1">
<or_exp><and_exp><literal name="tmp" val="0"/>
</and_exp></or_exp>
</condition>

<Node id="77" bw="17" op_0_bw="17" op_1_bw="9" op_2_bw="8">
<![CDATA[
.split97_ifconv:31 %tmp_2486 = bitconcatenate i17 @_ssdm_op_BitConcatenate.i17.i9.i8, i9 %select_ln251_1_read, i8 %or_ln267

]]></Node>
<StgValue><ssdm name="tmp_2486"/></StgValue>
</operation>

<operation id="72" st_id="3" stage="1" lat="1">
<core>NULL</core>
<MemPortIdVec></MemPortIdVec>
<condition id="-1">
<or_exp><and_exp><literal name="tmp" val="0"/>
</and_exp></or_exp>
</condition>

<Node id="78" bw="64" op_0_bw="17">
<![CDATA[
.split97_ifconv:32 %zext_ln268 = zext i17 %tmp_2486

]]></Node>
<StgValue><ssdm name="zext_ln268"/></StgValue>
</operation>

<operation id="73" st_id="3" stage="1" lat="1">
<core>NULL</core>
<MemPortIdVec></MemPortIdVec>
<condition id="-1">
<or_exp><and_exp><literal name="tmp" val="0"/>
</and_exp></or_exp>
</condition>

<Node id="79" bw="16" op_0_bw="32" op_1_bw="64" op_2_bw="64">
<![CDATA[
.split97_ifconv:33 %a_addr_84 = getelementptr i32 %a, i64 0, i64 %zext_ln268

]]></Node>
<StgValue><ssdm name="a_addr_84"/></StgValue>
</operation>

<operation id="74" st_id="3" stage="1" lat="1">
<core>NULL</core>
<MemPortIdVec></MemPortIdVec>
<condition id="-1">
<or_exp><and_exp><literal name="tmp" val="0"/>
</and_exp></or_exp>
</condition>

<Node id="83" bw="16" op_0_bw="16" op_1_bw="8" op_2_bw="8">
<![CDATA[
.split97_ifconv:37 %tmp_2488 = bitconcatenate i16 @_ssdm_op_BitConcatenate.i16.i8.i8, i8 %or_ln267, i8 0

]]></Node>
<StgValue><ssdm name="tmp_2488"/></StgValue>
</operation>

<operation id="75" st_id="3" stage="1" lat="1">
<core>Adder</core>
<MemPortIdVec></MemPortIdVec>
<condition id="-1">
<or_exp><and_exp><literal name="tmp" val="0"/>
</and_exp></or_exp>
</condition>

<Node id="84" bw="16" op_0_bw="16" op_1_bw="16">
<![CDATA[
.split97_ifconv:38 %add_ln267_2 = add i16 %tmp_2488, i16 %zext_ln254_cast

]]></Node>
<StgValue><ssdm name="add_ln267_2"/></StgValue>
</operation>

<operation id="76" st_id="3" stage="1" lat="1">
<core>NULL</core>
<MemPortIdVec></MemPortIdVec>
<condition id="-1">
<or_exp><and_exp><literal name="tmp" val="0"/>
</and_exp></or_exp>
</condition>

<Node id="85" bw="64" op_0_bw="16">
<![CDATA[
.split97_ifconv:39 %zext_ln267 = zext i16 %add_ln267_2

]]></Node>
<StgValue><ssdm name="zext_ln267"/></StgValue>
</operation>

<operation id="77" st_id="3" stage="1" lat="1">
<core>NULL</core>
<MemPortIdVec></MemPortIdVec>
<condition id="-1">
<or_exp><and_exp><literal name="tmp" val="0"/>
</and_exp></or_exp>
</condition>

<Node id="86" bw="16" op_0_bw="32" op_1_bw="64" op_2_bw="64">
<![CDATA[
.split97_ifconv:40 %b_addr_84 = getelementptr i32 %b, i64 0, i64 %zext_ln267

]]></Node>
<StgValue><ssdm name="b_addr_84"/></StgValue>
</operation>

<operation id="78" st_id="3" stage="2" lat="2">
<core>RAM_1P</core>
<MemPortIdVec>0 </MemPortIdVec>
<condition id="-1">
<or_exp><and_exp><literal name="tmp" val="0"/>
</and_exp></or_exp>
</condition>

<Node id="90" bw="32" op_0_bw="16">
<![CDATA[
.split97_ifconv:44 %b_load_84 = load i16 %b_addr_84

]]></Node>
<StgValue><ssdm name="b_load_84"/></StgValue>
</operation>

<operation id="79" st_id="3" stage="2" lat="2">
<core>RAM_1P</core>
<MemPortIdVec>0 </MemPortIdVec>
<condition id="-1">
<or_exp><and_exp><literal name="tmp" val="0"/>
</and_exp></or_exp>
</condition>

<Node id="96" bw="32" op_0_bw="16">
<![CDATA[
.split97_ifconv:50 %a_load_84 = load i16 %a_addr_84

]]></Node>
<StgValue><ssdm name="a_load_84"/></StgValue>
</operation>
</state>

<state id="4" st_id="5">

<operation id="80" st_id="4" stage="1" lat="2">
<core>Multiplier</core>
<MemPortIdVec></MemPortIdVec>
<condition id="-1">
<or_exp><and_exp><literal name="tmp" val="0"/>
<literal name="icmp_ln264" val="1"/>
</and_exp></or_exp>
</condition>

<Node id="70" bw="32" op_0_bw="32" op_1_bw="32">
<![CDATA[
.split97_ifconv:24 %mul_ln266 = mul i32 %b_load_82, i32 %a_load_82

]]></Node>
<StgValue><ssdm name="mul_ln266"/></StgValue>
</operation>

<operation id="81" st_id="4" stage="2" lat="2">
<core>Multiplier</core>
<MemPortIdVec></MemPortIdVec>
<condition id="-1">
<or_exp><and_exp><literal name="tmp" val="0"/>
<literal name="icmp_ln264" val="1"/>
</and_exp></or_exp>
</condition>

<Node id="73" bw="32" op_0_bw="32" op_1_bw="32">
<![CDATA[
.split97_ifconv:27 %mul_ln266_1 = mul i32 %b_load_83, i32 %a_load_83

]]></Node>
<StgValue><ssdm name="mul_ln266_1"/></StgValue>
</operation>

<operation id="82" st_id="4" stage="1" lat="1">
<core>NULL</core>
<MemPortIdVec></MemPortIdVec>
<condition id="-1">
<or_exp><and_exp><literal name="tmp" val="0"/>
</and_exp></or_exp>
</condition>

<Node id="80" bw="16" op_0_bw="16" op_1_bw="8" op_2_bw="8">
<![CDATA[
.split97_ifconv:34 %tmp_2487 = bitconcatenate i16 @_ssdm_op_BitConcatenate.i16.i8.i8, i8 %or_ln251_read, i8 %or_ln267

]]></Node>
<StgValue><ssdm name="tmp_2487"/></StgValue>
</operation>

<operation id="83" st_id="4" stage="1" lat="1">
<core>NULL</core>
<MemPortIdVec></MemPortIdVec>
<condition id="-1">
<or_exp><and_exp><literal name="tmp" val="0"/>
</and_exp></or_exp>
</condition>

<Node id="81" bw="64" op_0_bw="16">
<![CDATA[
.split97_ifconv:35 %zext_ln268_1 = zext i16 %tmp_2487

]]></Node>
<StgValue><ssdm name="zext_ln268_1"/></StgValue>
</operation>

<operation id="84" st_id="4" stage="1" lat="1">
<core>NULL</core>
<MemPortIdVec></MemPortIdVec>
<condition id="-1">
<or_exp><and_exp><literal name="tmp" val="0"/>
</and_exp></or_exp>
</condition>

<Node id="82" bw="16" op_0_bw="32" op_1_bw="64" op_2_bw="64">
<![CDATA[
.split97_ifconv:36 %a_addr_85 = getelementptr i32 %a, i64 0, i64 %zext_ln268_1

]]></Node>
<StgValue><ssdm name="a_addr_85"/></StgValue>
</operation>

<operation id="85" st_id="4" stage="1" lat="1">
<core>NULL</core>
<MemPortIdVec></MemPortIdVec>
<condition id="-1">
<or_exp><and_exp><literal name="tmp" val="0"/>
</and_exp></or_exp>
</condition>

<Node id="87" bw="16" op_0_bw="16" op_1_bw="8" op_2_bw="8">
<![CDATA[
.split97_ifconv:41 %tmp_2489 = bitconcatenate i16 @_ssdm_op_BitConcatenate.i16.i8.i8, i8 %or_ln267, i8 %or_ln258_read

]]></Node>
<StgValue><ssdm name="tmp_2489"/></StgValue>
</operation>

<operation id="86" st_id="4" stage="1" lat="1">
<core>NULL</core>
<MemPortIdVec></MemPortIdVec>
<condition id="-1">
<or_exp><and_exp><literal name="tmp" val="0"/>
</and_exp></or_exp>
</condition>

<Node id="88" bw="64" op_0_bw="16">
<![CDATA[
.split97_ifconv:42 %zext_ln267_1 = zext i16 %tmp_2489

]]></Node>
<StgValue><ssdm name="zext_ln267_1"/></StgValue>
</operation>

<operation id="87" st_id="4" stage="1" lat="1">
<core>NULL</core>
<MemPortIdVec></MemPortIdVec>
<condition id="-1">
<or_exp><and_exp><literal name="tmp" val="0"/>
</and_exp></or_exp>
</condition>

<Node id="89" bw="16" op_0_bw="32" op_1_bw="64" op_2_bw="64">
<![CDATA[
.split97_ifconv:43 %b_addr_85 = getelementptr i32 %b, i64 0, i64 %zext_ln267_1

]]></Node>
<StgValue><ssdm name="b_addr_85"/></StgValue>
</operation>

<operation id="88" st_id="4" stage="1" lat="2">
<core>RAM_1P</core>
<MemPortIdVec>0 </MemPortIdVec>
<condition id="-1">
<or_exp><and_exp><literal name="tmp" val="0"/>
</and_exp></or_exp>
</condition>

<Node id="90" bw="32" op_0_bw="16">
<![CDATA[
.split97_ifconv:44 %b_load_84 = load i16 %b_addr_84

]]></Node>
<StgValue><ssdm name="b_load_84"/></StgValue>
</operation>

<operation id="89" st_id="4" stage="2" lat="2">
<core>RAM_1P</core>
<MemPortIdVec>0 </MemPortIdVec>
<condition id="-1">
<or_exp><and_exp><literal name="tmp" val="0"/>
</and_exp></or_exp>
</condition>

<Node id="92" bw="32" op_0_bw="16">
<![CDATA[
.split97_ifconv:46 %b_load_85 = load i16 %b_addr_85

]]></Node>
<StgValue><ssdm name="b_load_85"/></StgValue>
</operation>

<operation id="90" st_id="4" stage="1" lat="2">
<core>RAM_1P</core>
<MemPortIdVec>0 </MemPortIdVec>
<condition id="-1">
<or_exp><and_exp><literal name="tmp" val="0"/>
</and_exp></or_exp>
</condition>

<Node id="96" bw="32" op_0_bw="16">
<![CDATA[
.split97_ifconv:50 %a_load_84 = load i16 %a_addr_84

]]></Node>
<StgValue><ssdm name="a_load_84"/></StgValue>
</operation>

<operation id="91" st_id="4" stage="2" lat="2">
<core>RAM_1P</core>
<MemPortIdVec>0 </MemPortIdVec>
<condition id="-1">
<or_exp><and_exp><literal name="tmp" val="0"/>
</and_exp></or_exp>
</condition>

<Node id="98" bw="32" op_0_bw="16">
<![CDATA[
.split97_ifconv:52 %a_load_85 = load i16 %a_addr_85

]]></Node>
<StgValue><ssdm name="a_load_85"/></StgValue>
</operation>
</state>

<state id="5" st_id="6">

<operation id="92" st_id="5" stage="1" lat="2">
<core>Multiplier</core>
<MemPortIdVec></MemPortIdVec>
<condition id="-1">
<or_exp><and_exp><literal name="icmp_ln264" val="1"/>
</and_exp></or_exp>
</condition>

<Node id="73" bw="32" op_0_bw="32" op_1_bw="32">
<![CDATA[
.split97_ifconv:27 %mul_ln266_1 = mul i32 %b_load_83, i32 %a_load_83

]]></Node>
<StgValue><ssdm name="mul_ln266_1"/></StgValue>
</operation>

<operation id="93" st_id="5" stage="2" lat="2">
<core>Multiplier</core>
<MemPortIdVec></MemPortIdVec>
<condition id="-1">
<or_exp><and_exp><literal name="icmp_ln264" val="1"/>
</and_exp></or_exp>
</condition>

<Node id="91" bw="32" op_0_bw="32" op_1_bw="32">
<![CDATA[
.split97_ifconv:45 %mul_ln267 = mul i32 %b_load_84, i32 %a_load_82

]]></Node>
<StgValue><ssdm name="mul_ln267"/></StgValue>
</operation>

<operation id="94" st_id="5" stage="1" lat="2">
<core>RAM_1P</core>
<MemPortIdVec>0 </MemPortIdVec>
<condition id="-1">
<or_exp><and_exp></and_exp></or_exp>
</condition>

<Node id="92" bw="32" op_0_bw="16">
<![CDATA[
.split97_ifconv:46 %b_load_85 = load i16 %b_addr_85

]]></Node>
<StgValue><ssdm name="b_load_85"/></StgValue>
</operation>

<operation id="95" st_id="5" stage="2" lat="2">
<core>Multiplier</core>
<MemPortIdVec></MemPortIdVec>
<condition id="-1">
<or_exp><and_exp><literal name="icmp_ln264" val="1"/>
</and_exp></or_exp>
</condition>

<Node id="97" bw="32" op_0_bw="32" op_1_bw="32">
<![CDATA[
.split97_ifconv:51 %mul_ln268 = mul i32 %a_load_84, i32 %b_load_82

]]></Node>
<StgValue><ssdm name="mul_ln268"/></StgValue>
</operation>

<operation id="96" st_id="5" stage="1" lat="2">
<core>RAM_1P</core>
<MemPortIdVec>0 </MemPortIdVec>
<condition id="-1">
<or_exp><and_exp></and_exp></or_exp>
</condition>

<Node id="98" bw="32" op_0_bw="16">
<![CDATA[
.split97_ifconv:52 %a_load_85 = load i16 %a_addr_85

]]></Node>
<StgValue><ssdm name="a_load_85"/></StgValue>
</operation>
</state>

<state id="6" st_id="7">

<operation id="97" st_id="6" stage="1" lat="1">
<core>NULL</core>
<MemPortIdVec></MemPortIdVec>
<condition id="-1">
<or_exp><and_exp></and_exp></or_exp>
</condition>

<Node id="49" bw="32" op_0_bw="32" op_1_bw="0">
<![CDATA[
.split97_ifconv:3 %p_load = load i32 %empty_39

]]></Node>
<StgValue><ssdm name="p_load"/></StgValue>
</operation>

<operation id="98" st_id="6" stage="1" lat="1">
<core>TAddSub</core>
<MemPortIdVec></MemPortIdVec>
<condition id="-1">
<or_exp><and_exp><literal name="icmp_ln264" val="1"/>
</and_exp></or_exp>
</condition>

<Node id="74" bw="32" op_0_bw="32" op_1_bw="32">
<![CDATA[
.split97_ifconv:28 %add_ln266 = add i32 %mul_ln266_1, i32 %p_load

]]></Node>
<StgValue><ssdm name="add_ln266"/></StgValue>
</operation>

<operation id="99" st_id="6" stage="1" lat="1">
<core>TAddSub</core>
<MemPortIdVec></MemPortIdVec>
<condition id="-1">
<or_exp><and_exp><literal name="icmp_ln264" val="1"/>
</and_exp></or_exp>
</condition>

<Node id="75" bw="32" op_0_bw="32" op_1_bw="32">
<![CDATA[
.split97_ifconv:29 %add_ln266_1 = add i32 %add_ln266, i32 %mul_ln266

]]></Node>
<StgValue><ssdm name="add_ln266_1"/></StgValue>
</operation>

<operation id="100" st_id="6" stage="1" lat="2">
<core>Multiplier</core>
<MemPortIdVec></MemPortIdVec>
<condition id="-1">
<or_exp><and_exp><literal name="icmp_ln264" val="1"/>
</and_exp></or_exp>
</condition>

<Node id="91" bw="32" op_0_bw="32" op_1_bw="32">
<![CDATA[
.split97_ifconv:45 %mul_ln267 = mul i32 %b_load_84, i32 %a_load_82

]]></Node>
<StgValue><ssdm name="mul_ln267"/></StgValue>
</operation>

<operation id="101" st_id="6" stage="2" lat="2">
<core>Multiplier</core>
<MemPortIdVec></MemPortIdVec>
<condition id="-1">
<or_exp><and_exp><literal name="icmp_ln264" val="1"/>
</and_exp></or_exp>
</condition>

<Node id="93" bw="32" op_0_bw="32" op_1_bw="32">
<![CDATA[
.split97_ifconv:47 %mul_ln267_1 = mul i32 %b_load_85, i32 %a_load_83

]]></Node>
<StgValue><ssdm name="mul_ln267_1"/></StgValue>
</operation>

<operation id="102" st_id="6" stage="1" lat="2">
<core>Multiplier</core>
<MemPortIdVec></MemPortIdVec>
<condition id="-1">
<or_exp><and_exp><literal name="icmp_ln264" val="1"/>
</and_exp></or_exp>
</condition>

<Node id="97" bw="32" op_0_bw="32" op_1_bw="32">
<![CDATA[
.split97_ifconv:51 %mul_ln268 = mul i32 %a_load_84, i32 %b_load_82

]]></Node>
<StgValue><ssdm name="mul_ln268"/></StgValue>
</operation>

<operation id="103" st_id="6" stage="2" lat="2">
<core>Multiplier</core>
<MemPortIdVec></MemPortIdVec>
<condition id="-1">
<or_exp><and_exp><literal name="icmp_ln264" val="1"/>
</and_exp></or_exp>
</condition>

<Node id="99" bw="32" op_0_bw="32" op_1_bw="32">
<![CDATA[
.split97_ifconv:53 %mul_ln268_1 = mul i32 %a_load_85, i32 %b_load_83

]]></Node>
<StgValue><ssdm name="mul_ln268_1"/></StgValue>
</operation>

<operation id="104" st_id="6" stage="1" lat="1">
<core>Sel</core>
<MemPortIdVec></MemPortIdVec>
<condition id="-1">
<or_exp><and_exp></and_exp></or_exp>
</condition>

<Node id="109" bw="32" op_0_bw="1" op_1_bw="32" op_2_bw="32">
<![CDATA[
.split97_ifconv:63 %select_ln264_3 = select i1 %icmp_ln264, i32 %add_ln266_1, i32 %p_load

]]></Node>
<StgValue><ssdm name="select_ln264_3"/></StgValue>
</operation>

<operation id="105" st_id="6" stage="1" lat="1">
<core>NULL</core>
<MemPortIdVec></MemPortIdVec>
<condition id="-1">
<or_exp><and_exp></and_exp></or_exp>
</condition>

<Node id="112" bw="0" op_0_bw="32" op_1_bw="32" op_2_bw="0" op_3_bw="0">
<![CDATA[
.split97_ifconv:66 %store_ln264 = store i32 %select_ln264_3, i32 %empty_39

]]></Node>
<StgValue><ssdm name="store_ln264"/></StgValue>
</operation>

<operation id="129" st_id="6" stage="1" lat="1">
<core>NULL</core>
<MemPortIdVec></MemPortIdVec>
<condition id="-1">
<or_exp><and_exp><literal name="tmp" val="1"/>
</and_exp></or_exp>
</condition>

<Node id="118" bw="32" op_0_bw="32" op_1_bw="0">
<![CDATA[
.exitStub:0 %p_load23 = load i32 %empty

]]></Node>
<StgValue><ssdm name="p_load23"/></StgValue>
</operation>

<operation id="130" st_id="6" stage="1" lat="1">
<core>NULL</core>
<MemPortIdVec></MemPortIdVec>
<condition id="-1">
<or_exp><and_exp><literal name="tmp" val="1"/>
</and_exp></or_exp>
</condition>

<Node id="119" bw="32" op_0_bw="32" op_1_bw="0">
<![CDATA[
.exitStub:1 %p_load21 = load i32 %empty_37

]]></Node>
<StgValue><ssdm name="p_load21"/></StgValue>
</operation>

<operation id="131" st_id="6" stage="1" lat="1">
<core>NULL</core>
<MemPortIdVec></MemPortIdVec>
<condition id="-1">
<or_exp><and_exp><literal name="tmp" val="1"/>
</and_exp></or_exp>
</condition>

<Node id="120" bw="32" op_0_bw="32" op_1_bw="0">
<![CDATA[
.exitStub:2 %p_load19 = load i32 %empty_38

]]></Node>
<StgValue><ssdm name="p_load19"/></StgValue>
</operation>

<operation id="132" st_id="6" stage="1" lat="1">
<core>NULL</core>
<MemPortIdVec></MemPortIdVec>
<condition id="-1">
<or_exp><and_exp><literal name="tmp" val="1"/>
</and_exp></or_exp>
</condition>

<Node id="121" bw="32" op_0_bw="32" op_1_bw="0">
<![CDATA[
.exitStub:3 %p_load17 = load i32 %empty_39

]]></Node>
<StgValue><ssdm name="p_load17"/></StgValue>
</operation>

<operation id="133" st_id="6" stage="1" lat="1">
<core>NULL</core>
<MemPortIdVec></MemPortIdVec>
<condition id="-1">
<or_exp><and_exp><literal name="tmp" val="1"/>
</and_exp></or_exp>
</condition>

<Node id="122" bw="0" op_0_bw="0" op_1_bw="32" op_2_bw="32">
<![CDATA[
.exitStub:4 %write_ln0 = write void @_ssdm_op_Write.ap_auto.i32P0A, i32 %p_out, i32 %p_load17

]]></Node>
<StgValue><ssdm name="write_ln0"/></StgValue>
</operation>

<operation id="134" st_id="6" stage="1" lat="1">
<core>NULL</core>
<MemPortIdVec></MemPortIdVec>
<condition id="-1">
<or_exp><and_exp><literal name="tmp" val="1"/>
</and_exp></or_exp>
</condition>

<Node id="123" bw="0" op_0_bw="0" op_1_bw="32" op_2_bw="32">
<![CDATA[
.exitStub:5 %write_ln0 = write void @_ssdm_op_Write.ap_auto.i32P0A, i32 %p_out1, i32 %p_load19

]]></Node>
<StgValue><ssdm name="write_ln0"/></StgValue>
</operation>

<operation id="135" st_id="6" stage="1" lat="1">
<core>NULL</core>
<MemPortIdVec></MemPortIdVec>
<condition id="-1">
<or_exp><and_exp><literal name="tmp" val="1"/>
</and_exp></or_exp>
</condition>

<Node id="124" bw="0" op_0_bw="0" op_1_bw="32" op_2_bw="32">
<![CDATA[
.exitStub:6 %write_ln0 = write void @_ssdm_op_Write.ap_auto.i32P0A, i32 %p_out2, i32 %p_load21

]]></Node>
<StgValue><ssdm name="write_ln0"/></StgValue>
</operation>

<operation id="136" st_id="6" stage="1" lat="1">
<core>NULL</core>
<MemPortIdVec></MemPortIdVec>
<condition id="-1">
<or_exp><and_exp><literal name="tmp" val="1"/>
</and_exp></or_exp>
</condition>

<Node id="125" bw="0" op_0_bw="0" op_1_bw="32" op_2_bw="32">
<![CDATA[
.exitStub:7 %write_ln0 = write void @_ssdm_op_Write.ap_auto.i32P0A, i32 %p_out3, i32 %p_load23

]]></Node>
<StgValue><ssdm name="write_ln0"/></StgValue>
</operation>

<operation id="137" st_id="6" stage="1" lat="1">
<core>NULL</core>
<MemPortIdVec></MemPortIdVec>
<condition id="-1">
<or_exp><and_exp><literal name="tmp" val="1"/>
</and_exp></or_exp>
</condition>

<Node id="126" bw="0">
<![CDATA[
.exitStub:8 %ret_ln0 = ret

]]></Node>
<StgValue><ssdm name="ret_ln0"/></StgValue>
</operation>
</state>

<state id="7" st_id="8">

<operation id="106" st_id="7" stage="1" lat="2">
<core>Multiplier</core>
<MemPortIdVec></MemPortIdVec>
<condition id="-1">
<or_exp><and_exp><literal name="icmp_ln264" val="1"/>
</and_exp></or_exp>
</condition>

<Node id="93" bw="32" op_0_bw="32" op_1_bw="32">
<![CDATA[
.split97_ifconv:47 %mul_ln267_1 = mul i32 %b_load_85, i32 %a_load_83

]]></Node>
<StgValue><ssdm name="mul_ln267_1"/></StgValue>
</operation>

<operation id="107" st_id="7" stage="1" lat="2">
<core>Multiplier</core>
<MemPortIdVec></MemPortIdVec>
<condition id="-1">
<or_exp><and_exp><literal name="icmp_ln264" val="1"/>
</and_exp></or_exp>
</condition>

<Node id="99" bw="32" op_0_bw="32" op_1_bw="32">
<![CDATA[
.split97_ifconv:53 %mul_ln268_1 = mul i32 %a_load_85, i32 %b_load_83

]]></Node>
<StgValue><ssdm name="mul_ln268_1"/></StgValue>
</operation>

<operation id="108" st_id="7" stage="2" lat="2">
<core>Multiplier</core>
<MemPortIdVec></MemPortIdVec>
<condition id="-1">
<or_exp><and_exp><literal name="icmp_ln264" val="1"/>
</and_exp></or_exp>
</condition>

<Node id="102" bw="32" op_0_bw="32" op_1_bw="32">
<![CDATA[
.split97_ifconv:56 %mul_ln269 = mul i32 %a_load_84, i32 %b_load_84

]]></Node>
<StgValue><ssdm name="mul_ln269"/></StgValue>
</operation>
</state>

<state id="8" st_id="9">

<operation id="109" st_id="8" stage="1" lat="1">
<core>NULL</core>
<MemPortIdVec></MemPortIdVec>
<condition id="-1">
<or_exp><and_exp></and_exp></or_exp>
</condition>

<Node id="47" bw="32" op_0_bw="32" op_1_bw="0">
<![CDATA[
.split97_ifconv:1 %p_load20 = load i32 %empty_37

]]></Node>
<StgValue><ssdm name="p_load20"/></StgValue>
</operation>

<operation id="110" st_id="8" stage="1" lat="1">
<core>NULL</core>
<MemPortIdVec></MemPortIdVec>
<condition id="-1">
<or_exp><and_exp></and_exp></or_exp>
</condition>

<Node id="48" bw="32" op_0_bw="32" op_1_bw="0">
<![CDATA[
.split97_ifconv:2 %p_load18 = load i32 %empty_38

]]></Node>
<StgValue><ssdm name="p_load18"/></StgValue>
</operation>

<operation id="111" st_id="8" stage="1" lat="1">
<core>TAddSub</core>
<MemPortIdVec></MemPortIdVec>
<condition id="-1">
<or_exp><and_exp><literal name="icmp_ln264" val="1"/>
</and_exp></or_exp>
</condition>

<Node id="94" bw="32" op_0_bw="32" op_1_bw="32">
<![CDATA[
.split97_ifconv:48 %add_ln267 = add i32 %mul_ln267, i32 %p_load18

]]></Node>
<StgValue><ssdm name="add_ln267"/></StgValue>
</operation>

<operation id="112" st_id="8" stage="1" lat="1">
<core>TAddSub</core>
<MemPortIdVec></MemPortIdVec>
<condition id="-1">
<or_exp><and_exp><literal name="icmp_ln264" val="1"/>
</and_exp></or_exp>
</condition>

<Node id="95" bw="32" op_0_bw="32" op_1_bw="32">
<![CDATA[
.split97_ifconv:49 %add_ln267_1 = add i32 %add_ln267, i32 %mul_ln267_1

]]></Node>
<StgValue><ssdm name="add_ln267_1"/></StgValue>
</operation>

<operation id="113" st_id="8" stage="1" lat="1">
<core>TAddSub</core>
<MemPortIdVec></MemPortIdVec>
<condition id="-1">
<or_exp><and_exp><literal name="icmp_ln264" val="1"/>
</and_exp></or_exp>
</condition>

<Node id="100" bw="32" op_0_bw="32" op_1_bw="32">
<![CDATA[
.split97_ifconv:54 %add_ln268 = add i32 %p_load20, i32 %mul_ln268_1

]]></Node>
<StgValue><ssdm name="add_ln268"/></StgValue>
</operation>

<operation id="114" st_id="8" stage="1" lat="1">
<core>TAddSub</core>
<MemPortIdVec></MemPortIdVec>
<condition id="-1">
<or_exp><and_exp><literal name="icmp_ln264" val="1"/>
</and_exp></or_exp>
</condition>

<Node id="101" bw="32" op_0_bw="32" op_1_bw="32">
<![CDATA[
.split97_ifconv:55 %add_ln268_1 = add i32 %add_ln268, i32 %mul_ln268

]]></Node>
<StgValue><ssdm name="add_ln268_1"/></StgValue>
</operation>

<operation id="115" st_id="8" stage="1" lat="2">
<core>Multiplier</core>
<MemPortIdVec></MemPortIdVec>
<condition id="-1">
<or_exp><and_exp><literal name="icmp_ln264" val="1"/>
</and_exp></or_exp>
</condition>

<Node id="102" bw="32" op_0_bw="32" op_1_bw="32">
<![CDATA[
.split97_ifconv:56 %mul_ln269 = mul i32 %a_load_84, i32 %b_load_84

]]></Node>
<StgValue><ssdm name="mul_ln269"/></StgValue>
</operation>

<operation id="116" st_id="8" stage="2" lat="2">
<core>Multiplier</core>
<MemPortIdVec></MemPortIdVec>
<condition id="-1">
<or_exp><and_exp><literal name="icmp_ln264" val="1"/>
</and_exp></or_exp>
</condition>

<Node id="103" bw="32" op_0_bw="32" op_1_bw="32">
<![CDATA[
.split97_ifconv:57 %mul_ln269_1 = mul i32 %a_load_85, i32 %b_load_85

]]></Node>
<StgValue><ssdm name="mul_ln269_1"/></StgValue>
</operation>

<operation id="117" st_id="8" stage="1" lat="1">
<core>Sel</core>
<MemPortIdVec></MemPortIdVec>
<condition id="-1">
<or_exp><and_exp></and_exp></or_exp>
</condition>

<Node id="107" bw="32" op_0_bw="1" op_1_bw="32" op_2_bw="32">
<![CDATA[
.split97_ifconv:61 %select_ln264_1 = select i1 %icmp_ln264, i32 %add_ln268_1, i32 %p_load20

]]></Node>
<StgValue><ssdm name="select_ln264_1"/></StgValue>
</operation>

<operation id="118" st_id="8" stage="1" lat="1">
<core>Sel</core>
<MemPortIdVec></MemPortIdVec>
<condition id="-1">
<or_exp><and_exp></and_exp></or_exp>
</condition>

<Node id="108" bw="32" op_0_bw="1" op_1_bw="32" op_2_bw="32">
<![CDATA[
.split97_ifconv:62 %select_ln264_2 = select i1 %icmp_ln264, i32 %add_ln267_1, i32 %p_load18

]]></Node>
<StgValue><ssdm name="select_ln264_2"/></StgValue>
</operation>

<operation id="119" st_id="8" stage="1" lat="1">
<core>NULL</core>
<MemPortIdVec></MemPortIdVec>
<condition id="-1">
<or_exp><and_exp></and_exp></or_exp>
</condition>

<Node id="113" bw="0" op_0_bw="32" op_1_bw="32" op_2_bw="0" op_3_bw="0">
<![CDATA[
.split97_ifconv:67 %store_ln264 = store i32 %select_ln264_2, i32 %empty_38

]]></Node>
<StgValue><ssdm name="store_ln264"/></StgValue>
</operation>

<operation id="120" st_id="8" stage="1" lat="1">
<core>NULL</core>
<MemPortIdVec></MemPortIdVec>
<condition id="-1">
<or_exp><and_exp></and_exp></or_exp>
</condition>

<Node id="114" bw="0" op_0_bw="32" op_1_bw="32" op_2_bw="0" op_3_bw="0">
<![CDATA[
.split97_ifconv:68 %store_ln264 = store i32 %select_ln264_1, i32 %empty_37

]]></Node>
<StgValue><ssdm name="store_ln264"/></StgValue>
</operation>
</state>

<state id="9" st_id="10">

<operation id="121" st_id="9" stage="1" lat="2">
<core>Multiplier</core>
<MemPortIdVec></MemPortIdVec>
<condition id="-1">
<or_exp><and_exp><literal name="icmp_ln264" val="1"/>
</and_exp></or_exp>
</condition>

<Node id="103" bw="32" op_0_bw="32" op_1_bw="32">
<![CDATA[
.split97_ifconv:57 %mul_ln269_1 = mul i32 %a_load_85, i32 %b_load_85

]]></Node>
<StgValue><ssdm name="mul_ln269_1"/></StgValue>
</operation>
</state>

<state id="10" st_id="11">

<operation id="122" st_id="10" stage="1" lat="1">
<core>NULL</core>
<MemPortIdVec></MemPortIdVec>
<condition id="-1">
<or_exp><and_exp></and_exp></or_exp>
</condition>

<Node id="46" bw="32" op_0_bw="32" op_1_bw="0">
<![CDATA[
.split97_ifconv:0 %p_load22 = load i32 %empty

]]></Node>
<StgValue><ssdm name="p_load22"/></StgValue>
</operation>

<operation id="123" st_id="10" stage="1" lat="1">
<core>NULL</core>
<MemPortIdVec></MemPortIdVec>
<condition id="-1">
<or_exp><and_exp></and_exp></or_exp>
</condition>

<Node id="66" bw="0" op_0_bw="0" op_1_bw="0">
<![CDATA[
.split97_ifconv:20 %specloopname_ln10 = specloopname void @_ssdm_op_SpecLoopName, void @empty_11

]]></Node>
<StgValue><ssdm name="specloopname_ln10"/></StgValue>
</operation>

<operation id="124" st_id="10" stage="1" lat="1">
<core>TAddSub</core>
<MemPortIdVec></MemPortIdVec>
<condition id="-1">
<or_exp><and_exp><literal name="icmp_ln264" val="1"/>
</and_exp></or_exp>
</condition>

<Node id="104" bw="32" op_0_bw="32" op_1_bw="32">
<![CDATA[
.split97_ifconv:58 %add_ln269 = add i32 %p_load22, i32 %mul_ln269_1

]]></Node>
<StgValue><ssdm name="add_ln269"/></StgValue>
</operation>

<operation id="125" st_id="10" stage="1" lat="1">
<core>TAddSub</core>
<MemPortIdVec></MemPortIdVec>
<condition id="-1">
<or_exp><and_exp><literal name="icmp_ln264" val="1"/>
</and_exp></or_exp>
</condition>

<Node id="105" bw="32" op_0_bw="32" op_1_bw="32">
<![CDATA[
.split97_ifconv:59 %add_ln269_1 = add i32 %add_ln269, i32 %mul_ln269

]]></Node>
<StgValue><ssdm name="add_ln269_1"/></StgValue>
</operation>

<operation id="126" st_id="10" stage="1" lat="1">
<core>Sel</core>
<MemPortIdVec></MemPortIdVec>
<condition id="-1">
<or_exp><and_exp></and_exp></or_exp>
</condition>

<Node id="106" bw="32" op_0_bw="1" op_1_bw="32" op_2_bw="32">
<![CDATA[
.split97_ifconv:60 %select_ln264 = select i1 %icmp_ln264, i32 %add_ln269_1, i32 %p_load22

]]></Node>
<StgValue><ssdm name="select_ln264"/></StgValue>
</operation>

<operation id="127" st_id="10" stage="1" lat="1">
<core>NULL</core>
<MemPortIdVec></MemPortIdVec>
<condition id="-1">
<or_exp><and_exp></and_exp></or_exp>
</condition>

<Node id="115" bw="0" op_0_bw="32" op_1_bw="32" op_2_bw="0" op_3_bw="0">
<![CDATA[
.split97_ifconv:69 %store_ln264 = store i32 %select_ln264, i32 %empty

]]></Node>
<StgValue><ssdm name="store_ln264"/></StgValue>
</operation>

<operation id="128" st_id="10" stage="1" lat="1">
<core>NULL</core>
<MemPortIdVec></MemPortIdVec>
<condition id="-1">
<or_exp><and_exp></and_exp></or_exp>
</condition>

<Node id="116" bw="0" op_0_bw="0">
<![CDATA[
.split97_ifconv:70 %br_ln0 = br void

]]></Node>
<StgValue><ssdm name="br_ln0"/></StgValue>
</operation>
</state>
</state_list>


<ports>
<port id="163" name="zext_ln266" dir="0" iftype="0">
<core>NULL</core><StgValue><ssdm name="zext_ln266"/></StgValue>
</port>
<port id="164" name="a" dir="0" iftype="1">
<core>RAM_1P</core><StgValue><ssdm name="a"/><MemPortTyVec>1 </MemPortTyVec>
</StgValue>
</port>
<port id="165" name="zext_ln266_1" dir="0" iftype="0">
<core>NULL</core><StgValue><ssdm name="zext_ln266_1"/></StgValue>
</port>
<port id="166" name="select_ln251" dir="0" iftype="0">
<core>NULL</core><StgValue><ssdm name="select_ln251"/></StgValue>
</port>
<port id="167" name="b" dir="0" iftype="1">
<core>RAM_1P</core><StgValue><ssdm name="b"/><MemPortTyVec>1 </MemPortTyVec>
</StgValue>
</port>
<port id="168" name="or_ln258" dir="0" iftype="0">
<core>NULL</core><StgValue><ssdm name="or_ln258"/></StgValue>
</port>
<port id="169" name="a_row_b_col" dir="0" iftype="0">
<core>NULL</core><StgValue><ssdm name="a_row_b_col"/></StgValue>
</port>
<port id="170" name="select_ln251_1" dir="0" iftype="0">
<core>NULL</core><StgValue><ssdm name="select_ln251_1"/></StgValue>
</port>
<port id="171" name="or_ln251" dir="0" iftype="0">
<core>NULL</core><StgValue><ssdm name="or_ln251"/></StgValue>
</port>
<port id="172" name="zext_ln254" dir="0" iftype="0">
<core>NULL</core><StgValue><ssdm name="zext_ln254"/></StgValue>
</port>
<port id="173" name="p_out" dir="1" iftype="0">
<core>NULL</core><StgValue><ssdm name="p_out"/></StgValue>
</port>
<port id="174" name="p_out1" dir="1" iftype="0">
<core>NULL</core><StgValue><ssdm name="p_out1"/></StgValue>
</port>
<port id="175" name="p_out2" dir="1" iftype="0">
<core>NULL</core><StgValue><ssdm name="p_out2"/></StgValue>
</port>
<port id="176" name="p_out3" dir="1" iftype="0">
<core>NULL</core><StgValue><ssdm name="p_out3"/></StgValue>
</port>
</ports>


<dataflows>
<dataflow id="178" from="StgValue_177" to="empty" fromId="177" toId="13">
</dataflow>
<dataflow id="179" from="StgValue_177" to="empty_37" fromId="177" toId="14">
</dataflow>
<dataflow id="180" from="StgValue_177" to="empty_38" fromId="177" toId="15">
</dataflow>
<dataflow id="181" from="StgValue_177" to="empty_39" fromId="177" toId="16">
</dataflow>
<dataflow id="182" from="StgValue_177" to="k" fromId="177" toId="17">
</dataflow>
<dataflow id="184" from="_ssdm_op_Read.ap_auto.i9" to="zext_ln254_read" fromId="183" toId="18">
</dataflow>
<dataflow id="185" from="zext_ln254" to="zext_ln254_read" fromId="172" toId="18">
</dataflow>
<dataflow id="187" from="_ssdm_op_Read.ap_auto.i8" to="or_ln251_read" fromId="186" toId="19">
</dataflow>
<dataflow id="188" from="or_ln251" to="or_ln251_read" fromId="171" toId="19">
</dataflow>
<dataflow id="189" from="_ssdm_op_Read.ap_auto.i9" to="select_ln251_1_read" fromId="183" toId="20">
</dataflow>
<dataflow id="190" from="select_ln251_1" to="select_ln251_1_read" fromId="170" toId="20">
</dataflow>
<dataflow id="192" from="_ssdm_op_Read.ap_auto.i32" to="a_row_b_col_read" fromId="191" toId="21">
</dataflow>
<dataflow id="193" from="a_row_b_col" to="a_row_b_col_read" fromId="169" toId="21">
</dataflow>
<dataflow id="194" from="_ssdm_op_Read.ap_auto.i8" to="or_ln258_read" fromId="186" toId="22">
</dataflow>
<dataflow id="195" from="or_ln258" to="or_ln258_read" fromId="168" toId="22">
</dataflow>
<dataflow id="196" from="_ssdm_op_Read.ap_auto.i9" to="select_ln251_read" fromId="183" toId="23">
</dataflow>
<dataflow id="197" from="select_ln251" to="select_ln251_read" fromId="166" toId="23">
</dataflow>
<dataflow id="199" from="_ssdm_op_Read.ap_auto.i16" to="zext_ln266_1_read" fromId="198" toId="24">
</dataflow>
<dataflow id="200" from="zext_ln266_1" to="zext_ln266_1_read" fromId="165" toId="24">
</dataflow>
<dataflow id="201" from="_ssdm_op_Read.ap_auto.i16" to="zext_ln266_read" fromId="198" toId="25">
</dataflow>
<dataflow id="202" from="zext_ln266" to="zext_ln266_read" fromId="163" toId="25">
</dataflow>
<dataflow id="203" from="zext_ln254_read" to="zext_ln254_cast" fromId="18" toId="26">
</dataflow>
<dataflow id="205" from="_ssdm_op_SpecMemCore" to="specmemcore_ln0" fromId="204" toId="27">
</dataflow>
<dataflow id="206" from="b" to="specmemcore_ln0" fromId="167" toId="27">
</dataflow>
<dataflow id="208" from="StgValue_207" to="specmemcore_ln0" fromId="207" toId="27">
</dataflow>
<dataflow id="210" from="StgValue_209" to="specmemcore_ln0" fromId="209" toId="27">
</dataflow>
<dataflow id="212" from="StgValue_211" to="specmemcore_ln0" fromId="211" toId="27">
</dataflow>
<dataflow id="213" from="_ssdm_op_SpecMemCore" to="specmemcore_ln0" fromId="204" toId="28">
</dataflow>
<dataflow id="214" from="a" to="specmemcore_ln0" fromId="164" toId="28">
</dataflow>
<dataflow id="215" from="StgValue_207" to="specmemcore_ln0" fromId="207" toId="28">
</dataflow>
<dataflow id="216" from="StgValue_209" to="specmemcore_ln0" fromId="209" toId="28">
</dataflow>
<dataflow id="217" from="StgValue_211" to="specmemcore_ln0" fromId="211" toId="28">
</dataflow>
<dataflow id="219" from="_ssdm_op_SpecInterface" to="specinterface_ln0" fromId="218" toId="29">
</dataflow>
<dataflow id="220" from="b" to="specinterface_ln0" fromId="167" toId="29">
</dataflow>
<dataflow id="222" from="empty_3" to="specinterface_ln0" fromId="221" toId="29">
</dataflow>
<dataflow id="224" from="StgValue_223" to="specinterface_ln0" fromId="223" toId="29">
</dataflow>
<dataflow id="225" from="StgValue_223" to="specinterface_ln0" fromId="223" toId="29">
</dataflow>
<dataflow id="227" from="empty_0" to="specinterface_ln0" fromId="226" toId="29">
</dataflow>
<dataflow id="228" from="StgValue_177" to="specinterface_ln0" fromId="177" toId="29">
</dataflow>
<dataflow id="229" from="StgValue_223" to="specinterface_ln0" fromId="223" toId="29">
</dataflow>
<dataflow id="230" from="empty_0" to="specinterface_ln0" fromId="226" toId="29">
</dataflow>
<dataflow id="231" from="empty_0" to="specinterface_ln0" fromId="226" toId="29">
</dataflow>
<dataflow id="232" from="empty_0" to="specinterface_ln0" fromId="226" toId="29">
</dataflow>
<dataflow id="233" from="StgValue_223" to="specinterface_ln0" fromId="223" toId="29">
</dataflow>
<dataflow id="234" from="StgValue_223" to="specinterface_ln0" fromId="223" toId="29">
</dataflow>
<dataflow id="235" from="StgValue_223" to="specinterface_ln0" fromId="223" toId="29">
</dataflow>
<dataflow id="236" from="StgValue_223" to="specinterface_ln0" fromId="223" toId="29">
</dataflow>
<dataflow id="237" from="empty_0" to="specinterface_ln0" fromId="226" toId="29">
</dataflow>
<dataflow id="238" from="empty_0" to="specinterface_ln0" fromId="226" toId="29">
</dataflow>
<dataflow id="239" from="_ssdm_op_SpecInterface" to="specinterface_ln0" fromId="218" toId="30">
</dataflow>
<dataflow id="240" from="a" to="specinterface_ln0" fromId="164" toId="30">
</dataflow>
<dataflow id="241" from="empty_3" to="specinterface_ln0" fromId="221" toId="30">
</dataflow>
<dataflow id="242" from="StgValue_223" to="specinterface_ln0" fromId="223" toId="30">
</dataflow>
<dataflow id="243" from="StgValue_223" to="specinterface_ln0" fromId="223" toId="30">
</dataflow>
<dataflow id="244" from="empty_0" to="specinterface_ln0" fromId="226" toId="30">
</dataflow>
<dataflow id="245" from="StgValue_177" to="specinterface_ln0" fromId="177" toId="30">
</dataflow>
<dataflow id="246" from="StgValue_223" to="specinterface_ln0" fromId="223" toId="30">
</dataflow>
<dataflow id="247" from="empty_0" to="specinterface_ln0" fromId="226" toId="30">
</dataflow>
<dataflow id="248" from="empty_0" to="specinterface_ln0" fromId="226" toId="30">
</dataflow>
<dataflow id="249" from="empty_0" to="specinterface_ln0" fromId="226" toId="30">
</dataflow>
<dataflow id="250" from="StgValue_223" to="specinterface_ln0" fromId="223" toId="30">
</dataflow>
<dataflow id="251" from="StgValue_223" to="specinterface_ln0" fromId="223" toId="30">
</dataflow>
<dataflow id="252" from="StgValue_223" to="specinterface_ln0" fromId="223" toId="30">
</dataflow>
<dataflow id="253" from="StgValue_223" to="specinterface_ln0" fromId="223" toId="30">
</dataflow>
<dataflow id="254" from="empty_0" to="specinterface_ln0" fromId="226" toId="30">
</dataflow>
<dataflow id="255" from="empty_0" to="specinterface_ln0" fromId="226" toId="30">
</dataflow>
<dataflow id="257" from="StgValue_256" to="store_ln0" fromId="256" toId="31">
</dataflow>
<dataflow id="258" from="k" to="store_ln0" fromId="17" toId="31">
</dataflow>
<dataflow id="259" from="StgValue_223" to="store_ln0" fromId="223" toId="32">
</dataflow>
<dataflow id="260" from="empty_39" to="store_ln0" fromId="16" toId="32">
</dataflow>
<dataflow id="261" from="StgValue_223" to="store_ln0" fromId="223" toId="33">
</dataflow>
<dataflow id="262" from="empty_38" to="store_ln0" fromId="15" toId="33">
</dataflow>
<dataflow id="263" from="StgValue_223" to="store_ln0" fromId="223" toId="34">
</dataflow>
<dataflow id="264" from="empty_37" to="store_ln0" fromId="14" toId="34">
</dataflow>
<dataflow id="265" from="StgValue_223" to="store_ln0" fromId="223" toId="35">
</dataflow>
<dataflow id="266" from="empty" to="store_ln0" fromId="13" toId="35">
</dataflow>
<dataflow id="267" from="k" to="k_2" fromId="17" toId="37">
</dataflow>
<dataflow id="269" from="_ssdm_op_SpecPipeline" to="specpipeline_ln0" fromId="268" toId="38">
</dataflow>
<dataflow id="271" from="StgValue_270" to="specpipeline_ln0" fromId="270" toId="38">
</dataflow>
<dataflow id="272" from="StgValue_223" to="specpipeline_ln0" fromId="223" toId="38">
</dataflow>
<dataflow id="273" from="StgValue_177" to="specpipeline_ln0" fromId="177" toId="38">
</dataflow>
<dataflow id="274" from="StgValue_223" to="specpipeline_ln0" fromId="223" toId="38">
</dataflow>
<dataflow id="276" from="p_str" to="specpipeline_ln0" fromId="275" toId="38">
</dataflow>
<dataflow id="278" from="_ssdm_op_BitSelect.i1.i9.i32" to="tmp" fromId="277" toId="39">
</dataflow>
<dataflow id="279" from="k_2" to="tmp" fromId="37" toId="39">
</dataflow>
<dataflow id="281" from="StgValue_280" to="tmp" fromId="280" toId="39">
</dataflow>
<dataflow id="283" from="_ssdm_op_SpecLoopTripCount" to="empty_40" fromId="282" toId="40">
</dataflow>
<dataflow id="285" from="StgValue_284" to="empty_40" fromId="284" toId="40">
</dataflow>
<dataflow id="286" from="StgValue_284" to="empty_40" fromId="284" toId="40">
</dataflow>
<dataflow id="287" from="StgValue_284" to="empty_40" fromId="284" toId="40">
</dataflow>
<dataflow id="288" from="tmp" to="br_ln262" fromId="39" toId="41">
</dataflow>
<dataflow id="289" from="k_2" to="zext_ln266_4" fromId="37" toId="42">
</dataflow>
<dataflow id="290" from="zext_ln266_read" to="add_ln266_2" fromId="25" toId="43">
</dataflow>
<dataflow id="291" from="zext_ln266_4" to="add_ln266_2" fromId="42" toId="43">
</dataflow>
<dataflow id="292" from="add_ln266_2" to="zext_ln266_5" fromId="43" toId="44">
</dataflow>
<dataflow id="293" from="a" to="a_addr_82" fromId="164" toId="45">
</dataflow>
<dataflow id="295" from="StgValue_294" to="a_addr_82" fromId="294" toId="45">
</dataflow>
<dataflow id="296" from="zext_ln266_5" to="a_addr_82" fromId="44" toId="45">
</dataflow>
<dataflow id="297" from="zext_ln266_1_read" to="add_ln266_3" fromId="24" toId="46">
</dataflow>
<dataflow id="298" from="zext_ln266_4" to="add_ln266_3" fromId="42" toId="46">
</dataflow>
<dataflow id="300" from="_ssdm_op_PartSelect.i8.i9.i32.i32" to="tmp_s" fromId="299" toId="47">
</dataflow>
<dataflow id="301" from="k_2" to="tmp_s" fromId="37" toId="47">
</dataflow>
<dataflow id="302" from="StgValue_177" to="tmp_s" fromId="177" toId="47">
</dataflow>
<dataflow id="303" from="StgValue_280" to="tmp_s" fromId="280" toId="47">
</dataflow>
<dataflow id="305" from="_ssdm_op_BitConcatenate.i17.i8.i9" to="tmp_2484" fromId="304" toId="48">
</dataflow>
<dataflow id="306" from="tmp_s" to="tmp_2484" fromId="47" toId="48">
</dataflow>
<dataflow id="307" from="select_ln251_read" to="tmp_2484" fromId="23" toId="48">
</dataflow>
<dataflow id="308" from="tmp_2484" to="zext_ln266_2" fromId="48" toId="49">
</dataflow>
<dataflow id="309" from="b" to="b_addr_82" fromId="167" toId="50">
</dataflow>
<dataflow id="310" from="StgValue_294" to="b_addr_82" fromId="294" toId="50">
</dataflow>
<dataflow id="311" from="zext_ln266_2" to="b_addr_82" fromId="49" toId="50">
</dataflow>
<dataflow id="312" from="k_2" to="k_3_cast17340" fromId="37" toId="51">
</dataflow>
<dataflow id="313" from="k_3_cast17340" to="icmp_ln264" fromId="51" toId="52">
</dataflow>
<dataflow id="314" from="a_row_b_col_read" to="icmp_ln264" fromId="21" toId="52">
</dataflow>
<dataflow id="315" from="a_addr_82" to="a_load_82" fromId="45" toId="53">
</dataflow>
<dataflow id="316" from="b_addr_82" to="b_load_82" fromId="50" toId="54">
</dataflow>
<dataflow id="317" from="k_2" to="add_ln262" fromId="37" toId="55">
</dataflow>
<dataflow id="319" from="StgValue_318" to="add_ln262" fromId="318" toId="55">
</dataflow>
<dataflow id="320" from="add_ln262" to="store_ln262" fromId="55" toId="56">
</dataflow>
<dataflow id="321" from="k" to="store_ln262" fromId="17" toId="56">
</dataflow>
<dataflow id="322" from="add_ln266_3" to="zext_ln266_6" fromId="46" toId="57">
</dataflow>
<dataflow id="323" from="a" to="a_addr_83" fromId="164" toId="58">
</dataflow>
<dataflow id="324" from="StgValue_294" to="a_addr_83" fromId="294" toId="58">
</dataflow>
<dataflow id="325" from="zext_ln266_6" to="a_addr_83" fromId="57" toId="58">
</dataflow>
<dataflow id="327" from="_ssdm_op_BitConcatenate.i17.i9.i8" to="tmp_2485" fromId="326" toId="59">
</dataflow>
<dataflow id="328" from="k_2" to="tmp_2485" fromId="37" toId="59">
</dataflow>
<dataflow id="329" from="or_ln258_read" to="tmp_2485" fromId="22" toId="59">
</dataflow>
<dataflow id="330" from="tmp_2485" to="zext_ln266_3" fromId="59" toId="60">
</dataflow>
<dataflow id="331" from="b" to="b_addr_83" fromId="167" toId="61">
</dataflow>
<dataflow id="332" from="StgValue_294" to="b_addr_83" fromId="294" toId="61">
</dataflow>
<dataflow id="333" from="zext_ln266_3" to="b_addr_83" fromId="60" toId="61">
</dataflow>
<dataflow id="334" from="k_2" to="empty_41" fromId="37" toId="62">
</dataflow>
<dataflow id="335" from="a_addr_82" to="a_load_82" fromId="45" toId="63">
</dataflow>
<dataflow id="336" from="b_addr_82" to="b_load_82" fromId="50" toId="64">
</dataflow>
<dataflow id="337" from="a_addr_83" to="a_load_83" fromId="58" toId="65">
</dataflow>
<dataflow id="338" from="b_addr_83" to="b_load_83" fromId="61" toId="66">
</dataflow>
<dataflow id="339" from="b_load_82" to="mul_ln266" fromId="64" toId="67">
</dataflow>
<dataflow id="340" from="a_load_82" to="mul_ln266" fromId="63" toId="67">
</dataflow>
<dataflow id="341" from="a_addr_83" to="a_load_83" fromId="58" toId="68">
</dataflow>
<dataflow id="342" from="b_addr_83" to="b_load_83" fromId="61" toId="69">
</dataflow>
<dataflow id="343" from="empty_41" to="or_ln267" fromId="62" toId="70">
</dataflow>
<dataflow id="345" from="StgValue_344" to="or_ln267" fromId="344" toId="70">
</dataflow>
<dataflow id="346" from="_ssdm_op_BitConcatenate.i17.i9.i8" to="tmp_2486" fromId="326" toId="71">
</dataflow>
<dataflow id="347" from="select_ln251_1_read" to="tmp_2486" fromId="20" toId="71">
</dataflow>
<dataflow id="348" from="or_ln267" to="tmp_2486" fromId="70" toId="71">
</dataflow>
<dataflow id="349" from="tmp_2486" to="zext_ln268" fromId="71" toId="72">
</dataflow>
<dataflow id="350" from="a" to="a_addr_84" fromId="164" toId="73">
</dataflow>
<dataflow id="351" from="StgValue_294" to="a_addr_84" fromId="294" toId="73">
</dataflow>
<dataflow id="352" from="zext_ln268" to="a_addr_84" fromId="72" toId="73">
</dataflow>
<dataflow id="354" from="_ssdm_op_BitConcatenate.i16.i8.i8" to="tmp_2488" fromId="353" toId="74">
</dataflow>
<dataflow id="355" from="or_ln267" to="tmp_2488" fromId="70" toId="74">
</dataflow>
<dataflow id="357" from="StgValue_356" to="tmp_2488" fromId="356" toId="74">
</dataflow>
<dataflow id="358" from="tmp_2488" to="add_ln267_2" fromId="74" toId="75">
</dataflow>
<dataflow id="359" from="zext_ln254_cast" to="add_ln267_2" fromId="26" toId="75">
</dataflow>
<dataflow id="360" from="add_ln267_2" to="zext_ln267" fromId="75" toId="76">
</dataflow>
<dataflow id="361" from="b" to="b_addr_84" fromId="167" toId="77">
</dataflow>
<dataflow id="362" from="StgValue_294" to="b_addr_84" fromId="294" toId="77">
</dataflow>
<dataflow id="363" from="zext_ln267" to="b_addr_84" fromId="76" toId="77">
</dataflow>
<dataflow id="364" from="b_addr_84" to="b_load_84" fromId="77" toId="78">
</dataflow>
<dataflow id="365" from="a_addr_84" to="a_load_84" fromId="73" toId="79">
</dataflow>
<dataflow id="366" from="b_load_82" to="mul_ln266" fromId="64" toId="80">
</dataflow>
<dataflow id="367" from="a_load_82" to="mul_ln266" fromId="63" toId="80">
</dataflow>
<dataflow id="368" from="b_load_83" to="mul_ln266_1" fromId="69" toId="81">
</dataflow>
<dataflow id="369" from="a_load_83" to="mul_ln266_1" fromId="68" toId="81">
</dataflow>
<dataflow id="370" from="_ssdm_op_BitConcatenate.i16.i8.i8" to="tmp_2487" fromId="353" toId="82">
</dataflow>
<dataflow id="371" from="or_ln251_read" to="tmp_2487" fromId="19" toId="82">
</dataflow>
<dataflow id="372" from="or_ln267" to="tmp_2487" fromId="70" toId="82">
</dataflow>
<dataflow id="373" from="tmp_2487" to="zext_ln268_1" fromId="82" toId="83">
</dataflow>
<dataflow id="374" from="a" to="a_addr_85" fromId="164" toId="84">
</dataflow>
<dataflow id="375" from="StgValue_294" to="a_addr_85" fromId="294" toId="84">
</dataflow>
<dataflow id="376" from="zext_ln268_1" to="a_addr_85" fromId="83" toId="84">
</dataflow>
<dataflow id="377" from="_ssdm_op_BitConcatenate.i16.i8.i8" to="tmp_2489" fromId="353" toId="85">
</dataflow>
<dataflow id="378" from="or_ln267" to="tmp_2489" fromId="70" toId="85">
</dataflow>
<dataflow id="379" from="or_ln258_read" to="tmp_2489" fromId="22" toId="85">
</dataflow>
<dataflow id="380" from="tmp_2489" to="zext_ln267_1" fromId="85" toId="86">
</dataflow>
<dataflow id="381" from="b" to="b_addr_85" fromId="167" toId="87">
</dataflow>
<dataflow id="382" from="StgValue_294" to="b_addr_85" fromId="294" toId="87">
</dataflow>
<dataflow id="383" from="zext_ln267_1" to="b_addr_85" fromId="86" toId="87">
</dataflow>
<dataflow id="384" from="b_addr_84" to="b_load_84" fromId="77" toId="88">
</dataflow>
<dataflow id="385" from="b_addr_85" to="b_load_85" fromId="87" toId="89">
</dataflow>
<dataflow id="386" from="a_addr_84" to="a_load_84" fromId="73" toId="90">
</dataflow>
<dataflow id="387" from="a_addr_85" to="a_load_85" fromId="84" toId="91">
</dataflow>
<dataflow id="388" from="b_load_83" to="mul_ln266_1" fromId="69" toId="92">
</dataflow>
<dataflow id="389" from="a_load_83" to="mul_ln266_1" fromId="68" toId="92">
</dataflow>
<dataflow id="390" from="b_load_84" to="mul_ln267" fromId="88" toId="93">
</dataflow>
<dataflow id="391" from="a_load_82" to="mul_ln267" fromId="63" toId="93">
</dataflow>
<dataflow id="392" from="b_addr_85" to="b_load_85" fromId="87" toId="94">
</dataflow>
<dataflow id="393" from="a_load_84" to="mul_ln268" fromId="90" toId="95">
</dataflow>
<dataflow id="394" from="b_load_82" to="mul_ln268" fromId="64" toId="95">
</dataflow>
<dataflow id="395" from="a_addr_85" to="a_load_85" fromId="84" toId="96">
</dataflow>
<dataflow id="396" from="empty_39" to="p_load" fromId="16" toId="97">
</dataflow>
<dataflow id="397" from="mul_ln266_1" to="add_ln266" fromId="92" toId="98">
</dataflow>
<dataflow id="398" from="p_load" to="add_ln266" fromId="97" toId="98">
</dataflow>
<dataflow id="399" from="add_ln266" to="add_ln266_1" fromId="98" toId="99">
</dataflow>
<dataflow id="400" from="mul_ln266" to="add_ln266_1" fromId="80" toId="99">
</dataflow>
<dataflow id="401" from="b_load_84" to="mul_ln267" fromId="88" toId="100">
</dataflow>
<dataflow id="402" from="a_load_82" to="mul_ln267" fromId="63" toId="100">
</dataflow>
<dataflow id="403" from="b_load_85" to="mul_ln267_1" fromId="94" toId="101">
</dataflow>
<dataflow id="404" from="a_load_83" to="mul_ln267_1" fromId="68" toId="101">
</dataflow>
<dataflow id="405" from="a_load_84" to="mul_ln268" fromId="90" toId="102">
</dataflow>
<dataflow id="406" from="b_load_82" to="mul_ln268" fromId="64" toId="102">
</dataflow>
<dataflow id="407" from="a_load_85" to="mul_ln268_1" fromId="96" toId="103">
</dataflow>
<dataflow id="408" from="b_load_83" to="mul_ln268_1" fromId="69" toId="103">
</dataflow>
<dataflow id="409" from="icmp_ln264" to="select_ln264_3" fromId="52" toId="104">
</dataflow>
<dataflow id="410" from="add_ln266_1" to="select_ln264_3" fromId="99" toId="104">
</dataflow>
<dataflow id="411" from="p_load" to="select_ln264_3" fromId="97" toId="104">
</dataflow>
<dataflow id="412" from="select_ln264_3" to="store_ln264" fromId="104" toId="105">
</dataflow>
<dataflow id="413" from="empty_39" to="store_ln264" fromId="16" toId="105">
</dataflow>
<dataflow id="414" from="b_load_85" to="mul_ln267_1" fromId="94" toId="106">
</dataflow>
<dataflow id="415" from="a_load_83" to="mul_ln267_1" fromId="68" toId="106">
</dataflow>
<dataflow id="416" from="a_load_85" to="mul_ln268_1" fromId="96" toId="107">
</dataflow>
<dataflow id="417" from="b_load_83" to="mul_ln268_1" fromId="69" toId="107">
</dataflow>
<dataflow id="418" from="a_load_84" to="mul_ln269" fromId="90" toId="108">
</dataflow>
<dataflow id="419" from="b_load_84" to="mul_ln269" fromId="88" toId="108">
</dataflow>
<dataflow id="420" from="empty_37" to="p_load20" fromId="14" toId="109">
</dataflow>
<dataflow id="421" from="empty_38" to="p_load18" fromId="15" toId="110">
</dataflow>
<dataflow id="422" from="mul_ln267" to="add_ln267" fromId="100" toId="111">
</dataflow>
<dataflow id="423" from="p_load18" to="add_ln267" fromId="110" toId="111">
</dataflow>
<dataflow id="424" from="add_ln267" to="add_ln267_1" fromId="111" toId="112">
</dataflow>
<dataflow id="425" from="mul_ln267_1" to="add_ln267_1" fromId="106" toId="112">
</dataflow>
<dataflow id="426" from="p_load20" to="add_ln268" fromId="109" toId="113">
</dataflow>
<dataflow id="427" from="mul_ln268_1" to="add_ln268" fromId="107" toId="113">
</dataflow>
<dataflow id="428" from="add_ln268" to="add_ln268_1" fromId="113" toId="114">
</dataflow>
<dataflow id="429" from="mul_ln268" to="add_ln268_1" fromId="102" toId="114">
</dataflow>
<dataflow id="430" from="a_load_84" to="mul_ln269" fromId="90" toId="115">
</dataflow>
<dataflow id="431" from="b_load_84" to="mul_ln269" fromId="88" toId="115">
</dataflow>
<dataflow id="432" from="a_load_85" to="mul_ln269_1" fromId="96" toId="116">
</dataflow>
<dataflow id="433" from="b_load_85" to="mul_ln269_1" fromId="94" toId="116">
</dataflow>
<dataflow id="434" from="icmp_ln264" to="select_ln264_1" fromId="52" toId="117">
</dataflow>
<dataflow id="435" from="add_ln268_1" to="select_ln264_1" fromId="114" toId="117">
</dataflow>
<dataflow id="436" from="p_load20" to="select_ln264_1" fromId="109" toId="117">
</dataflow>
<dataflow id="437" from="icmp_ln264" to="select_ln264_2" fromId="52" toId="118">
</dataflow>
<dataflow id="438" from="add_ln267_1" to="select_ln264_2" fromId="112" toId="118">
</dataflow>
<dataflow id="439" from="p_load18" to="select_ln264_2" fromId="110" toId="118">
</dataflow>
<dataflow id="440" from="select_ln264_2" to="store_ln264" fromId="118" toId="119">
</dataflow>
<dataflow id="441" from="empty_38" to="store_ln264" fromId="15" toId="119">
</dataflow>
<dataflow id="442" from="select_ln264_1" to="store_ln264" fromId="117" toId="120">
</dataflow>
<dataflow id="443" from="empty_37" to="store_ln264" fromId="14" toId="120">
</dataflow>
<dataflow id="444" from="a_load_85" to="mul_ln269_1" fromId="96" toId="121">
</dataflow>
<dataflow id="445" from="b_load_85" to="mul_ln269_1" fromId="94" toId="121">
</dataflow>
<dataflow id="446" from="empty" to="p_load22" fromId="13" toId="122">
</dataflow>
<dataflow id="448" from="_ssdm_op_SpecLoopName" to="specloopname_ln10" fromId="447" toId="123">
</dataflow>
<dataflow id="450" from="empty_11" to="specloopname_ln10" fromId="449" toId="123">
</dataflow>
<dataflow id="451" from="p_load22" to="add_ln269" fromId="122" toId="124">
</dataflow>
<dataflow id="452" from="mul_ln269_1" to="add_ln269" fromId="121" toId="124">
</dataflow>
<dataflow id="453" from="add_ln269" to="add_ln269_1" fromId="124" toId="125">
</dataflow>
<dataflow id="454" from="mul_ln269" to="add_ln269_1" fromId="115" toId="125">
</dataflow>
<dataflow id="455" from="icmp_ln264" to="select_ln264" fromId="52" toId="126">
</dataflow>
<dataflow id="456" from="add_ln269_1" to="select_ln264" fromId="125" toId="126">
</dataflow>
<dataflow id="457" from="p_load22" to="select_ln264" fromId="122" toId="126">
</dataflow>
<dataflow id="458" from="select_ln264" to="store_ln264" fromId="126" toId="127">
</dataflow>
<dataflow id="459" from="empty" to="store_ln264" fromId="13" toId="127">
</dataflow>
<dataflow id="460" from="empty" to="p_load23" fromId="13" toId="129">
</dataflow>
<dataflow id="461" from="empty_37" to="p_load21" fromId="14" toId="130">
</dataflow>
<dataflow id="462" from="empty_38" to="p_load19" fromId="15" toId="131">
</dataflow>
<dataflow id="463" from="empty_39" to="p_load17" fromId="16" toId="132">
</dataflow>
<dataflow id="465" from="_ssdm_op_Write.ap_auto.i32P0A" to="write_ln0" fromId="464" toId="133">
</dataflow>
<dataflow id="466" from="p_out" to="write_ln0" fromId="173" toId="133">
</dataflow>
<dataflow id="467" from="p_load17" to="write_ln0" fromId="132" toId="133">
</dataflow>
<dataflow id="468" from="_ssdm_op_Write.ap_auto.i32P0A" to="write_ln0" fromId="464" toId="134">
</dataflow>
<dataflow id="469" from="p_out1" to="write_ln0" fromId="174" toId="134">
</dataflow>
<dataflow id="470" from="p_load19" to="write_ln0" fromId="131" toId="134">
</dataflow>
<dataflow id="471" from="_ssdm_op_Write.ap_auto.i32P0A" to="write_ln0" fromId="464" toId="135">
</dataflow>
<dataflow id="472" from="p_out2" to="write_ln0" fromId="175" toId="135">
</dataflow>
<dataflow id="473" from="p_load21" to="write_ln0" fromId="130" toId="135">
</dataflow>
<dataflow id="474" from="_ssdm_op_Write.ap_auto.i32P0A" to="write_ln0" fromId="464" toId="136">
</dataflow>
<dataflow id="475" from="p_out3" to="write_ln0" fromId="176" toId="136">
</dataflow>
<dataflow id="476" from="p_load23" to="write_ln0" fromId="129" toId="136">
</dataflow>
<dataflow id="477" from="tmp" to="StgValue_2" fromId="39" toId="2">
</dataflow>
<dataflow id="478" from="tmp" to="StgValue_3" fromId="39" toId="3">
</dataflow>
<dataflow id="479" from="tmp" to="StgValue_4" fromId="39" toId="4">
</dataflow>
<dataflow id="480" from="icmp_ln264" to="StgValue_4" fromId="52" toId="4">
</dataflow>
<dataflow id="481" from="tmp" to="StgValue_5" fromId="39" toId="5">
</dataflow>
<dataflow id="482" from="icmp_ln264" to="StgValue_5" fromId="52" toId="5">
</dataflow>
<dataflow id="483" from="icmp_ln264" to="StgValue_6" fromId="52" toId="6">
</dataflow>
<dataflow id="484" from="icmp_ln264" to="StgValue_7" fromId="52" toId="7">
</dataflow>
<dataflow id="485" from="icmp_ln264" to="StgValue_8" fromId="52" toId="8">
</dataflow>
<dataflow id="486" from="icmp_ln264" to="StgValue_9" fromId="52" toId="9">
</dataflow>
<dataflow id="487" from="icmp_ln264" to="StgValue_10" fromId="52" toId="10">
</dataflow>
<dataflow id="488" from="icmp_ln264" to="StgValue_11" fromId="52" toId="11">
</dataflow>
<dataflow id="489" from="tmp" to="StgValue_7" fromId="39" toId="7">
</dataflow>
</dataflows>


</stg>
