<stg><name>matrix_mult_Pipeline_VITIS_LOOP_262_15</name>


<trans_list>

<trans id="162" from="1" to="2">
<condition id="-1">
<or_exp><and_exp></and_exp></or_exp>
</condition>
</trans>

<trans id="152" from="2" to="3">
<condition id="-1">
<or_exp><and_exp></and_exp></or_exp>
</condition>
</trans>

<trans id="153" from="3" to="4">
<condition id="-1">
<or_exp><and_exp></and_exp></or_exp>
</condition>
</trans>

<trans id="154" from="4" to="5">
<condition id="-1">
<or_exp><and_exp></and_exp></or_exp>
</condition>
</trans>

<trans id="155" from="5" to="6">
<condition id="-1">
<or_exp><and_exp></and_exp></or_exp>
</condition>
</trans>

<trans id="156" from="6" to="7">
<condition id="-1">
<or_exp><and_exp></and_exp></or_exp>
</condition>
</trans>

<trans id="157" from="7" to="8">
<condition id="-1">
<or_exp><and_exp></and_exp></or_exp>
</condition>
</trans>

<trans id="158" from="8" to="9">
<condition id="-1">
<or_exp><and_exp></and_exp></or_exp>
</condition>
</trans>

<trans id="159" from="9" to="10">
<condition id="-1">
<or_exp><and_exp></and_exp></or_exp>
</condition>
</trans>
</trans_list>



<state_list>

<state id="1" st_id="2">

<operation id="13" st_id="1" stage="1" lat="1">
<core>NULL</core>
<MemPortIdVec></MemPortIdVec>
<condition id="-1">
<or_exp><and_exp></and_exp></or_exp>
</condition>

<Node id="15" bw="32" op_0_bw="32">
<![CDATA[
newFuncRoot:0 %empty = alloca i32 1

]]></Node>
<StgValue><ssdm name="empty"/></StgValue>
</operation>

<operation id="14" st_id="1" stage="1" lat="1">
<core>NULL</core>
<MemPortIdVec></MemPortIdVec>
<condition id="-1">
<or_exp><and_exp></and_exp></or_exp>
</condition>

<Node id="16" bw="32" op_0_bw="32">
<![CDATA[
newFuncRoot:1 %empty_37 = alloca i32 1

]]></Node>
<StgValue><ssdm name="empty_37"/></StgValue>
</operation>

<operation id="15" st_id="1" stage="1" lat="1">
<core>NULL</core>
<MemPortIdVec></MemPortIdVec>
<condition id="-1">
<or_exp><and_exp></and_exp></or_exp>
</condition>

<Node id="17" bw="32" op_0_bw="32">
<![CDATA[
newFuncRoot:2 %empty_38 = alloca i32 1

]]></Node>
<StgValue><ssdm name="empty_38"/></StgValue>
</operation>

<operation id="16" st_id="1" stage="1" lat="1">
<core>NULL</core>
<MemPortIdVec></MemPortIdVec>
<condition id="-1">
<or_exp><and_exp></and_exp></or_exp>
</condition>

<Node id="18" bw="32" op_0_bw="32">
<![CDATA[
newFuncRoot:3 %empty_39 = alloca i32 1

]]></Node>
<StgValue><ssdm name="empty_39"/></StgValue>
</operation>

<operation id="17" st_id="1" stage="1" lat="1">
<core>NULL</core>
<MemPortIdVec></MemPortIdVec>
<condition id="-1">
<or_exp><and_exp></and_exp></or_exp>
</condition>

<Node id="19" bw="9" op_0_bw="32">
<![CDATA[
newFuncRoot:4 %k = alloca i32 1

]]></Node>
<StgValue><ssdm name="k"/></StgValue>
</operation>

<operation id="18" st_id="1" stage="1" lat="1">
<core>NULL</core>
<MemPortIdVec></MemPortIdVec>
<condition id="-1">
<or_exp><and_exp></and_exp></or_exp>
</condition>

<Node id="20" bw="9" op_0_bw="9" op_1_bw="9">
<![CDATA[
newFuncRoot:5 %zext_ln254_read = read i9 @_ssdm_op_Read.ap_auto.i9, i9 %zext_ln254

]]></Node>
<StgValue><ssdm name="zext_ln254_read"/></StgValue>
</operation>

<operation id="19" st_id="1" stage="1" lat="1">
<core>NULL</core>
<MemPortIdVec></MemPortIdVec>
<condition id="-1">
<or_exp><and_exp></and_exp></or_exp>
</condition>

<Node id="21" bw="8" op_0_bw="8" op_1_bw="8">
<![CDATA[
newFuncRoot:6 %or_ln251_read = read i8 @_ssdm_op_Read.ap_auto.i8, i8 %or_ln251

]]></Node>
<StgValue><ssdm name="or_ln251_read"/></StgValue>
</operation>

<operation id="20" st_id="1" stage="1" lat="1">
<core>NULL</core>
<MemPortIdVec></MemPortIdVec>
<condition id="-1">
<or_exp><and_exp></and_exp></or_exp>
</condition>

<Node id="22" bw="9" op_0_bw="9" op_1_bw="9">
<![CDATA[
newFuncRoot:7 %select_ln251_1_read = read i9 @_ssdm_op_Read.ap_auto.i9, i9 %select_ln251_1

]]></Node>
<StgValue><ssdm name="select_ln251_1_read"/></StgValue>
</operation>

<operation id="21" st_id="1" stage="1" lat="1">
<core>NULL</core>
<MemPortIdVec></MemPortIdVec>
<condition id="-1">
<or_exp><and_exp></and_exp></or_exp>
</condition>

<Node id="23" bw="32" op_0_bw="32" op_1_bw="32">
<![CDATA[
newFuncRoot:8 %a_row_b_col_read = read i32 @_ssdm_op_Read.ap_auto.i32, i32 %a_row_b_col

]]></Node>
<StgValue><ssdm name="a_row_b_col_read"/></StgValue>
</operation>

<operation id="22" st_id="1" stage="1" lat="1">
<core>NULL</core>
<MemPortIdVec></MemPortIdVec>
<condition id="-1">
<or_exp><and_exp></and_exp></or_exp>
</condition>

<Node id="24" bw="8" op_0_bw="8" op_1_bw="8">
<![CDATA[
newFuncRoot:9 %or_ln258_read = read i8 @_ssdm_op_Read.ap_auto.i8, i8 %or_ln258

]]></Node>
<StgValue><ssdm name="or_ln258_read"/></StgValue>
</operation>

<operation id="23" st_id="1" stage="1" lat="1">
<core>NULL</core>
<MemPortIdVec></MemPortIdVec>
<condition id="-1">
<or_exp><and_exp></and_exp></or_exp>
</condition>

<Node id="25" bw="9" op_0_bw="9" op_1_bw="9">
<![CDATA[
newFuncRoot:10 %select_ln251_read = read i9 @_ssdm_op_Read.ap_auto.i9, i9 %select_ln251

]]></Node>
<StgValue><ssdm name="select_ln251_read"/></StgValue>
</operation>

<operation id="24" st_id="1" stage="1" lat="1">
<core>NULL</core>
<MemPortIdVec></MemPortIdVec>
<condition id="-1">
<or_exp><and_exp></and_exp></or_exp>
</condition>

<Node id="26" bw="16" op_0_bw="16" op_1_bw="16">
<![CDATA[
newFuncRoot:11 %zext_ln266_1_read = read i16 @_ssdm_op_Read.ap_auto.i16, i16 %zext_ln266_1

]]></Node>
<StgValue><ssdm name="zext_ln266_1_read"/></StgValue>
</operation>

<operation id="25" st_id="1" stage="1" lat="1">
<core>NULL</core>
<MemPortIdVec></MemPortIdVec>
<condition id="-1">
<or_exp><and_exp></and_exp></or_exp>
</condition>

<Node id="27" bw="16" op_0_bw="16" op_1_bw="16">
<![CDATA[
newFuncRoot:12 %zext_ln266_read = read i16 @_ssdm_op_Read.ap_auto.i16, i16 %zext_ln266

]]></Node>
<StgValue><ssdm name="zext_ln266_read"/></StgValue>
</operation>

<operation id="26" st_id="1" stage="1" lat="1">
<core>NULL</core>
<MemPortIdVec></MemPortIdVec>
<condition id="-1">
<or_exp><and_exp></and_exp></or_exp>
</condition>

<Node id="28" bw="16" op_0_bw="9">
<![CDATA[
newFuncRoot:13 %zext_ln254_cast = zext i9 %zext_ln254_read

]]></Node>
<StgValue><ssdm name="zext_ln254_cast"/></StgValue>
</operation>

<operation id="27" st_id="1" stage="1" lat="1">
<core>NULL</core>
<MemPortIdVec></MemPortIdVec>
<condition id="-1">
<or_exp><and_exp></and_exp></or_exp>
</condition>

<Node id="29" bw="0" op_0_bw="0" op_1_bw="32" op_2_bw="64" op_3_bw="64" op_4_bw="64">
<![CDATA[
newFuncRoot:14 %specmemcore_ln0 = specmemcore void @_ssdm_op_SpecMemCore, i32 %b, i64 666, i64 207, i64 1

]]></Node>
<StgValue><ssdm name="specmemcore_ln0"/></StgValue>
</operation>

<operation id="28" st_id="1" stage="1" lat="1">
<core>NULL</core>
<MemPortIdVec></MemPortIdVec>
<condition id="-1">
<or_exp><and_exp></and_exp></or_exp>
</condition>

<Node id="30" bw="0" op_0_bw="0" op_1_bw="32" op_2_bw="64" op_3_bw="64" op_4_bw="64">
<![CDATA[
newFuncRoot:15 %specmemcore_ln0 = specmemcore void @_ssdm_op_SpecMemCore, i32 %a, i64 666, i64 207, i64 1

]]></Node>
<StgValue><ssdm name="specmemcore_ln0"/></StgValue>
</operation>

<operation id="29" st_id="1" stage="1" lat="1">
<core>NULL</core>
<MemPortIdVec></MemPortIdVec>
<condition id="-1">
<or_exp><and_exp></and_exp></or_exp>
</condition>

<Node id="31" bw="0" op_0_bw="0" op_1_bw="32" op_2_bw="0" op_3_bw="32" op_4_bw="32" op_5_bw="0" op_6_bw="32" op_7_bw="32" op_8_bw="0" op_9_bw="0" op_10_bw="0" op_11_bw="32" op_12_bw="32" op_13_bw="32" op_14_bw="32" op_15_bw="0" op_16_bw="0">
<![CDATA[
newFuncRoot:16 %specinterface_ln0 = specinterface void @_ssdm_op_SpecInterface, i32 %b, void @empty_3, i32 0, i32 0, void @empty_0, i32 1, i32 0, void @empty_0, void @empty_0, void @empty_0, i32 0, i32 0, i32 0, i32 0, void @empty_0, void @empty_0

]]></Node>
<StgValue><ssdm name="specinterface_ln0"/></StgValue>
</operation>

<operation id="30" st_id="1" stage="1" lat="1">
<core>NULL</core>
<MemPortIdVec></MemPortIdVec>
<condition id="-1">
<or_exp><and_exp></and_exp></or_exp>
</condition>

<Node id="32" bw="0" op_0_bw="0" op_1_bw="32" op_2_bw="0" op_3_bw="32" op_4_bw="32" op_5_bw="0" op_6_bw="32" op_7_bw="32" op_8_bw="0" op_9_bw="0" op_10_bw="0" op_11_bw="32" op_12_bw="32" op_13_bw="32" op_14_bw="32" op_15_bw="0" op_16_bw="0">
<![CDATA[
newFuncRoot:17 %specinterface_ln0 = specinterface void @_ssdm_op_SpecInterface, i32 %a, void @empty_3, i32 0, i32 0, void @empty_0, i32 1, i32 0, void @empty_0, void @empty_0, void @empty_0, i32 0, i32 0, i32 0, i32 0, void @empty_0, void @empty_0

]]></Node>
<StgValue><ssdm name="specinterface_ln0"/></StgValue>
</operation>

<operation id="31" st_id="1" stage="1" lat="1">
<core>NULL</core>
<MemPortIdVec></MemPortIdVec>
<condition id="-1">
<or_exp><and_exp></and_exp></or_exp>
</condition>

<Node id="33" bw="0" op_0_bw="9" op_1_bw="9">
<![CDATA[
newFuncRoot:18 %store_ln0 = store i9 0, i9 %k

]]></Node>
<StgValue><ssdm name="store_ln0"/></StgValue>
</operation>

<operation id="32" st_id="1" stage="1" lat="1">
<core>NULL</core>
<MemPortIdVec></MemPortIdVec>
<condition id="-1">
<or_exp><and_exp></and_exp></or_exp>
</condition>

<Node id="34" bw="0" op_0_bw="32" op_1_bw="32">
<![CDATA[
newFuncRoot:19 %store_ln0 = store i32 0, i32 %empty_39

]]></Node>
<StgValue><ssdm name="store_ln0"/></StgValue>
</operation>

<operation id="33" st_id="1" stage="1" lat="1">
<core>NULL</core>
<MemPortIdVec></MemPortIdVec>
<condition id="-1">
<or_exp><and_exp></and_exp></or_exp>
</condition>

<Node id="35" bw="0" op_0_bw="32" op_1_bw="32">
<![CDATA[
newFuncRoot:20 %store_ln0 = store i32 0, i32 %empty_38

]]></Node>
<StgValue><ssdm name="store_ln0"/></StgValue>
</operation>

<operation id="34" st_id="1" stage="1" lat="1">
<core>NULL</core>
<MemPortIdVec></MemPortIdVec>
<condition id="-1">
<or_exp><and_exp></and_exp></or_exp>
</condition>

<Node id="36" bw="0" op_0_bw="32" op_1_bw="32">
<![CDATA[
newFuncRoot:21 %store_ln0 = store i32 0, i32 %empty_37

]]></Node>
<StgValue><ssdm name="store_ln0"/></StgValue>
</operation>

<operation id="35" st_id="1" stage="1" lat="1">
<core>NULL</core>
<MemPortIdVec></MemPortIdVec>
<condition id="-1">
<or_exp><and_exp></and_exp></or_exp>
</condition>

<Node id="37" bw="0" op_0_bw="32" op_1_bw="32">
<![CDATA[
newFuncRoot:22 %store_ln0 = store i32 0, i32 %empty

]]></Node>
<StgValue><ssdm name="store_ln0"/></StgValue>
</operation>

<operation id="36" st_id="1" stage="1" lat="1">
<core>NULL</core>
<MemPortIdVec></MemPortIdVec>
<condition id="-1">
<or_exp><and_exp></and_exp></or_exp>
</condition>

<Node id="38" bw="0" op_0_bw="0">
<![CDATA[
newFuncRoot:23 %br_ln0 = br void

]]></Node>
<StgValue><ssdm name="br_ln0"/></StgValue>
</operation>

<operation id="37" st_id="1" stage="1" lat="1">
<core>NULL</core>
<MemPortIdVec></MemPortIdVec>
<condition id="-1">
<or_exp><and_exp></and_exp></or_exp>
</condition>

<Node id="40" bw="9" op_0_bw="9" op_1_bw="0">
<![CDATA[
:0 %k_2 = load i9 %k

]]></Node>
<StgValue><ssdm name="k_2"/></StgValue>
</operation>

<operation id="38" st_id="1" stage="1" lat="1">
<core>NULL</core>
<MemPortIdVec></MemPortIdVec>
<condition id="-1">
<or_exp><and_exp></and_exp></or_exp>
</condition>

<Node id="41" bw="0" op_0_bw="0" op_1_bw="32" op_2_bw="32" op_3_bw="32" op_4_bw="32" op_5_bw="0">
<![CDATA[
:1 %specpipeline_ln0 = specpipeline void @_ssdm_op_SpecPipeline, i32 4294967295, i32 0, i32 1, i32 0, void @p_str

]]></Node>
<StgValue><ssdm name="specpipeline_ln0"/></StgValue>
</operation>

<operation id="39" st_id="1" stage="1" lat="1">
<core>NULL</core>
<MemPortIdVec></MemPortIdVec>
<condition id="-1">
<or_exp><and_exp></and_exp></or_exp>
</condition>

<Node id="42" bw="1" op_0_bw="1" op_1_bw="9" op_2_bw="32">
<![CDATA[
:2 %tmp = bitselect i1 @_ssdm_op_BitSelect.i1.i9.i32, i9 %k_2, i32 8

]]></Node>
<StgValue><ssdm name="tmp"/></StgValue>
</operation>

<operation id="40" st_id="1" stage="1" lat="1">
<core>NULL</core>
<MemPortIdVec></MemPortIdVec>
<condition id="-1">
<or_exp><and_exp></and_exp></or_exp>
</condition>

<Node id="43" bw="32" op_0_bw="32" op_1_bw="64" op_2_bw="64" op_3_bw="64">
<![CDATA[
:3 %empty_40 = speclooptripcount i32 @_ssdm_op_SpecLoopTripCount, i64 128, i64 128, i64 128

]]></Node>
<StgValue><ssdm name="empty_40"/></StgValue>
</operation>

<operation id="41" st_id="1" stage="1" lat="1">
<core>NULL</core>
<MemPortIdVec></MemPortIdVec>
<condition id="-1">
<or_exp><and_exp></and_exp></or_exp>
</condition>

<Node id="44" bw="0" op_0_bw="1" op_1_bw="0" op_2_bw="0">
<![CDATA[
:4 %br_ln262 = br i1 %tmp, void %.split97_ifconv, void %.exitStub

]]></Node>
<StgValue><ssdm name="br_ln262"/></StgValue>
</operation>

<operation id="42" st_id="1" stage="1" lat="1">
<core>NULL</core>
<MemPortIdVec></MemPortIdVec>
<condition id="-1">
<or_exp><and_exp><literal name="tmp" val="0"/>
</and_exp></or_exp>
</condition>

<Node id="50" bw="16" op_0_bw="9">
<![CDATA[
.split97_ifconv:4 %zext_ln266_4 = zext i9 %k_2

]]></Node>
<StgValue><ssdm name="zext_ln266_4"/></StgValue>
</operation>

<operation id="43" st_id="1" stage="1" lat="1">
<core>Adder</core>
<MemPortIdVec></MemPortIdVec>
<condition id="-1">
<or_exp><and_exp><literal name="tmp" val="0"/>
</and_exp></or_exp>
</condition>

<Node id="51" bw="16" op_0_bw="16" op_1_bw="16">
<![CDATA[
.split97_ifconv:5 %add_ln266_2 = add i16 %zext_ln266_read, i16 %zext_ln266_4

]]></Node>
<StgValue><ssdm name="add_ln266_2"/></StgValue>
</operation>

<operation id="44" st_id="1" stage="1" lat="1">
<core>NULL</core>
<MemPortIdVec></MemPortIdVec>
<condition id="-1">
<or_exp><and_exp><literal name="tmp" val="0"/>
</and_exp></or_exp>
</condition>

<Node id="52" bw="64" op_0_bw="16">
<![CDATA[
.split97_ifconv:6 %zext_ln266_5 = zext i16 %add_ln266_2

]]></Node>
<StgValue><ssdm name="zext_ln266_5"/></StgValue>
</operation>

<operation id="45" st_id="1" stage="1" lat="1">
<core>NULL</core>
<MemPortIdVec></MemPortIdVec>
<condition id="-1">
<or_exp><and_exp><literal name="tmp" val="0"/>
</and_exp></or_exp>
</condition>

<Node id="53" bw="16" op_0_bw="32" op_1_bw="64" op_2_bw="64">
<![CDATA[
.split97_ifconv:7 %a_addr_82 = getelementptr i32 %a, i64 0, i64 %zext_ln266_5

]]></Node>
<StgValue><ssdm name="a_addr_82"/></StgValue>
</operation>

<operation id="46" st_id="1" stage="1" lat="1">
<core>Adder</core>
<MemPortIdVec></MemPortIdVec>
<condition id="-1">
<or_exp><and_exp><literal name="tmp" val="0"/>
</and_exp></or_exp>
</condition>

<Node id="54" bw="16" op_0_bw="16" op_1_bw="16">
<![CDATA[
.split97_ifconv:8 %add_ln266_3 = add i16 %zext_ln266_1_read, i16 %zext_ln266_4

]]></Node>
<StgValue><ssdm name="add_ln266_3"/></StgValue>
</operation>

<operation id="47" st_id="1" stage="1" lat="1">
<core>NULL</core>
<MemPortIdVec></MemPortIdVec>
<condition id="-1">
<or_exp><and_exp><literal name="tmp" val="0"/>
</and_exp></or_exp>
</condition>

<Node id="57" bw="8" op_0_bw="8" op_1_bw="9" op_2_bw="32" op_3_bw="32">
<![CDATA[
.split97_ifconv:11 %tmp_s = partselect i8 @_ssdm_op_PartSelect.i8.i9.i32.i32, i9 %k_2, i32 1, i32 8

]]></Node>
<StgValue><ssdm name="tmp_s"/></StgValue>
</operation>

<operation id="48" st_id="1" stage="1" lat="1">
<core>NULL</core>
<MemPortIdVec></MemPortIdVec>
<condition id="-1">
<or_exp><and_exp><literal name="tmp" val="0"/>
</and_exp></or_exp>
</condition>

<Node id="58" bw="17" op_0_bw="17" op_1_bw="8" op_2_bw="9">
<![CDATA[
.split97_ifconv:12 %tmp_2484 = bitconcatenate i17 @_ssdm_op_BitConcatenate.i17.i8.i9, i8 %tmp_s, i9 %select_ln251_read

]]></Node>
<StgValue><ssdm name="tmp_2484"/></StgValue>
</operation>

<operation id="49" st_id="1" stage="1" lat="1">
<core>NULL</core>
<MemPortIdVec></MemPortIdVec>
<condition id="-1">
<or_exp><and_exp><literal name="tmp" val="0"/>
</and_exp></or_exp>
</condition>

<Node id="59" bw="64" op_0_bw="17">
<![CDATA[
.split97_ifconv:13 %zext_ln266_2 = zext i17 %tmp_2484

]]></Node>
<StgValue><ssdm name="zext_ln266_2"/></StgValue>
</operation>

<operation id="50" st_id="1" stage="1" lat="1">
<core>NULL</core>
<MemPortIdVec></MemPortIdVec>
<condition id="-1">
<or_exp><and_exp><literal name="tmp" val="0"/>
</and_exp></or_exp>
</condition>

<Node id="60" bw="16" op_0_bw="32" op_1_bw="64" op_2_bw="64">
<![CDATA[
.split97_ifconv:14 %b_addr_82 = getelementptr i32 %b, i64 0, i64 %zext_ln266_2

]]></Node>
<StgValue><ssdm name="b_addr_82"/></StgValue>
</operation>

<operation id="51" st_id="1" stage="1" lat="1">
<core>NULL</core>
<MemPortIdVec></MemPortIdVec>
<condition id="-1">
<or_exp><and_exp><literal name="tmp" val="0"/>
</and_exp></or_exp>
</condition>

<Node id="65" bw="32" op_0_bw="9">
<![CDATA[
.split97_ifconv:19 %k_3_cast17340 = zext i9 %k_2

]]></Node>
<StgValue><ssdm name="k_3_cast17340"/></StgValue>
</operation>

<operation id="52" st_id="1" stage="1" lat="1">
<core>Cmp</core>
<MemPortIdVec></MemPortIdVec>
<condition id="-1">
<or_exp><and_exp><literal name="tmp" val="0"/>
</and_exp></or_exp>
</condition>

<Node id="67" bw="1" op_0_bw="32" op_1_bw="32">
<![CDATA[
.split97_ifconv:21 %icmp_ln264 = icmp_slt  i32 %k_3_cast17340, i32 %a_row_b_col_read

]]></Node>
<StgValue><ssdm name="icmp_ln264"/></StgValue>
</operation>

<operation id="53" st_id="1" stage="2" lat="2">
<core>RAM_1P</core>
<MemPortIdVec></MemPortIdVec>
<condition id="-1">
<or_exp><and_exp><literal name="tmp" val="0"/>
</and_exp></or_exp>
</condition>

<Node id="68" bw="32" op_0_bw="16">
<![CDATA[
.split97_ifconv:22 %a_load_82 = load i16 %a_addr_82

]]></Node>
<StgValue><ssdm name="a_load_82"/></StgValue>
</operation>

<operation id="54" st_id="1" stage="2" lat="2">
<core>RAM_1P</core>
<MemPortIdVec></MemPortIdVec>
<condition id="-1">
<or_exp><and_exp><literal name="tmp" val="0"/>
</and_exp></or_exp>
</condition>

<Node id="69" bw="32" op_0_bw="16">
<![CDATA[
.split97_ifconv:23 %b_load_82 = load i16 %b_addr_82

]]></Node>
<StgValue><ssdm name="b_load_82"/></StgValue>
</operation>

<operation id="55" st_id="1" stage="1" lat="1">
<core>Adder</core>
<MemPortIdVec></MemPortIdVec>
<condition id="-1">
<or_exp><and_exp><literal name="tmp" val="0"/>
</and_exp></or_exp>
</condition>

<Node id="110" bw="9" op_0_bw="9" op_1_bw="9">
<![CDATA[
.split97_ifconv:64 %add_ln262 = add i9 %k_2, i9 2

]]></Node>
<StgValue><ssdm name="add_ln262"/></StgValue>
</operation>

<operation id="56" st_id="1" stage="1" lat="1">
<core>NULL</core>
<MemPortIdVec></MemPortIdVec>
<condition id="-1">
<or_exp><and_exp><literal name="tmp" val="0"/>
</and_exp></or_exp>
</condition>

<Node id="111" bw="0" op_0_bw="9" op_1_bw="9" op_2_bw="0" op_3_bw="0">
<![CDATA[
.split97_ifconv:65 %store_ln262 = store i9 %add_ln262, i9 %k

]]></Node>
<StgValue><ssdm name="store_ln262"/></StgValue>
</operation>
</state>

<state id="2" st_id="3">

<operation id="57" st_id="2" stage="1" lat="1">
<core>NULL</core>
<MemPortIdVec></MemPortIdVec>
<condition id="-1">
<or_exp><and_exp><literal name="tmp" val="0"/>
</and_exp></or_exp>
</condition>

<Node id="55" bw="64" op_0_bw="16">
<![CDATA[
.split97_ifconv:9 %zext_ln266_6 = zext i16 %add_ln266_3

]]></Node>
<StgValue><ssdm name="zext_ln266_6"/></StgValue>
</operation>

<operation id="58" st_id="2" stage="1" lat="1">
<core>NULL</core>
<MemPortIdVec></MemPortIdVec>
<condition id="-1">
<or_exp><and_exp><literal name="tmp" val="0"/>
</and_exp></or_exp>
</condition>

<Node id="56" bw="16" op_0_bw="32" op_1_bw="64" op_2_bw="64">
<![CDATA[
.split97_ifconv:10 %a_addr_83 = getelementptr i32 %a, i64 0, i64 %zext_ln266_6

]]></Node>
<StgValue><ssdm name="a_addr_83"/></StgValue>
</operation>

<operation id="59" st_id="2" stage="1" lat="1">
<core>NULL</core>
<MemPortIdVec></MemPortIdVec>
<condition id="-1">
<or_exp><and_exp><literal name="tmp" val="0"/>
</and_exp></or_exp>
</condition>

<Node id="61" bw="17" op_0_bw="17" op_1_bw="9" op_2_bw="8">
<![CDATA[
.split97_ifconv:15 %tmp_2485 = bitconcatenate i17 @_ssdm_op_BitConcatenate.i17.i9.i8, i9 %k_2, i8 %or_ln258_read

]]></Node>
<StgValue><ssdm name="tmp_2485"/></StgValue>
</operation>

<operation id="60" st_id="2" stage="1" lat="1">
<core>NULL</core>
<MemPortIdVec></MemPortIdVec>
<condition id="-1">
<or_exp><and_exp><literal name="tmp" val="0"/>
</and_exp></or_exp>
</condition>

<Node id="62" bw="64" op_0_bw="17">
<![CDATA[
.split97_ifconv:16 %zext_ln266_3 = zext i17 %tmp_2485

]]></Node>
<StgValue><ssdm name="zext_ln266_3"/></StgValue>
</operation>

<operation id="61" st_id="2" stage="1" lat="1">
<core>NULL</core>
<MemPortIdVec></MemPortIdVec>
<condition id="-1">
<or_exp><and_exp><literal name="tmp" val="0"/>
</and_exp></or_exp>
</condition>

<Node id="63" bw="16" op_0_bw="32" op_1_bw="64" op_2_bw="64">
<![CDATA[
.split97_ifconv:17 %b_addr_83 = getelementptr i32 %b, i64 0, i64 %zext_ln266_3

]]></Node>
<StgValue><ssdm name="b_addr_83"/></StgValue>
</operation>

<operation id="62" st_id="2" stage="1" lat="1">
<core>NULL</core>
<MemPortIdVec></MemPortIdVec>
<condition id="-1">
<or_exp><and_exp><literal name="tmp" val="0"/>
</and_exp></or_exp>
</condition>

<Node id="64" bw="8" op_0_bw="9">
<![CDATA[
.split97_ifconv:18 %empty_41 = trunc i9 %k_2

]]></Node>
<StgValue><ssdm name="empty_41"/></StgValue>
</operation>

<operation id="63" st_id="2" stage="1" lat="2">
<core>RAM_1P</core>
<MemPortIdVec></MemPortIdVec>
<condition id="-1">
<or_exp><and_exp><literal name="tmp" val="0"/>
</and_exp></or_exp>
</condition>

<Node id="68" bw="32" op_0_bw="16">
<![CDATA[
.split97_ifconv:22 %a_load_82 = load i16 %a_addr_82

]]></Node>
<StgValue><ssdm name="a_load_82"/></StgValue>
</operation>

<operation id="64" st_id="2" stage="1" lat="2">
<core>RAM_1P</core>
<MemPortIdVec></MemPortIdVec>
<condition id="-1">
<or_exp><and_exp><literal name="tmp" val="0"/>
</and_exp></or_exp>
</condition>

<Node id="69" bw="32" op_0_bw="16">
<![CDATA[
.split97_ifconv:23 %b_load_82 = load i16 %b_addr_82

]]></Node>
<StgValue><ssdm name="b_load_82"/></StgValue>
</operation>

<operation id="65" st_id="2" stage="2" lat="2">
<core>RAM_1P</core>
<MemPortIdVec></MemPortIdVec>
<condition id="-1">
<or_exp><and_exp><literal name="tmp" val="0"/>
</and_exp></or_exp>
</condition>

<Node id="71" bw="32" op_0_bw="16">
<![CDATA[
.split97_ifconv:25 %a_load_83 = load i16 %a_addr_83

]]></Node>
<StgValue><ssdm name="a_load_83"/></StgValue>
</operation>

<operation id="66" st_id="2" stage="2" lat="2">
<core>RAM_1P</core>
<MemPortIdVec></MemPortIdVec>
<condition id="-1">
<or_exp><and_exp><literal name="tmp" val="0"/>
</and_exp></or_exp>
</condition>

<Node id="72" bw="32" op_0_bw="16">
<![CDATA[
.split97_ifconv:26 %b_load_83 = load i16 %b_addr_83

]]></Node>
<StgValue><ssdm name="b_load_83"/></StgValue>
</operation>
</state>

<state id="3" st_id="4">

<operation id="67" st_id="3" stage="2" lat="2">
<core>Multiplier</core>
<MemPortIdVec></MemPortIdVec>
<condition id="-1">
<or_exp><and_exp><literal name="tmp" val="0"/>
<literal name="icmp_ln264" val="1"/>
</and_exp></or_exp>
</condition>

<Node id="70" bw="32" op_0_bw="32" op_1_bw="32">
<![CDATA[
.split97_ifconv:24 %mul_ln266 = mul i32 %b_load_82, i32 %a_load_82

]]></Node>
<StgValue><ssdm name="mul_ln266"/></StgValue>
</operation>

<operation id="68" st_id="3" stage="1" lat="2">
<core>RAM_1P</core>
<MemPortIdVec></MemPortIdVec>
<condition id="-1">
<or_exp><and_exp><literal name="tmp" val="0"/>
</and_exp></or_exp>
</condition>

<Node id="71" bw="32" op_0_bw="16">
<![CDATA[
.split97_ifconv:25 %a_load_83 = load i16 %a_addr_83

]]></Node>
<StgValue><ssdm name="a_load_83"/></StgValue>
</operation>

<operation id="69" st_id="3" stage="1" lat="2">
<core>RAM_1P</core>
<MemPortIdVec></MemPortIdVec>
<condition id="-1">
<or_exp><and_exp><literal name="tmp" val="0"/>
</and_exp></or_exp>
</condition>

<Node id="72" bw="32" op_0_bw="16">
<![CDATA[
.split97_ifconv:26 %b_load_83 = load i16 %b_addr_83

]]></Node>
<StgValue><ssdm name="b_load_83"/></StgValue>
</operation>

<operation id="70" st_id="3" stage="1" lat="1">
<core>NULL</core>
<MemPortIdVec></MemPortIdVec>
<condition id="-1">
<or_exp><and_exp><literal name="tmp" val="0"/>
</and_exp></or_exp>
</condition>

<Node id="76" bw="8" op_0_bw="8" op_1_bw="8">
<![CDATA[
.split97_ifconv:30 %or_ln267 = or i8 %empty_41, i8 1

]]></Node>
<StgValue><ssdm name="or_ln267"/></StgValue>
</operation>

<operation id="71" st_id="3" stage="1" lat="1">
<core>NULL</core>
<MemPortIdVec></MemPortIdVec>
<condition id="-1">
<or_exp><and_exp><literal name="tmp" val="0"/>
</and_exp></or_exp>
</condition>

<Node id="77" bw="17" op_0_bw="17" op_1_bw="9" op_2_bw="8">
<![CDATA[
.split97_ifconv:31 %tmp_2486 = bitconcatenate i17 @_ssdm_op_BitConcatenate.i17.i9.i8, i9 %select_ln251_1_read, i8 %or_ln267

]]></Node>
<StgValue><ssdm name="tmp_2486"/></StgValue>
</operation>

<operation id="72" st_id="3" stage="1" lat="1">
<core>NULL</core>
<MemPortIdVec></MemPortIdVec>
<condition id="-1">
<or_exp><and_exp><literal name="tmp" val="0"/>
</and_exp></or_exp>
</condition>

<Node id="78" bw="64" op_0_bw="17">
<![CDATA[
.split97_ifconv:32 %zext_ln268 = zext i17 %tmp_2486

]]></Node>
<StgValue><ssdm name="zext_ln268"/></StgValue>
</operation>

<operation id="73" st_id="3" stage="1" lat="1">
<core>NULL</core>
<MemPortIdVec></MemPortIdVec>
<condition id="-1">
<or_exp><and_exp><literal name="tmp" val="0"/>
</and_exp></or_exp>
</condition>

<Node id="79" bw="16" op_0_bw="32" op_1_bw="64" op_2_bw="64">
<![CDATA[
.split97_ifconv:33 %a_addr_84 = getelementptr i32 %a, i64 0, i64 %zext_ln268

]]></Node>
<StgValue><ssdm name="a_addr_84"/></StgValue>
</operation>

<operation id="74" st_id="3" stage="1" lat="1">
<core>NULL</core>
<MemPortIdVec></MemPortIdVec>
<condition id="-1">
<or_exp><and_exp><literal name="tmp" val="0"/>
</and_exp></or_exp>
</condition>

<Node id="83" bw="16" op_0_bw="16" op_1_bw="8" op_2_bw="8">
<![CDATA[
.split97_ifconv:37 %tmp_2488 = bitconcatenate i16 @_ssdm_op_BitConcatenate.i16.i8.i8, i8 %or_ln267, i8 0

]]></Node>
<StgValue><ssdm name="tmp_2488"/></StgValue>
</operation>

<operation id="75" st_id="3" stage="1" lat="1">
<core>Adder</core>
<MemPortIdVec></MemPortIdVec>
<condition id="-1">
<or_exp><and_exp><literal name="tmp" val="0"/>
</and_exp></or_exp>
</condition>

<Node id="84" bw="16" op_0_bw="16" op_1_bw="16">
<![CDATA[
.split97_ifconv:38 %add_ln267_2 = add i16 %tmp_2488, i16 %zext_ln254_cast

]]></Node>
<StgValue><ssdm name="add_ln267_2"/></StgValue>
</operation>

<operation id="76" st_id="3" stage="1" lat="1">
<core>NULL</core>
<MemPortIdVec></MemPortIdVec>
<condition id="-1">
<or_exp><and_exp><literal name="tmp" val="0"/>
</and_exp></or_exp>
</condition>

<Node id="85" bw="64" op_0_bw="16">
<![CDATA[
.split97_ifconv:39 %zext_ln267 = zext i16 %add_ln267_2

]]></Node>
<StgValue><ssdm name="zext_ln267"/></StgValue>
</operation>

<operation id="77" st_id="3" stage="1" lat="1">
<core>NULL</core>
<MemPortIdVec></MemPortIdVec>
<condition id="-1">
<or_exp><and_exp><literal name="tmp" val="0"/>
</and_exp></or_exp>
</condition>

<Node id="86" bw="16" op_0_bw="32" op_1_bw="64" op_2_bw="64">
<![CDATA[
.split97_ifconv:40 %b_addr_84 = getelementptr i32 %b, i64 0, i64 %zext_ln267

]]></Node>
<StgValue><ssdm name="b_addr_84"/></StgValue>
</operation>

<operation id="78" st_id="3" stage="2" lat="2">
<core>RAM_1P</core>
<MemPortIdVec></MemPortIdVec>
<condition id="-1">
<or_exp><and_exp><literal name="tmp" val="0"/>
</and_exp></or_exp>
</condition>

<Node id="90" bw="32" op_0_bw="16">
<![CDATA[
.split97_ifconv:44 %b_load_84 = load i16 %b_addr_84

]]></Node>
<StgValue><ssdm name="b_load_84"/></StgValue>
</operation>

<operation id="79" st_id="3" stage="2" lat="2">
<core>RAM_1P</core>
<MemPortIdVec></MemPortIdVec>
<condition id="-1">
<or_exp><and_exp><literal name="tmp" val="0"/>
</and_exp></or_exp>
</condition>

<Node id="96" bw="32" op_0_bw="16">
<![CDATA[
.split97_ifconv:50 %a_load_84 = load i16 %a_addr_84

]]></Node>
<StgValue><ssdm name="a_load_84"/></StgValue>
</operation>
</state>

<state id="4" st_id="5">

<operation id="80" st_id="4" stage="1" lat="2">
<core>Multiplier</core>
<MemPortIdVec></MemPortIdVec>
<condition id="-1">
<or_exp><and_exp><literal name="tmp" val="0"/>
<literal name="icmp_ln264" val="1"/>
</and_exp></or_exp>
</condition>

<Node id="70" bw="32" op_0_bw="32" op_1_bw="32">
<![CDATA[
.split97_ifconv:24 %mul_ln266 = mul i32 %b_load_82, i32 %a_load_82

]]></Node>
<StgValue><ssdm name="mul_ln266"/></StgValue>
</operation>

<operation id="81" st_id="4" stage="2" lat="2">
<core>Multiplier</core>
<MemPortIdVec></MemPortIdVec>
<condition id="-1">
<or_exp><and_exp><literal name="tmp" val="0"/>
<literal name="icmp_ln264" val="1"/>
</and_exp></or_exp>
</condition>

<Node id="73" bw="32" op_0_bw="32" op_1_bw="32">
<![CDATA[
.split97_ifconv:27 %mul_ln266_1 = mul i32 %b_load_83, i32 %a_load_83

]]></Node>
<StgValue><ssdm name="mul_ln266_1"/></StgValue>
</operation>

<operation id="82" st_id="4" stage="1" lat="1">
<core>NULL</core>
<MemPortIdVec></MemPortIdVec>
<condition id="-1">
<or_exp><and_exp><literal name="tmp" val="0"/>
</and_exp></or_exp>
</condition>

<Node id="80" bw="16" op_0_bw="16" op_1_bw="8" op_2_bw="8">
<![CDATA[
.split97_ifconv:34 %tmp_2487 = bitconcatenate i16 @_ssdm_op_BitConcatenate.i16.i8.i8, i8 %or_ln251_read, i8 %or_ln267

]]></Node>
<StgValue><ssdm name="tmp_2487"/></StgValue>
</operation>

<operation id="83" st_id="4" stage="1" lat="1">
<core>NULL</core>
<MemPortIdVec></MemPortIdVec>
<condition id="-1">
<or_exp><and_exp><literal name="tmp" val="0"/>
</and_exp></or_exp>
</condition>

<Node id="81" bw="64" op_0_bw="16">
<![CDATA[
.split97_ifconv:35 %zext_ln268_1 = zext i16 %tmp_2487

]]></Node>
<StgValue><ssdm name="zext_ln268_1"/></StgValue>
</operation>

<operation id="84" st_id="4" stage="1" lat="1">
<core>NULL</core>
<MemPortIdVec></MemPortIdVec>
<condition id="-1">
<or_exp><and_exp><literal name="tmp" val="0"/>
</and_exp></or_exp>
</condition>

<Node id="82" bw="16" op_0_bw="32" op_1_bw="64" op_2_bw="64">
<![CDATA[
.split97_ifconv:36 %a_addr_85 = getelementptr i32 %a, i64 0, i64 %zext_ln268_1

]]></Node>
<StgValue><ssdm name="a_addr_85"/></StgValue>
</operation>

<operation id="85" st_id="4" stage="1" lat="1">
<core>NULL</core>
<MemPortIdVec></MemPortIdVec>
<condition id="-1">
<or_exp><and_exp><literal name="tmp" val="0"/>
</and_exp></or_exp>
</condition>

<Node id="87" bw="16" op_0_bw="16" op_1_bw="8" op_2_bw="8">
<![CDATA[
.split97_ifconv:41 %tmp_2489 = bitconcatenate i16 @_ssdm_op_BitConcatenate.i16.i8.i8, i8 %or_ln267, i8 %or_ln258_read

]]></Node>
<StgValue><ssdm name="tmp_2489"/></StgValue>
</operation>

<operation id="86" st_id="4" stage="1" lat="1">
<core>NULL</core>
<MemPortIdVec></MemPortIdVec>
<condition id="-1">
<or_exp><and_exp><literal name="tmp" val="0"/>
</and_exp></or_exp>
</condition>

<Node id="88" bw="64" op_0_bw="16">
<![CDATA[
.split97_ifconv:42 %zext_ln267_1 = zext i16 %tmp_2489

]]></Node>
<StgValue><ssdm name="zext_ln267_1"/></StgValue>
</operation>

<operation id="87" st_id="4" stage="1" lat="1">
<core>NULL</core>
<MemPortIdVec></MemPortIdVec>
<condition id="-1">
<or_exp><and_exp><literal name="tmp" val="0"/>
</and_exp></or_exp>
</condition>

<Node id="89" bw="16" op_0_bw="32" op_1_bw="64" op_2_bw="64">
<![CDATA[
.split97_ifconv:43 %b_addr_85 = getelementptr i32 %b, i64 0, i64 %zext_ln267_1

]]></Node>
<StgValue><ssdm name="b_addr_85"/></StgValue>
</operation>

<operation id="88" st_id="4" stage="1" lat="2">
<core>RAM_1P</core>
<MemPortIdVec></MemPortIdVec>
<condition id="-1">
<or_exp><and_exp><literal name="tmp" val="0"/>
</and_exp></or_exp>
</condition>

<Node id="90" bw="32" op_0_bw="16">
<![CDATA[
.split97_ifconv:44 %b_load_84 = load i16 %b_addr_84

]]></Node>
<StgValue><ssdm name="b_load_84"/></StgValue>
</operation>

<operation id="89" st_id="4" stage="2" lat="2">
<core>RAM_1P</core>
<MemPortIdVec></MemPortIdVec>
<condition id="-1">
<or_exp><and_exp><literal name="tmp" val="0"/>
</and_exp></or_exp>
</condition>

<Node id="92" bw="32" op_0_bw="16">
<![CDATA[
.split97_ifconv:46 %b_load_85 = load i16 %b_addr_85

]]></Node>
<StgValue><ssdm name="b_load_85"/></StgValue>
</operation>

<operation id="90" st_id="4" stage="1" lat="2">
<core>RAM_1P</core>
<MemPortIdVec></MemPortIdVec>
<condition id="-1">
<or_exp><and_exp><literal name="tmp" val="0"/>
</and_exp></or_exp>
</condition>

<Node id="96" bw="32" op_0_bw="16">
<![CDATA[
.split97_ifconv:50 %a_load_84 = load i16 %a_addr_84

]]></Node>
<StgValue><ssdm name="a_load_84"/></StgValue>
</operation>

<operation id="91" st_id="4" stage="2" lat="2">
<core>RAM_1P</core>
<MemPortIdVec></MemPortIdVec>
<condition id="-1">
<or_exp><and_exp><literal name="tmp" val="0"/>
</and_exp></or_exp>
</condition>

<Node id="98" bw="32" op_0_bw="16">
<![CDATA[
.split97_ifconv:52 %a_load_85 = load i16 %a_addr_85

]]></Node>
<StgValue><ssdm name="a_load_85"/></StgValue>
</operation>
</state>

<state id="5" st_id="6">

<operation id="92" st_id="5" stage="1" lat="2">
<core>Multiplier</core>
<MemPortIdVec></MemPortIdVec>
<condition id="-1">
<or_exp><and_exp><literal name="icmp_ln264" val="1"/>
</and_exp></or_exp>
</condition>

<Node id="73" bw="32" op_0_bw="32" op_1_bw="32">
<![CDATA[
.split97_ifconv:27 %mul_ln266_1 = mul i32 %b_load_83, i32 %a_load_83

]]></Node>
<StgValue><ssdm name="mul_ln266_1"/></StgValue>
</operation>

<operation id="93" st_id="5" stage="2" lat="2">
<core>Multiplier</core>
<MemPortIdVec></MemPortIdVec>
<condition id="-1">
<or_exp><and_exp><literal name="icmp_ln264" val="1"/>
</and_exp></or_exp>
</condition>

<Node id="91" bw="32" op_0_bw="32" op_1_bw="32">
<![CDATA[
.split97_ifconv:45 %mul_ln267 = mul i32 %b_load_84, i32 %a_load_82

]]></Node>
<StgValue><ssdm name="mul_ln267"/></StgValue>
</operation>

<operation id="94" st_id="5" stage="1" lat="2">
<core>RAM_1P</core>
<MemPortIdVec></MemPortIdVec>
<condition id="-1">
<or_exp><and_exp></and_exp></or_exp>
</condition>

<Node id="92" bw="32" op_0_bw="16">
<![CDATA[
.split97_ifconv:46 %b_load_85 = load i16 %b_addr_85

]]></Node>
<StgValue><ssdm name="b_load_85"/></StgValue>
</operation>

<operation id="95" st_id="5" stage="2" lat="2">
<core>Multiplier</core>
<MemPortIdVec></MemPortIdVec>
<condition id="-1">
<or_exp><and_exp><literal name="icmp_ln264" val="1"/>
</and_exp></or_exp>
</condition>

<Node id="97" bw="32" op_0_bw="32" op_1_bw="32">
<![CDATA[
.split97_ifconv:51 %mul_ln268 = mul i32 %a_load_84, i32 %b_load_82

]]></Node>
<StgValue><ssdm name="mul_ln268"/></StgValue>
</operation>

<operation id="96" st_id="5" stage="1" lat="2">
<core>RAM_1P</core>
<MemPortIdVec></MemPortIdVec>
<condition id="-1">
<or_exp><and_exp></and_exp></or_exp>
</condition>

<Node id="98" bw="32" op_0_bw="16">
<![CDATA[
.split97_ifconv:52 %a_load_85 = load i16 %a_addr_85

]]></Node>
<StgValue><ssdm name="a_load_85"/></StgValue>
</operation>
</state>

<state id="6" st_id="7">

<operation id="97" st_id="6" stage="1" lat="1">
<core>NULL</core>
<MemPortIdVec></MemPortIdVec>
<condition id="-1">
<or_exp><and_exp></and_exp></or_exp>
</condition>

<Node id="49" bw="32" op_0_bw="32" op_1_bw="0">
<![CDATA[
.split97_ifconv:3 %p_load = load i32 %empty_39

]]></Node>
<StgValue><ssdm name="p_load"/></StgValue>
</operation>

<operation id="98" st_id="6" stage="1" lat="1">
<core>TAddSub</core>
<MemPortIdVec></MemPortIdVec>
<condition id="-1">
<or_exp><and_exp><literal name="icmp_ln264" val="1"/>
</and_exp></or_exp>
</condition>

<Node id="74" bw="32" op_0_bw="32" op_1_bw="32">
<![CDATA[
.split97_ifconv:28 %add_ln266 = add i32 %mul_ln266_1, i32 %p_load

]]></Node>
<StgValue><ssdm name="add_ln266"/></StgValue>
</operation>

<operation id="99" st_id="6" stage="1" lat="1">
<core>TAddSub</core>
<MemPortIdVec></MemPortIdVec>
<condition id="-1">
<or_exp><and_exp><literal name="icmp_ln264" val="1"/>
</and_exp></or_exp>
</condition>

<Node id="75" bw="32" op_0_bw="32" op_1_bw="32">
<![CDATA[
.split97_ifconv:29 %add_ln266_1 = add i32 %add_ln266, i32 %mul_ln266

]]></Node>
<StgValue><ssdm name="add_ln266_1"/></StgValue>
</operation>

<operation id="100" st_id="6" stage="1" lat="2">
<core>Multiplier</core>
<MemPortIdVec></MemPortIdVec>
<condition id="-1">
<or_exp><and_exp><literal name="icmp_ln264" val="1"/>
</and_exp></or_exp>
</condition>

<Node id="91" bw="32" op_0_bw="32" op_1_bw="32">
<![CDATA[
.split97_ifconv:45 %mul_ln267 = mul i32 %b_load_84, i32 %a_load_82

]]></Node>
<StgValue><ssdm name="mul_ln267"/></StgValue>
</operation>

<operation id="101" st_id="6" stage="2" lat="2">
<core>Multiplier</core>
<MemPortIdVec></MemPortIdVec>
<condition id="-1">
<or_exp><and_exp><literal name="icmp_ln264" val="1"/>
</and_exp></or_exp>
</condition>

<Node id="93" bw="32" op_0_bw="32" op_1_bw="32">
<![CDATA[
.split97_ifconv:47 %mul_ln267_1 = mul i32 %b_load_85, i32 %a_load_83

]]></Node>
<StgValue><ssdm name="mul_ln267_1"/></StgValue>
</operation>

<operation id="102" st_id="6" stage="1" lat="2">
<core>Multiplier</core>
<MemPortIdVec></MemPortIdVec>
<condition id="-1">
<or_exp><and_exp><literal name="icmp_ln264" val="1"/>
</and_exp></or_exp>
</condition>

<Node id="97" bw="32" op_0_bw="32" op_1_bw="32">
<![CDATA[
.split97_ifconv:51 %mul_ln268 = mul i32 %a_load_84, i32 %b_load_82

]]></Node>
<StgValue><ssdm name="mul_ln268"/></StgValue>
</operation>

<operation id="103" st_id="6" stage="2" lat="2">
<core>Multiplier</core>
<MemPortIdVec></MemPortIdVec>
<condition id="-1">
<or_exp><and_exp><literal name="icmp_ln264" val="1"/>
</and_exp></or_exp>
</condition>

<Node id="99" bw="32" op_0_bw="32" op_1_bw="32">
<![CDATA[
.split97_ifconv:53 %mul_ln268_1 = mul i32 %a_load_85, i32 %b_load_83

]]></Node>
<StgValue><ssdm name="mul_ln268_1"/></StgValue>
</operation>

<operation id="104" st_id="6" stage="1" lat="1">
<core>Sel</core>
<MemPortIdVec></MemPortIdVec>
<condition id="-1">
<or_exp><and_exp></and_exp></or_exp>
</condition>

<Node id="109" bw="32" op_0_bw="1" op_1_bw="32" op_2_bw="32">
<![CDATA[
.split97_ifconv:63 %select_ln264_3 = select i1 %icmp_ln264, i32 %add_ln266_1, i32 %p_load

]]></Node>
<StgValue><ssdm name="select_ln264_3"/></StgValue>
</operation>

<operation id="105" st_id="6" stage="1" lat="1">
<core>NULL</core>
<MemPortIdVec></MemPortIdVec>
<condition id="-1">
<or_exp><and_exp></and_exp></or_exp>
</condition>

<Node id="112" bw="0" op_0_bw="32" op_1_bw="32" op_2_bw="0" op_3_bw="0">
<![CDATA[
.split97_ifconv:66 %store_ln264 = store i32 %select_ln264_3, i32 %empty_39

]]></Node>
<StgValue><ssdm name="store_ln264"/></StgValue>
</operation>

<operation id="129" st_id="6" stage="1" lat="1">
<core>NULL</core>
<MemPortIdVec></MemPortIdVec>
<condition id="-1">
<or_exp><and_exp><literal name="tmp" val="1"/>
</and_exp></or_exp>
</condition>

<Node id="118" bw="32" op_0_bw="32" op_1_bw="0">
<![CDATA[
.exitStub:0 %p_load23 = load i32 %empty

]]></Node>
<StgValue><ssdm name="p_load23"/></StgValue>
</operation>

<operation id="130" st_id="6" stage="1" lat="1">
<core>NULL</core>
<MemPortIdVec></MemPortIdVec>
<condition id="-1">
<or_exp><and_exp><literal name="tmp" val="1"/>
</and_exp></or_exp>
</condition>

<Node id="119" bw="32" op_0_bw="32" op_1_bw="0">
<![CDATA[
.exitStub:1 %p_load21 = load i32 %empty_37

]]></Node>
<StgValue><ssdm name="p_load21"/></StgValue>
</operation>

<operation id="131" st_id="6" stage="1" lat="1">
<core>NULL</core>
<MemPortIdVec></MemPortIdVec>
<condition id="-1">
<or_exp><and_exp><literal name="tmp" val="1"/>
</and_exp></or_exp>
</condition>

<Node id="120" bw="32" op_0_bw="32" op_1_bw="0">
<![CDATA[
.exitStub:2 %p_load19 = load i32 %empty_38

]]></Node>
<StgValue><ssdm name="p_load19"/></StgValue>
</operation>

<operation id="132" st_id="6" stage="1" lat="1">
<core>NULL</core>
<MemPortIdVec></MemPortIdVec>
<condition id="-1">
<or_exp><and_exp><literal name="tmp" val="1"/>
</and_exp></or_exp>
</condition>

<Node id="121" bw="32" op_0_bw="32" op_1_bw="0">
<![CDATA[
.exitStub:3 %p_load17 = load i32 %empty_39

]]></Node>
<StgValue><ssdm name="p_load17"/></StgValue>
</operation>

<operation id="133" st_id="6" stage="1" lat="1">
<core>NULL</core>
<MemPortIdVec></MemPortIdVec>
<condition id="-1">
<or_exp><and_exp><literal name="tmp" val="1"/>
</and_exp></or_exp>
</condition>

<Node id="122" bw="0" op_0_bw="0" op_1_bw="32" op_2_bw="32">
<![CDATA[
.exitStub:4 %write_ln0 = write void @_ssdm_op_Write.ap_auto.i32P0A, i32 %p_out, i32 %p_load17

]]></Node>
<StgValue><ssdm name="write_ln0"/></StgValue>
</operation>

<operation id="134" st_id="6" stage="1" lat="1">
<core>NULL</core>
<MemPortIdVec></MemPortIdVec>
<condition id="-1">
<or_exp><and_exp><literal name="tmp" val="1"/>
</and_exp></or_exp>
</condition>

<Node id="123" bw="0" op_0_bw="0" op_1_bw="32" op_2_bw="32">
<![CDATA[
.exitStub:5 %write_ln0 = write void @_ssdm_op_Write.ap_auto.i32P0A, i32 %p_out1, i32 %p_load19

]]></Node>
<StgValue><ssdm name="write_ln0"/></StgValue>
</operation>

<operation id="135" st_id="6" stage="1" lat="1">
<core>NULL</core>
<MemPortIdVec></MemPortIdVec>
<condition id="-1">
<or_exp><and_exp><literal name="tmp" val="1"/>
</and_exp></or_exp>
</condition>

<Node id="124" bw="0" op_0_bw="0" op_1_bw="32" op_2_bw="32">
<![CDATA[
.exitStub:6 %write_ln0 = write void @_ssdm_op_Write.ap_auto.i32P0A, i32 %p_out2, i32 %p_load21

]]></Node>
<StgValue><ssdm name="write_ln0"/></StgValue>
</operation>

<operation id="136" st_id="6" stage="1" lat="1">
<core>NULL</core>
<MemPortIdVec></MemPortIdVec>
<condition id="-1">
<or_exp><and_exp><literal name="tmp" val="1"/>
</and_exp></or_exp>
</condition>

<Node id="125" bw="0" op_0_bw="0" op_1_bw="32" op_2_bw="32">
<![CDATA[
.exitStub:7 %write_ln0 = write void @_ssdm_op_Write.ap_auto.i32P0A, i32 %p_out3, i32 %p_load23

]]></Node>
<StgValue><ssdm name="write_ln0"/></StgValue>
</operation>

<operation id="137" st_id="6" stage="1" lat="1">
<core>NULL</core>
<MemPortIdVec></MemPortIdVec>
<condition id="-1">
<or_exp><and_exp><literal name="tmp" val="1"/>
</and_exp></or_exp>
</condition>

<Node id="126" bw="0">
<![CDATA[
.exitStub:8 %ret_ln0 = ret

]]></Node>
<StgValue><ssdm name="ret_ln0"/></StgValue>
</operation>
</state>

<state id="7" st_id="8">

<operation id="106" st_id="7" stage="1" lat="2">
<core>Multiplier</core>
<MemPortIdVec></MemPortIdVec>
<condition id="-1">
<or_exp><and_exp><literal name="icmp_ln264" val="1"/>
</and_exp></or_exp>
</condition>

<Node id="93" bw="32" op_0_bw="32" op_1_bw="32">
<![CDATA[
.split97_ifconv:47 %mul_ln267_1 = mul i32 %b_load_85, i32 %a_load_83

]]></Node>
<StgValue><ssdm name="mul_ln267_1"/></StgValue>
</operation>

<operation id="107" st_id="7" stage="1" lat="2">
<core>Multiplier</core>
<MemPortIdVec></MemPortIdVec>
<condition id="-1">
<or_exp><and_exp><literal name="icmp_ln264" val="1"/>
</and_exp></or_exp>
</condition>

<Node id="99" bw="32" op_0_bw="32" op_1_bw="32">
<![CDATA[
.split97_ifconv:53 %mul_ln268_1 = mul i32 %a_load_85, i32 %b_load_83

]]></Node>
<StgValue><ssdm name="mul_ln268_1"/></StgValue>
</operation>

<operation id="108" st_id="7" stage="2" lat="2">
<core>Multiplier</core>
<MemPortIdVec></MemPortIdVec>
<condition id="-1">
<or_exp><and_exp><literal name="icmp_ln264" val="1"/>
</and_exp></or_exp>
</condition>

<Node id="102" bw="32" op_0_bw="32" op_1_bw="32">
<![CDATA[
.split97_ifconv:56 %mul_ln269 = mul i32 %a_load_84, i32 %b_load_84

]]></Node>
<StgValue><ssdm name="mul_ln269"/></StgValue>
</operation>
</state>

<state id="8" st_id="9">

<operation id="109" st_id="8" stage="1" lat="1">
<core>NULL</core>
<MemPortIdVec></MemPortIdVec>
<condition id="-1">
<or_exp><and_exp></and_exp></or_exp>
</condition>

<Node id="47" bw="32" op_0_bw="32" op_1_bw="0">
<![CDATA[
.split97_ifconv:1 %p_load20 = load i32 %empty_37

]]></Node>
<StgValue><ssdm name="p_load20"/></StgValue>
</operation>

<operation id="110" st_id="8" stage="1" lat="1">
<core>NULL</core>
<MemPortIdVec></MemPortIdVec>
<condition id="-1">
<or_exp><and_exp></and_exp></or_exp>
</condition>

<Node id="48" bw="32" op_0_bw="32" op_1_bw="0">
<![CDATA[
.split97_ifconv:2 %p_load18 = load i32 %empty_38

]]></Node>
<StgValue><ssdm name="p_load18"/></StgValue>
</operation>

<operation id="111" st_id="8" stage="1" lat="1">
<core>TAddSub</core>
<MemPortIdVec></MemPortIdVec>
<condition id="-1">
<or_exp><and_exp><literal name="icmp_ln264" val="1"/>
</and_exp></or_exp>
</condition>

<Node id="94" bw="32" op_0_bw="32" op_1_bw="32">
<![CDATA[
.split97_ifconv:48 %add_ln267 = add i32 %mul_ln267, i32 %p_load18

]]></Node>
<StgValue><ssdm name="add_ln267"/></StgValue>
</operation>

<operation id="112" st_id="8" stage="1" lat="1">
<core>TAddSub</core>
<MemPortIdVec></MemPortIdVec>
<condition id="-1">
<or_exp><and_exp><literal name="icmp_ln264" val="1"/>
</and_exp></or_exp>
</condition>

<Node id="95" bw="32" op_0_bw="32" op_1_bw="32">
<![CDATA[
.split97_ifconv:49 %add_ln267_1 = add i32 %add_ln267, i32 %mul_ln267_1

]]></Node>
<StgValue><ssdm name="add_ln267_1"/></StgValue>
</operation>

<operation id="113" st_id="8" stage="1" lat="1">
<core>TAddSub</core>
<MemPortIdVec></MemPortIdVec>
<condition id="-1">
<or_exp><and_exp><literal name="icmp_ln264" val="1"/>
</and_exp></or_exp>
</condition>

<Node id="100" bw="32" op_0_bw="32" op_1_bw="32">
<![CDATA[
.split97_ifconv:54 %add_ln268 = add i32 %p_load20, i32 %mul_ln268_1

]]></Node>
<StgValue><ssdm name="add_ln268"/></StgValue>
</operation>

<operation id="114" st_id="8" stage="1" lat="1">
<core>TAddSub</core>
<MemPortIdVec></MemPortIdVec>
<condition id="-1">
<or_exp><and_exp><literal name="icmp_ln264" val="1"/>
</and_exp></or_exp>
</condition>

<Node id="101" bw="32" op_0_bw="32" op_1_bw="32">
<![CDATA[
.split97_ifconv:55 %add_ln268_1 = add i32 %add_ln268, i32 %mul_ln268

]]></Node>
<StgValue><ssdm name="add_ln268_1"/></StgValue>
</operation>

<operation id="115" st_id="8" stage="1" lat="2">
<core>Multiplier</core>
<MemPortIdVec></MemPortIdVec>
<condition id="-1">
<or_exp><and_exp><literal name="icmp_ln264" val="1"/>
</and_exp></or_exp>
</condition>

<Node id="102" bw="32" op_0_bw="32" op_1_bw="32">
<![CDATA[
.split97_ifconv:56 %mul_ln269 = mul i32 %a_load_84, i32 %b_load_84

]]></Node>
<StgValue><ssdm name="mul_ln269"/></StgValue>
</operation>

<operation id="116" st_id="8" stage="2" lat="2">
<core>Multiplier</core>
<MemPortIdVec></MemPortIdVec>
<condition id="-1">
<or_exp><and_exp><literal name="icmp_ln264" val="1"/>
</and_exp></or_exp>
</condition>

<Node id="103" bw="32" op_0_bw="32" op_1_bw="32">
<![CDATA[
.split97_ifconv:57 %mul_ln269_1 = mul i32 %a_load_85, i32 %b_load_85

]]></Node>
<StgValue><ssdm name="mul_ln269_1"/></StgValue>
</operation>

<operation id="117" st_id="8" stage="1" lat="1">
<core>Sel</core>
<MemPortIdVec></MemPortIdVec>
<condition id="-1">
<or_exp><and_exp></and_exp></or_exp>
</condition>

<Node id="107" bw="32" op_0_bw="1" op_1_bw="32" op_2_bw="32">
<![CDATA[
.split97_ifconv:61 %select_ln264_1 = select i1 %icmp_ln264, i32 %add_ln268_1, i32 %p_load20

]]></Node>
<StgValue><ssdm name="select_ln264_1"/></StgValue>
</operation>

<operation id="118" st_id="8" stage="1" lat="1">
<core>Sel</core>
<MemPortIdVec></MemPortIdVec>
<condition id="-1">
<or_exp><and_exp></and_exp></or_exp>
</condition>

<Node id="108" bw="32" op_0_bw="1" op_1_bw="32" op_2_bw="32">
<![CDATA[
.split97_ifconv:62 %select_ln264_2 = select i1 %icmp_ln264, i32 %add_ln267_1, i32 %p_load18

]]></Node>
<StgValue><ssdm name="select_ln264_2"/></StgValue>
</operation>

<operation id="119" st_id="8" stage="1" lat="1">
<core>NULL</core>
<MemPortIdVec></MemPortIdVec>
<condition id="-1">
<or_exp><and_exp></and_exp></or_exp>
</condition>

<Node id="113" bw="0" op_0_bw="32" op_1_bw="32" op_2_bw="0" op_3_bw="0">
<![CDATA[
.split97_ifconv:67 %store_ln264 = store i32 %select_ln264_2, i32 %empty_38

]]></Node>
<StgValue><ssdm name="store_ln264"/></StgValue>
</operation>

<operation id="120" st_id="8" stage="1" lat="1">
<core>NULL</core>
<MemPortIdVec></MemPortIdVec>
<condition id="-1">
<or_exp><and_exp></and_exp></or_exp>
</condition>

<Node id="114" bw="0" op_0_bw="32" op_1_bw="32" op_2_bw="0" op_3_bw="0">
<![CDATA[
.split97_ifconv:68 %store_ln264 = store i32 %select_ln264_1, i32 %empty_37

]]></Node>
<StgValue><ssdm name="store_ln264"/></StgValue>
</operation>
</state>

<state id="9" st_id="10">

<operation id="121" st_id="9" stage="1" lat="2">
<core>Multiplier</core>
<MemPortIdVec></MemPortIdVec>
<condition id="-1">
<or_exp><and_exp><literal name="icmp_ln264" val="1"/>
</and_exp></or_exp>
</condition>

<Node id="103" bw="32" op_0_bw="32" op_1_bw="32">
<![CDATA[
.split97_ifconv:57 %mul_ln269_1 = mul i32 %a_load_85, i32 %b_load_85

]]></Node>
<StgValue><ssdm name="mul_ln269_1"/></StgValue>
</operation>
</state>

<state id="10" st_id="11">

<operation id="122" st_id="10" stage="1" lat="1">
<core>NULL</core>
<MemPortIdVec></MemPortIdVec>
<condition id="-1">
<or_exp><and_exp></and_exp></or_exp>
</condition>

<Node id="46" bw="32" op_0_bw="32" op_1_bw="0">
<![CDATA[
.split97_ifconv:0 %p_load22 = load i32 %empty

]]></Node>
<StgValue><ssdm name="p_load22"/></StgValue>
</operation>

<operation id="123" st_id="10" stage="1" lat="1">
<core>NULL</core>
<MemPortIdVec></MemPortIdVec>
<condition id="-1">
<or_exp><and_exp></and_exp></or_exp>
</condition>

<Node id="66" bw="0" op_0_bw="0" op_1_bw="0">
<![CDATA[
.split97_ifconv:20 %specloopname_ln10 = specloopname void @_ssdm_op_SpecLoopName, void @empty_11

]]></Node>
<StgValue><ssdm name="specloopname_ln10"/></StgValue>
</operation>

<operation id="124" st_id="10" stage="1" lat="1">
<core>TAddSub</core>
<MemPortIdVec></MemPortIdVec>
<condition id="-1">
<or_exp><and_exp><literal name="icmp_ln264" val="1"/>
</and_exp></or_exp>
</condition>

<Node id="104" bw="32" op_0_bw="32" op_1_bw="32">
<![CDATA[
.split97_ifconv:58 %add_ln269 = add i32 %p_load22, i32 %mul_ln269_1

]]></Node>
<StgValue><ssdm name="add_ln269"/></StgValue>
</operation>

<operation id="125" st_id="10" stage="1" lat="1">
<core>TAddSub</core>
<MemPortIdVec></MemPortIdVec>
<condition id="-1">
<or_exp><and_exp><literal name="icmp_ln264" val="1"/>
</and_exp></or_exp>
</condition>

<Node id="105" bw="32" op_0_bw="32" op_1_bw="32">
<![CDATA[
.split97_ifconv:59 %add_ln269_1 = add i32 %add_ln269, i32 %mul_ln269

]]></Node>
<StgValue><ssdm name="add_ln269_1"/></StgValue>
</operation>

<operation id="126" st_id="10" stage="1" lat="1">
<core>Sel</core>
<MemPortIdVec></MemPortIdVec>
<condition id="-1">
<or_exp><and_exp></and_exp></or_exp>
</condition>

<Node id="106" bw="32" op_0_bw="1" op_1_bw="32" op_2_bw="32">
<![CDATA[
.split97_ifconv:60 %select_ln264 = select i1 %icmp_ln264, i32 %add_ln269_1, i32 %p_load22

]]></Node>
<StgValue><ssdm name="select_ln264"/></StgValue>
</operation>

<operation id="127" st_id="10" stage="1" lat="1">
<core>NULL</core>
<MemPortIdVec></MemPortIdVec>
<condition id="-1">
<or_exp><and_exp></and_exp></or_exp>
</condition>

<Node id="115" bw="0" op_0_bw="32" op_1_bw="32" op_2_bw="0" op_3_bw="0">
<![CDATA[
.split97_ifconv:69 %store_ln264 = store i32 %select_ln264, i32 %empty

]]></Node>
<StgValue><ssdm name="store_ln264"/></StgValue>
</operation>

<operation id="128" st_id="10" stage="1" lat="1">
<core>NULL</core>
<MemPortIdVec></MemPortIdVec>
<condition id="-1">
<or_exp><and_exp></and_exp></or_exp>
</condition>

<Node id="116" bw="0" op_0_bw="0">
<![CDATA[
.split97_ifconv:70 %br_ln0 = br void

]]></Node>
<StgValue><ssdm name="br_ln0"/></StgValue>
</operation>
</state>
</state_list>


<ports>
</ports>


<dataflows>
</dataflows>


</stg>
