<stg><name>matrix_mult_Pipeline_VITIS_LOOP_284_18</name>


<trans_list>

<trans id="55" from="1" to="2">
<condition id="-1">
<or_exp><and_exp></and_exp></or_exp>
</condition>
</trans>

<trans id="69" from="2" to="3">
<condition id="-1">
<or_exp><and_exp></and_exp></or_exp>
</condition>
</trans>

<trans id="64" from="3" to="4">
<condition id="-1">
<or_exp><and_exp></and_exp></or_exp>
</condition>
</trans>

<trans id="65" from="4" to="5">
<condition id="-1">
<or_exp><and_exp></and_exp></or_exp>
</condition>
</trans>

<trans id="66" from="5" to="6">
<condition id="-1">
<or_exp><and_exp></and_exp></or_exp>
</condition>
</trans>
</trans_list>



<state_list>

<state id="1" st_id="1">

<operation id="8" st_id="1" stage="1" lat="1">
<core>NULL</core>
<MemPortIdVec></MemPortIdVec>
<condition id="-1">
<or_exp><and_exp></and_exp></or_exp>
</condition>

<Node id="8" bw="32" op_0_bw="32">
<![CDATA[
newFuncRoot:0 %empty = alloca i32 1

]]></Node>
<StgValue><ssdm name="empty"/></StgValue>
</operation>

<operation id="9" st_id="1" stage="1" lat="1">
<core>NULL</core>
<MemPortIdVec></MemPortIdVec>
<condition id="-1">
<or_exp><and_exp></and_exp></or_exp>
</condition>

<Node id="9" bw="64" op_0_bw="32">
<![CDATA[
newFuncRoot:1 %k = alloca i32 1

]]></Node>
<StgValue><ssdm name="k"/></StgValue>
</operation>

<operation id="10" st_id="1" stage="1" lat="1">
<core>NULL</core>
<MemPortIdVec></MemPortIdVec>
<condition id="-1">
<or_exp><and_exp></and_exp></or_exp>
</condition>

<Node id="10" bw="32" op_0_bw="32" op_1_bw="32">
<![CDATA[
newFuncRoot:2 %sext_ln251_read = read i32 @_ssdm_op_Read.ap_auto.i32, i32 %sext_ln251

]]></Node>
<StgValue><ssdm name="sext_ln251_read"/></StgValue>
</operation>

<operation id="11" st_id="1" stage="1" lat="1">
<core>NULL</core>
<MemPortIdVec></MemPortIdVec>
<condition id="-1">
<or_exp><and_exp></and_exp></or_exp>
</condition>

<Node id="11" bw="9" op_0_bw="9" op_1_bw="9">
<![CDATA[
newFuncRoot:3 %zext_ln280_read = read i9 @_ssdm_op_Read.ap_auto.i9, i9 %zext_ln280

]]></Node>
<StgValue><ssdm name="zext_ln280_read"/></StgValue>
</operation>

<operation id="12" st_id="1" stage="1" lat="1">
<core>NULL</core>
<MemPortIdVec></MemPortIdVec>
<condition id="-1">
<or_exp><and_exp></and_exp></or_exp>
</condition>

<Node id="12" bw="16" op_0_bw="16" op_1_bw="16">
<![CDATA[
newFuncRoot:4 %zext_ln288_read = read i16 @_ssdm_op_Read.ap_auto.i16, i16 %zext_ln288

]]></Node>
<StgValue><ssdm name="zext_ln288_read"/></StgValue>
</operation>

<operation id="13" st_id="1" stage="1" lat="1">
<core>NULL</core>
<MemPortIdVec></MemPortIdVec>
<condition id="-1">
<or_exp><and_exp></and_exp></or_exp>
</condition>

<Node id="13" bw="32" op_0_bw="32" op_1_bw="32">
<![CDATA[
newFuncRoot:5 %sext_ln284_read = read i32 @_ssdm_op_Read.ap_auto.i32, i32 %sext_ln284

]]></Node>
<StgValue><ssdm name="sext_ln284_read"/></StgValue>
</operation>

<operation id="14" st_id="1" stage="1" lat="1">
<core>NULL</core>
<MemPortIdVec></MemPortIdVec>
<condition id="-1">
<or_exp><and_exp></and_exp></or_exp>
</condition>

<Node id="14" bw="64" op_0_bw="32">
<![CDATA[
newFuncRoot:6 %sext_ln251_cast = sext i32 %sext_ln251_read

]]></Node>
<StgValue><ssdm name="sext_ln251_cast"/></StgValue>
</operation>

<operation id="15" st_id="1" stage="1" lat="1">
<core>NULL</core>
<MemPortIdVec></MemPortIdVec>
<condition id="-1">
<or_exp><and_exp></and_exp></or_exp>
</condition>

<Node id="15" bw="64" op_0_bw="32">
<![CDATA[
newFuncRoot:7 %sext_ln284_cast = sext i32 %sext_ln284_read

]]></Node>
<StgValue><ssdm name="sext_ln284_cast"/></StgValue>
</operation>

<operation id="16" st_id="1" stage="1" lat="1">
<core>NULL</core>
<MemPortIdVec></MemPortIdVec>
<condition id="-1">
<or_exp><and_exp></and_exp></or_exp>
</condition>

<Node id="16" bw="16" op_0_bw="9">
<![CDATA[
newFuncRoot:8 %zext_ln280_cast = zext i9 %zext_ln280_read

]]></Node>
<StgValue><ssdm name="zext_ln280_cast"/></StgValue>
</operation>

<operation id="17" st_id="1" stage="1" lat="1">
<core>NULL</core>
<MemPortIdVec></MemPortIdVec>
<condition id="-1">
<or_exp><and_exp></and_exp></or_exp>
</condition>

<Node id="17" bw="0" op_0_bw="0" op_1_bw="32" op_2_bw="64" op_3_bw="64" op_4_bw="64">
<![CDATA[
newFuncRoot:9 %specmemcore_ln0 = specmemcore void @_ssdm_op_SpecMemCore, i32 %b, i64 666, i64 207, i64 1

]]></Node>
<StgValue><ssdm name="specmemcore_ln0"/></StgValue>
</operation>

<operation id="18" st_id="1" stage="1" lat="1">
<core>NULL</core>
<MemPortIdVec></MemPortIdVec>
<condition id="-1">
<or_exp><and_exp></and_exp></or_exp>
</condition>

<Node id="18" bw="0" op_0_bw="0" op_1_bw="32" op_2_bw="64" op_3_bw="64" op_4_bw="64">
<![CDATA[
newFuncRoot:10 %specmemcore_ln0 = specmemcore void @_ssdm_op_SpecMemCore, i32 %a, i64 666, i64 207, i64 1

]]></Node>
<StgValue><ssdm name="specmemcore_ln0"/></StgValue>
</operation>

<operation id="19" st_id="1" stage="1" lat="1">
<core>NULL</core>
<MemPortIdVec></MemPortIdVec>
<condition id="-1">
<or_exp><and_exp></and_exp></or_exp>
</condition>

<Node id="19" bw="0" op_0_bw="0" op_1_bw="32" op_2_bw="0" op_3_bw="32" op_4_bw="32" op_5_bw="0" op_6_bw="32" op_7_bw="32" op_8_bw="0" op_9_bw="0" op_10_bw="0" op_11_bw="32" op_12_bw="32" op_13_bw="32" op_14_bw="32" op_15_bw="0" op_16_bw="0">
<![CDATA[
newFuncRoot:11 %specinterface_ln0 = specinterface void @_ssdm_op_SpecInterface, i32 %b, void @empty_3, i32 0, i32 0, void @empty_0, i32 1, i32 0, void @empty_0, void @empty_0, void @empty_0, i32 0, i32 0, i32 0, i32 0, void @empty_0, void @empty_0

]]></Node>
<StgValue><ssdm name="specinterface_ln0"/></StgValue>
</operation>

<operation id="20" st_id="1" stage="1" lat="1">
<core>NULL</core>
<MemPortIdVec></MemPortIdVec>
<condition id="-1">
<or_exp><and_exp></and_exp></or_exp>
</condition>

<Node id="20" bw="0" op_0_bw="0" op_1_bw="32" op_2_bw="0" op_3_bw="32" op_4_bw="32" op_5_bw="0" op_6_bw="32" op_7_bw="32" op_8_bw="0" op_9_bw="0" op_10_bw="0" op_11_bw="32" op_12_bw="32" op_13_bw="32" op_14_bw="32" op_15_bw="0" op_16_bw="0">
<![CDATA[
newFuncRoot:12 %specinterface_ln0 = specinterface void @_ssdm_op_SpecInterface, i32 %a, void @empty_3, i32 0, i32 0, void @empty_0, i32 1, i32 0, void @empty_0, void @empty_0, void @empty_0, i32 0, i32 0, i32 0, i32 0, void @empty_0, void @empty_0

]]></Node>
<StgValue><ssdm name="specinterface_ln0"/></StgValue>
</operation>

<operation id="21" st_id="1" stage="1" lat="1">
<core>NULL</core>
<MemPortIdVec></MemPortIdVec>
<condition id="-1">
<or_exp><and_exp></and_exp></or_exp>
</condition>

<Node id="21" bw="0" op_0_bw="64" op_1_bw="64">
<![CDATA[
newFuncRoot:13 %store_ln0 = store i64 %sext_ln284_cast, i64 %k

]]></Node>
<StgValue><ssdm name="store_ln0"/></StgValue>
</operation>

<operation id="22" st_id="1" stage="1" lat="1">
<core>NULL</core>
<MemPortIdVec></MemPortIdVec>
<condition id="-1">
<or_exp><and_exp></and_exp></or_exp>
</condition>

<Node id="22" bw="0" op_0_bw="32" op_1_bw="32">
<![CDATA[
newFuncRoot:14 %store_ln0 = store i32 0, i32 %empty

]]></Node>
<StgValue><ssdm name="store_ln0"/></StgValue>
</operation>

<operation id="23" st_id="1" stage="1" lat="1">
<core>NULL</core>
<MemPortIdVec></MemPortIdVec>
<condition id="-1">
<or_exp><and_exp></and_exp></or_exp>
</condition>

<Node id="23" bw="0" op_0_bw="0">
<![CDATA[
newFuncRoot:15 %br_ln0 = br void

]]></Node>
<StgValue><ssdm name="br_ln0"/></StgValue>
</operation>
</state>

<state id="2" st_id="2">

<operation id="24" st_id="2" stage="1" lat="1">
<core>NULL</core>
<MemPortIdVec></MemPortIdVec>
<condition id="-1">
<or_exp><and_exp></and_exp></or_exp>
</condition>

<Node id="25" bw="64" op_0_bw="64" op_1_bw="0">
<![CDATA[
:0 %k_1 = load i64 %k

]]></Node>
<StgValue><ssdm name="k_1"/></StgValue>
</operation>

<operation id="25" st_id="2" stage="1" lat="1">
<core>NULL</core>
<MemPortIdVec></MemPortIdVec>
<condition id="-1">
<or_exp><and_exp></and_exp></or_exp>
</condition>

<Node id="26" bw="16" op_0_bw="64">
<![CDATA[
:1 %trunc_ln288 = trunc i64 %k_1

]]></Node>
<StgValue><ssdm name="trunc_ln288"/></StgValue>
</operation>

<operation id="26" st_id="2" stage="1" lat="1">
<core>Adder</core>
<MemPortIdVec></MemPortIdVec>
<condition id="-1">
<or_exp><and_exp></and_exp></or_exp>
</condition>

<Node id="27" bw="16" op_0_bw="16" op_1_bw="16">
<![CDATA[
:2 %add_ln288_1 = add i16 %zext_ln288_read, i16 %trunc_ln288

]]></Node>
<StgValue><ssdm name="add_ln288_1"/></StgValue>
</operation>

<operation id="27" st_id="2" stage="1" lat="1">
<core>NULL</core>
<MemPortIdVec></MemPortIdVec>
<condition id="-1">
<or_exp><and_exp></and_exp></or_exp>
</condition>

<Node id="28" bw="64" op_0_bw="16">
<![CDATA[
:3 %zext_ln288_1 = zext i16 %add_ln288_1

]]></Node>
<StgValue><ssdm name="zext_ln288_1"/></StgValue>
</operation>

<operation id="28" st_id="2" stage="1" lat="1">
<core>NULL</core>
<MemPortIdVec></MemPortIdVec>
<condition id="-1">
<or_exp><and_exp></and_exp></or_exp>
</condition>

<Node id="29" bw="16" op_0_bw="32" op_1_bw="64" op_2_bw="64">
<![CDATA[
:4 %a_addr_86 = getelementptr i32 %a, i64 0, i64 %zext_ln288_1

]]></Node>
<StgValue><ssdm name="a_addr_86"/></StgValue>
</operation>

<operation id="29" st_id="2" stage="1" lat="1">
<core>NULL</core>
<MemPortIdVec></MemPortIdVec>
<condition id="-1">
<or_exp><and_exp></and_exp></or_exp>
</condition>

<Node id="30" bw="8" op_0_bw="64">
<![CDATA[
:5 %trunc_ln288_1 = trunc i64 %k_1

]]></Node>
<StgValue><ssdm name="trunc_ln288_1"/></StgValue>
</operation>

<operation id="30" st_id="2" stage="1" lat="1">
<core>NULL</core>
<MemPortIdVec></MemPortIdVec>
<condition id="-1">
<or_exp><and_exp></and_exp></or_exp>
</condition>

<Node id="31" bw="16" op_0_bw="16" op_1_bw="8" op_2_bw="8">
<![CDATA[
:6 %tmp_9038_cast = bitconcatenate i16 @_ssdm_op_BitConcatenate.i16.i8.i8, i8 %trunc_ln288_1, i8 0

]]></Node>
<StgValue><ssdm name="tmp_9038_cast"/></StgValue>
</operation>

<operation id="31" st_id="2" stage="1" lat="1">
<core>Adder</core>
<MemPortIdVec></MemPortIdVec>
<condition id="-1">
<or_exp><and_exp></and_exp></or_exp>
</condition>

<Node id="32" bw="16" op_0_bw="16" op_1_bw="16">
<![CDATA[
:7 %add_ln288_2 = add i16 %tmp_9038_cast, i16 %zext_ln280_cast

]]></Node>
<StgValue><ssdm name="add_ln288_2"/></StgValue>
</operation>

<operation id="32" st_id="2" stage="1" lat="1">
<core>NULL</core>
<MemPortIdVec></MemPortIdVec>
<condition id="-1">
<or_exp><and_exp></and_exp></or_exp>
</condition>

<Node id="33" bw="64" op_0_bw="16">
<![CDATA[
:8 %zext_ln288_2 = zext i16 %add_ln288_2

]]></Node>
<StgValue><ssdm name="zext_ln288_2"/></StgValue>
</operation>

<operation id="33" st_id="2" stage="1" lat="1">
<core>NULL</core>
<MemPortIdVec></MemPortIdVec>
<condition id="-1">
<or_exp><and_exp></and_exp></or_exp>
</condition>

<Node id="34" bw="16" op_0_bw="32" op_1_bw="64" op_2_bw="64">
<![CDATA[
:9 %b_addr_86 = getelementptr i32 %b, i64 0, i64 %zext_ln288_2

]]></Node>
<StgValue><ssdm name="b_addr_86"/></StgValue>
</operation>

<operation id="34" st_id="2" stage="1" lat="1">
<core>NULL</core>
<MemPortIdVec></MemPortIdVec>
<condition id="-1">
<or_exp><and_exp></and_exp></or_exp>
</condition>

<Node id="35" bw="0" op_0_bw="0" op_1_bw="32" op_2_bw="32" op_3_bw="32" op_4_bw="32" op_5_bw="0">
<![CDATA[
:10 %specpipeline_ln0 = specpipeline void @_ssdm_op_SpecPipeline, i32 4294967295, i32 0, i32 1, i32 0, void @p_str

]]></Node>
<StgValue><ssdm name="specpipeline_ln0"/></StgValue>
</operation>

<operation id="35" st_id="2" stage="1" lat="1">
<core>Cmp</core>
<MemPortIdVec></MemPortIdVec>
<condition id="-1">
<or_exp><and_exp></and_exp></or_exp>
</condition>

<Node id="36" bw="1" op_0_bw="64" op_1_bw="64">
<![CDATA[
:11 %icmp_ln284 = icmp_eq  i64 %k_1, i64 256

]]></Node>
<StgValue><ssdm name="icmp_ln284"/></StgValue>
</operation>

<operation id="36" st_id="2" stage="1" lat="1">
<core>NULL</core>
<MemPortIdVec></MemPortIdVec>
<condition id="-1">
<or_exp><and_exp></and_exp></or_exp>
</condition>

<Node id="37" bw="0" op_0_bw="1" op_1_bw="0" op_2_bw="0">
<![CDATA[
:12 %br_ln284 = br i1 %icmp_ln284, void %.split103_ifconv, void %._crit_edge.loopexit.exitStub

]]></Node>
<StgValue><ssdm name="br_ln284"/></StgValue>
</operation>

<operation id="37" st_id="2" stage="1" lat="1">
<core>Cmp</core>
<MemPortIdVec></MemPortIdVec>
<condition id="-1">
<or_exp><and_exp><literal name="icmp_ln284" val="0"/>
</and_exp></or_exp>
</condition>

<Node id="41" bw="1" op_0_bw="64" op_1_bw="64">
<![CDATA[
.split103_ifconv:2 %icmp_ln286 = icmp_slt  i64 %k_1, i64 %sext_ln251_cast

]]></Node>
<StgValue><ssdm name="icmp_ln286"/></StgValue>
</operation>

<operation id="38" st_id="2" stage="2" lat="2">
<core>RAM_1P</core>
<MemPortIdVec>0 </MemPortIdVec>
<condition id="-1">
<or_exp><and_exp><literal name="icmp_ln284" val="0"/>
</and_exp></or_exp>
</condition>

<Node id="42" bw="32" op_0_bw="16">
<![CDATA[
.split103_ifconv:3 %a_load_86 = load i16 %a_addr_86

]]></Node>
<StgValue><ssdm name="a_load_86"/></StgValue>
</operation>

<operation id="39" st_id="2" stage="2" lat="2">
<core>RAM_1P</core>
<MemPortIdVec>0 </MemPortIdVec>
<condition id="-1">
<or_exp><and_exp><literal name="icmp_ln284" val="0"/>
</and_exp></or_exp>
</condition>

<Node id="43" bw="32" op_0_bw="16">
<![CDATA[
.split103_ifconv:4 %b_load_86 = load i16 %b_addr_86

]]></Node>
<StgValue><ssdm name="b_load_86"/></StgValue>
</operation>

<operation id="40" st_id="2" stage="1" lat="1">
<core>Adder</core>
<MemPortIdVec></MemPortIdVec>
<condition id="-1">
<or_exp><and_exp><literal name="icmp_ln284" val="0"/>
</and_exp></or_exp>
</condition>

<Node id="47" bw="64" op_0_bw="64" op_1_bw="64">
<![CDATA[
.split103_ifconv:8 %add_ln284 = add i64 %k_1, i64 1

]]></Node>
<StgValue><ssdm name="add_ln284"/></StgValue>
</operation>

<operation id="41" st_id="2" stage="1" lat="1">
<core>NULL</core>
<MemPortIdVec></MemPortIdVec>
<condition id="-1">
<or_exp><and_exp><literal name="icmp_ln284" val="0"/>
</and_exp></or_exp>
</condition>

<Node id="48" bw="0" op_0_bw="64" op_1_bw="64" op_2_bw="0" op_3_bw="0">
<![CDATA[
.split103_ifconv:9 %store_ln284 = store i64 %add_ln284, i64 %k

]]></Node>
<StgValue><ssdm name="store_ln284"/></StgValue>
</operation>
</state>

<state id="3" st_id="3">

<operation id="42" st_id="3" stage="1" lat="2">
<core>RAM_1P</core>
<MemPortIdVec>0 </MemPortIdVec>
<condition id="-1">
<or_exp><and_exp></and_exp></or_exp>
</condition>

<Node id="42" bw="32" op_0_bw="16">
<![CDATA[
.split103_ifconv:3 %a_load_86 = load i16 %a_addr_86

]]></Node>
<StgValue><ssdm name="a_load_86"/></StgValue>
</operation>

<operation id="43" st_id="3" stage="1" lat="2">
<core>RAM_1P</core>
<MemPortIdVec>0 </MemPortIdVec>
<condition id="-1">
<or_exp><and_exp></and_exp></or_exp>
</condition>

<Node id="43" bw="32" op_0_bw="16">
<![CDATA[
.split103_ifconv:4 %b_load_86 = load i16 %b_addr_86

]]></Node>
<StgValue><ssdm name="b_load_86"/></StgValue>
</operation>
</state>

<state id="4" st_id="4">

<operation id="44" st_id="4" stage="2" lat="2">
<core>Multiplier</core>
<MemPortIdVec></MemPortIdVec>
<condition id="-1">
<or_exp><and_exp><literal name="icmp_ln286" val="1"/>
</and_exp></or_exp>
</condition>

<Node id="44" bw="32" op_0_bw="32" op_1_bw="32">
<![CDATA[
.split103_ifconv:5 %mul_ln288 = mul i32 %b_load_86, i32 %a_load_86

]]></Node>
<StgValue><ssdm name="mul_ln288"/></StgValue>
</operation>
</state>

<state id="5" st_id="5">

<operation id="45" st_id="5" stage="1" lat="2">
<core>Multiplier</core>
<MemPortIdVec></MemPortIdVec>
<condition id="-1">
<or_exp><and_exp><literal name="icmp_ln286" val="1"/>
</and_exp></or_exp>
</condition>

<Node id="44" bw="32" op_0_bw="32" op_1_bw="32">
<![CDATA[
.split103_ifconv:5 %mul_ln288 = mul i32 %b_load_86, i32 %a_load_86

]]></Node>
<StgValue><ssdm name="mul_ln288"/></StgValue>
</operation>

<operation id="52" st_id="5" stage="1" lat="1">
<core>NULL</core>
<MemPortIdVec></MemPortIdVec>
<condition id="-1">
<or_exp><and_exp><literal name="icmp_ln284" val="1"/>
</and_exp></or_exp>
</condition>

<Node id="52" bw="32" op_0_bw="32" op_1_bw="0">
<![CDATA[
._crit_edge.loopexit.exitStub:0 %p_load12 = load i32 %empty

]]></Node>
<StgValue><ssdm name="p_load12"/></StgValue>
</operation>

<operation id="53" st_id="5" stage="1" lat="1">
<core>NULL</core>
<MemPortIdVec></MemPortIdVec>
<condition id="-1">
<or_exp><and_exp><literal name="icmp_ln284" val="1"/>
</and_exp></or_exp>
</condition>

<Node id="53" bw="0" op_0_bw="0" op_1_bw="32" op_2_bw="32">
<![CDATA[
._crit_edge.loopexit.exitStub:1 %write_ln0 = write void @_ssdm_op_Write.ap_auto.i32P0A, i32 %p_out, i32 %p_load12

]]></Node>
<StgValue><ssdm name="write_ln0"/></StgValue>
</operation>

<operation id="54" st_id="5" stage="1" lat="1">
<core>NULL</core>
<MemPortIdVec></MemPortIdVec>
<condition id="-1">
<or_exp><and_exp><literal name="icmp_ln284" val="1"/>
</and_exp></or_exp>
</condition>

<Node id="54" bw="0">
<![CDATA[
._crit_edge.loopexit.exitStub:2 %ret_ln0 = ret

]]></Node>
<StgValue><ssdm name="ret_ln0"/></StgValue>
</operation>
</state>

<state id="6" st_id="6">

<operation id="46" st_id="6" stage="1" lat="1">
<core>NULL</core>
<MemPortIdVec></MemPortIdVec>
<condition id="-1">
<or_exp><and_exp></and_exp></or_exp>
</condition>

<Node id="39" bw="32" op_0_bw="32" op_1_bw="0">
<![CDATA[
.split103_ifconv:0 %p_load = load i32 %empty

]]></Node>
<StgValue><ssdm name="p_load"/></StgValue>
</operation>

<operation id="47" st_id="6" stage="1" lat="1">
<core>NULL</core>
<MemPortIdVec></MemPortIdVec>
<condition id="-1">
<or_exp><and_exp></and_exp></or_exp>
</condition>

<Node id="40" bw="0" op_0_bw="0" op_1_bw="0">
<![CDATA[
.split103_ifconv:1 %specloopname_ln10 = specloopname void @_ssdm_op_SpecLoopName, void @empty_13

]]></Node>
<StgValue><ssdm name="specloopname_ln10"/></StgValue>
</operation>

<operation id="48" st_id="6" stage="1" lat="1">
<core>Adder</core>
<MemPortIdVec></MemPortIdVec>
<condition id="-1">
<or_exp><and_exp><literal name="icmp_ln286" val="1"/>
</and_exp></or_exp>
</condition>

<Node id="45" bw="32" op_0_bw="32" op_1_bw="32">
<![CDATA[
.split103_ifconv:6 %add_ln288 = add i32 %mul_ln288, i32 %p_load

]]></Node>
<StgValue><ssdm name="add_ln288"/></StgValue>
</operation>

<operation id="49" st_id="6" stage="1" lat="1">
<core>Sel</core>
<MemPortIdVec></MemPortIdVec>
<condition id="-1">
<or_exp><and_exp></and_exp></or_exp>
</condition>

<Node id="46" bw="32" op_0_bw="1" op_1_bw="32" op_2_bw="32">
<![CDATA[
.split103_ifconv:7 %select_ln286 = select i1 %icmp_ln286, i32 %add_ln288, i32 %p_load

]]></Node>
<StgValue><ssdm name="select_ln286"/></StgValue>
</operation>

<operation id="50" st_id="6" stage="1" lat="1">
<core>NULL</core>
<MemPortIdVec></MemPortIdVec>
<condition id="-1">
<or_exp><and_exp></and_exp></or_exp>
</condition>

<Node id="49" bw="0" op_0_bw="32" op_1_bw="32" op_2_bw="0" op_3_bw="0">
<![CDATA[
.split103_ifconv:10 %store_ln286 = store i32 %select_ln286, i32 %empty

]]></Node>
<StgValue><ssdm name="store_ln286"/></StgValue>
</operation>

<operation id="51" st_id="6" stage="1" lat="1">
<core>NULL</core>
<MemPortIdVec></MemPortIdVec>
<condition id="-1">
<or_exp><and_exp></and_exp></or_exp>
</condition>

<Node id="50" bw="0" op_0_bw="0">
<![CDATA[
.split103_ifconv:11 %br_ln0 = br void

]]></Node>
<StgValue><ssdm name="br_ln0"/></StgValue>
</operation>
</state>
</state_list>


<ports>
<port id="71" name="sext_ln284" dir="0" iftype="0">
<core>NULL</core><StgValue><ssdm name="sext_ln284"/></StgValue>
</port>
<port id="72" name="zext_ln288" dir="0" iftype="0">
<core>NULL</core><StgValue><ssdm name="zext_ln288"/></StgValue>
</port>
<port id="73" name="a" dir="0" iftype="1">
<core>RAM_1P</core><StgValue><ssdm name="a"/><MemPortTyVec>1 </MemPortTyVec>
</StgValue>
</port>
<port id="74" name="zext_ln280" dir="0" iftype="0">
<core>NULL</core><StgValue><ssdm name="zext_ln280"/></StgValue>
</port>
<port id="75" name="b" dir="0" iftype="1">
<core>RAM_1P</core><StgValue><ssdm name="b"/><MemPortTyVec>1 </MemPortTyVec>
</StgValue>
</port>
<port id="76" name="sext_ln251" dir="0" iftype="0">
<core>NULL</core><StgValue><ssdm name="sext_ln251"/></StgValue>
</port>
<port id="77" name="p_out" dir="1" iftype="0">
<core>NULL</core><StgValue><ssdm name="p_out"/></StgValue>
</port>
</ports>


<dataflows>
<dataflow id="79" from="StgValue_78" to="empty" fromId="78" toId="8">
</dataflow>
<dataflow id="80" from="StgValue_78" to="k" fromId="78" toId="9">
</dataflow>
<dataflow id="82" from="_ssdm_op_Read.ap_auto.i32" to="sext_ln251_read" fromId="81" toId="10">
</dataflow>
<dataflow id="83" from="sext_ln251" to="sext_ln251_read" fromId="76" toId="10">
</dataflow>
<dataflow id="85" from="_ssdm_op_Read.ap_auto.i9" to="zext_ln280_read" fromId="84" toId="11">
</dataflow>
<dataflow id="86" from="zext_ln280" to="zext_ln280_read" fromId="74" toId="11">
</dataflow>
<dataflow id="88" from="_ssdm_op_Read.ap_auto.i16" to="zext_ln288_read" fromId="87" toId="12">
</dataflow>
<dataflow id="89" from="zext_ln288" to="zext_ln288_read" fromId="72" toId="12">
</dataflow>
<dataflow id="90" from="_ssdm_op_Read.ap_auto.i32" to="sext_ln284_read" fromId="81" toId="13">
</dataflow>
<dataflow id="91" from="sext_ln284" to="sext_ln284_read" fromId="71" toId="13">
</dataflow>
<dataflow id="92" from="sext_ln251_read" to="sext_ln251_cast" fromId="10" toId="14">
</dataflow>
<dataflow id="93" from="sext_ln284_read" to="sext_ln284_cast" fromId="13" toId="15">
</dataflow>
<dataflow id="94" from="zext_ln280_read" to="zext_ln280_cast" fromId="11" toId="16">
</dataflow>
<dataflow id="96" from="_ssdm_op_SpecMemCore" to="specmemcore_ln0" fromId="95" toId="17">
</dataflow>
<dataflow id="97" from="b" to="specmemcore_ln0" fromId="75" toId="17">
</dataflow>
<dataflow id="99" from="StgValue_98" to="specmemcore_ln0" fromId="98" toId="17">
</dataflow>
<dataflow id="101" from="StgValue_100" to="specmemcore_ln0" fromId="100" toId="17">
</dataflow>
<dataflow id="103" from="StgValue_102" to="specmemcore_ln0" fromId="102" toId="17">
</dataflow>
<dataflow id="104" from="_ssdm_op_SpecMemCore" to="specmemcore_ln0" fromId="95" toId="18">
</dataflow>
<dataflow id="105" from="a" to="specmemcore_ln0" fromId="73" toId="18">
</dataflow>
<dataflow id="106" from="StgValue_98" to="specmemcore_ln0" fromId="98" toId="18">
</dataflow>
<dataflow id="107" from="StgValue_100" to="specmemcore_ln0" fromId="100" toId="18">
</dataflow>
<dataflow id="108" from="StgValue_102" to="specmemcore_ln0" fromId="102" toId="18">
</dataflow>
<dataflow id="110" from="_ssdm_op_SpecInterface" to="specinterface_ln0" fromId="109" toId="19">
</dataflow>
<dataflow id="111" from="b" to="specinterface_ln0" fromId="75" toId="19">
</dataflow>
<dataflow id="113" from="empty_3" to="specinterface_ln0" fromId="112" toId="19">
</dataflow>
<dataflow id="115" from="StgValue_114" to="specinterface_ln0" fromId="114" toId="19">
</dataflow>
<dataflow id="116" from="StgValue_114" to="specinterface_ln0" fromId="114" toId="19">
</dataflow>
<dataflow id="118" from="empty_0" to="specinterface_ln0" fromId="117" toId="19">
</dataflow>
<dataflow id="119" from="StgValue_78" to="specinterface_ln0" fromId="78" toId="19">
</dataflow>
<dataflow id="120" from="StgValue_114" to="specinterface_ln0" fromId="114" toId="19">
</dataflow>
<dataflow id="121" from="empty_0" to="specinterface_ln0" fromId="117" toId="19">
</dataflow>
<dataflow id="122" from="empty_0" to="specinterface_ln0" fromId="117" toId="19">
</dataflow>
<dataflow id="123" from="empty_0" to="specinterface_ln0" fromId="117" toId="19">
</dataflow>
<dataflow id="124" from="StgValue_114" to="specinterface_ln0" fromId="114" toId="19">
</dataflow>
<dataflow id="125" from="StgValue_114" to="specinterface_ln0" fromId="114" toId="19">
</dataflow>
<dataflow id="126" from="StgValue_114" to="specinterface_ln0" fromId="114" toId="19">
</dataflow>
<dataflow id="127" from="StgValue_114" to="specinterface_ln0" fromId="114" toId="19">
</dataflow>
<dataflow id="128" from="empty_0" to="specinterface_ln0" fromId="117" toId="19">
</dataflow>
<dataflow id="129" from="empty_0" to="specinterface_ln0" fromId="117" toId="19">
</dataflow>
<dataflow id="130" from="_ssdm_op_SpecInterface" to="specinterface_ln0" fromId="109" toId="20">
</dataflow>
<dataflow id="131" from="a" to="specinterface_ln0" fromId="73" toId="20">
</dataflow>
<dataflow id="132" from="empty_3" to="specinterface_ln0" fromId="112" toId="20">
</dataflow>
<dataflow id="133" from="StgValue_114" to="specinterface_ln0" fromId="114" toId="20">
</dataflow>
<dataflow id="134" from="StgValue_114" to="specinterface_ln0" fromId="114" toId="20">
</dataflow>
<dataflow id="135" from="empty_0" to="specinterface_ln0" fromId="117" toId="20">
</dataflow>
<dataflow id="136" from="StgValue_78" to="specinterface_ln0" fromId="78" toId="20">
</dataflow>
<dataflow id="137" from="StgValue_114" to="specinterface_ln0" fromId="114" toId="20">
</dataflow>
<dataflow id="138" from="empty_0" to="specinterface_ln0" fromId="117" toId="20">
</dataflow>
<dataflow id="139" from="empty_0" to="specinterface_ln0" fromId="117" toId="20">
</dataflow>
<dataflow id="140" from="empty_0" to="specinterface_ln0" fromId="117" toId="20">
</dataflow>
<dataflow id="141" from="StgValue_114" to="specinterface_ln0" fromId="114" toId="20">
</dataflow>
<dataflow id="142" from="StgValue_114" to="specinterface_ln0" fromId="114" toId="20">
</dataflow>
<dataflow id="143" from="StgValue_114" to="specinterface_ln0" fromId="114" toId="20">
</dataflow>
<dataflow id="144" from="StgValue_114" to="specinterface_ln0" fromId="114" toId="20">
</dataflow>
<dataflow id="145" from="empty_0" to="specinterface_ln0" fromId="117" toId="20">
</dataflow>
<dataflow id="146" from="empty_0" to="specinterface_ln0" fromId="117" toId="20">
</dataflow>
<dataflow id="147" from="sext_ln284_cast" to="store_ln0" fromId="15" toId="21">
</dataflow>
<dataflow id="148" from="k" to="store_ln0" fromId="9" toId="21">
</dataflow>
<dataflow id="149" from="StgValue_114" to="store_ln0" fromId="114" toId="22">
</dataflow>
<dataflow id="150" from="empty" to="store_ln0" fromId="8" toId="22">
</dataflow>
<dataflow id="151" from="k" to="k_1" fromId="9" toId="24">
</dataflow>
<dataflow id="152" from="k_1" to="trunc_ln288" fromId="24" toId="25">
</dataflow>
<dataflow id="153" from="zext_ln288_read" to="add_ln288_1" fromId="12" toId="26">
</dataflow>
<dataflow id="154" from="trunc_ln288" to="add_ln288_1" fromId="25" toId="26">
</dataflow>
<dataflow id="155" from="add_ln288_1" to="zext_ln288_1" fromId="26" toId="27">
</dataflow>
<dataflow id="156" from="a" to="a_addr_86" fromId="73" toId="28">
</dataflow>
<dataflow id="158" from="StgValue_157" to="a_addr_86" fromId="157" toId="28">
</dataflow>
<dataflow id="159" from="zext_ln288_1" to="a_addr_86" fromId="27" toId="28">
</dataflow>
<dataflow id="160" from="k_1" to="trunc_ln288_1" fromId="24" toId="29">
</dataflow>
<dataflow id="162" from="_ssdm_op_BitConcatenate.i16.i8.i8" to="tmp_9038_cast" fromId="161" toId="30">
</dataflow>
<dataflow id="163" from="trunc_ln288_1" to="tmp_9038_cast" fromId="29" toId="30">
</dataflow>
<dataflow id="165" from="StgValue_164" to="tmp_9038_cast" fromId="164" toId="30">
</dataflow>
<dataflow id="166" from="tmp_9038_cast" to="add_ln288_2" fromId="30" toId="31">
</dataflow>
<dataflow id="167" from="zext_ln280_cast" to="add_ln288_2" fromId="16" toId="31">
</dataflow>
<dataflow id="168" from="add_ln288_2" to="zext_ln288_2" fromId="31" toId="32">
</dataflow>
<dataflow id="169" from="b" to="b_addr_86" fromId="75" toId="33">
</dataflow>
<dataflow id="170" from="StgValue_157" to="b_addr_86" fromId="157" toId="33">
</dataflow>
<dataflow id="171" from="zext_ln288_2" to="b_addr_86" fromId="32" toId="33">
</dataflow>
<dataflow id="173" from="_ssdm_op_SpecPipeline" to="specpipeline_ln0" fromId="172" toId="34">
</dataflow>
<dataflow id="175" from="StgValue_174" to="specpipeline_ln0" fromId="174" toId="34">
</dataflow>
<dataflow id="176" from="StgValue_114" to="specpipeline_ln0" fromId="114" toId="34">
</dataflow>
<dataflow id="177" from="StgValue_78" to="specpipeline_ln0" fromId="78" toId="34">
</dataflow>
<dataflow id="178" from="StgValue_114" to="specpipeline_ln0" fromId="114" toId="34">
</dataflow>
<dataflow id="180" from="p_str" to="specpipeline_ln0" fromId="179" toId="34">
</dataflow>
<dataflow id="181" from="k_1" to="icmp_ln284" fromId="24" toId="35">
</dataflow>
<dataflow id="183" from="StgValue_182" to="icmp_ln284" fromId="182" toId="35">
</dataflow>
<dataflow id="184" from="icmp_ln284" to="br_ln284" fromId="35" toId="36">
</dataflow>
<dataflow id="185" from="k_1" to="icmp_ln286" fromId="24" toId="37">
</dataflow>
<dataflow id="186" from="sext_ln251_cast" to="icmp_ln286" fromId="14" toId="37">
</dataflow>
<dataflow id="187" from="a_addr_86" to="a_load_86" fromId="28" toId="38">
</dataflow>
<dataflow id="188" from="b_addr_86" to="b_load_86" fromId="33" toId="39">
</dataflow>
<dataflow id="189" from="k_1" to="add_ln284" fromId="24" toId="40">
</dataflow>
<dataflow id="190" from="StgValue_102" to="add_ln284" fromId="102" toId="40">
</dataflow>
<dataflow id="191" from="add_ln284" to="store_ln284" fromId="40" toId="41">
</dataflow>
<dataflow id="192" from="k" to="store_ln284" fromId="9" toId="41">
</dataflow>
<dataflow id="193" from="a_addr_86" to="a_load_86" fromId="28" toId="42">
</dataflow>
<dataflow id="194" from="b_addr_86" to="b_load_86" fromId="33" toId="43">
</dataflow>
<dataflow id="195" from="b_load_86" to="mul_ln288" fromId="43" toId="44">
</dataflow>
<dataflow id="196" from="a_load_86" to="mul_ln288" fromId="42" toId="44">
</dataflow>
<dataflow id="197" from="b_load_86" to="mul_ln288" fromId="43" toId="45">
</dataflow>
<dataflow id="198" from="a_load_86" to="mul_ln288" fromId="42" toId="45">
</dataflow>
<dataflow id="199" from="empty" to="p_load" fromId="8" toId="46">
</dataflow>
<dataflow id="201" from="_ssdm_op_SpecLoopName" to="specloopname_ln10" fromId="200" toId="47">
</dataflow>
<dataflow id="203" from="empty_13" to="specloopname_ln10" fromId="202" toId="47">
</dataflow>
<dataflow id="204" from="mul_ln288" to="add_ln288" fromId="45" toId="48">
</dataflow>
<dataflow id="205" from="p_load" to="add_ln288" fromId="46" toId="48">
</dataflow>
<dataflow id="206" from="icmp_ln286" to="select_ln286" fromId="37" toId="49">
</dataflow>
<dataflow id="207" from="add_ln288" to="select_ln286" fromId="48" toId="49">
</dataflow>
<dataflow id="208" from="p_load" to="select_ln286" fromId="46" toId="49">
</dataflow>
<dataflow id="209" from="select_ln286" to="store_ln286" fromId="49" toId="50">
</dataflow>
<dataflow id="210" from="empty" to="store_ln286" fromId="8" toId="50">
</dataflow>
<dataflow id="211" from="empty" to="p_load12" fromId="8" toId="52">
</dataflow>
<dataflow id="213" from="_ssdm_op_Write.ap_auto.i32P0A" to="write_ln0" fromId="212" toId="53">
</dataflow>
<dataflow id="214" from="p_out" to="write_ln0" fromId="77" toId="53">
</dataflow>
<dataflow id="215" from="p_load12" to="write_ln0" fromId="52" toId="53">
</dataflow>
<dataflow id="216" from="icmp_ln284" to="StgValue_2" fromId="35" toId="2">
</dataflow>
<dataflow id="217" from="icmp_ln286" to="StgValue_4" fromId="37" toId="4">
</dataflow>
<dataflow id="218" from="icmp_ln286" to="StgValue_5" fromId="37" toId="5">
</dataflow>
<dataflow id="219" from="icmp_ln286" to="StgValue_6" fromId="37" toId="6">
</dataflow>
<dataflow id="220" from="icmp_ln284" to="StgValue_5" fromId="35" toId="5">
</dataflow>
</dataflows>


</stg>
