<stg><name>matrix_mult_Pipeline_VITIS_LOOP_30_4</name>


<trans_list>

<trans id="32" from="1" to="2">
<condition id="-1">
<or_exp><and_exp></and_exp></or_exp>
</condition>
</trans>
</trans_list>



<state_list>

<state id="1" st_id="2">

<operation id="5" st_id="1" stage="1" lat="1">
<core>NULL</core>
<MemPortIdVec></MemPortIdVec>
<condition id="-1">
<or_exp><and_exp></and_exp></or_exp>
</condition>

<Node id="2" bw="9" op_0_bw="32">
<![CDATA[
newFuncRoot:0 %j = alloca i32 1

]]></Node>
<StgValue><ssdm name="j"/></StgValue>
</operation>

<operation id="6" st_id="1" stage="1" lat="1">
<core>NULL</core>
<MemPortIdVec></MemPortIdVec>
<condition id="-1">
<or_exp><and_exp></and_exp></or_exp>
</condition>

<Node id="3" bw="0" op_0_bw="0" op_1_bw="32" op_2_bw="64" op_3_bw="64" op_4_bw="64">
<![CDATA[
newFuncRoot:1 %specmemcore_ln0 = specmemcore void @_ssdm_op_SpecMemCore, i32 %prod, i64 666, i64 207, i64 1

]]></Node>
<StgValue><ssdm name="specmemcore_ln0"/></StgValue>
</operation>

<operation id="7" st_id="1" stage="1" lat="1">
<core>NULL</core>
<MemPortIdVec></MemPortIdVec>
<condition id="-1">
<or_exp><and_exp></and_exp></or_exp>
</condition>

<Node id="4" bw="0" op_0_bw="0" op_1_bw="32" op_2_bw="0" op_3_bw="32" op_4_bw="32" op_5_bw="0" op_6_bw="32" op_7_bw="32" op_8_bw="0" op_9_bw="0" op_10_bw="0" op_11_bw="32" op_12_bw="32" op_13_bw="32" op_14_bw="32" op_15_bw="0" op_16_bw="0">
<![CDATA[
newFuncRoot:2 %specinterface_ln0 = specinterface void @_ssdm_op_SpecInterface, i32 %prod, void @empty_3, i32 0, i32 0, void @empty_0, i32 1, i32 0, void @empty_0, void @empty_0, void @empty_0, i32 0, i32 0, i32 0, i32 0, void @empty_0, void @empty_0

]]></Node>
<StgValue><ssdm name="specinterface_ln0"/></StgValue>
</operation>

<operation id="8" st_id="1" stage="1" lat="1">
<core>NULL</core>
<MemPortIdVec></MemPortIdVec>
<condition id="-1">
<or_exp><and_exp></and_exp></or_exp>
</condition>

<Node id="5" bw="0" op_0_bw="9" op_1_bw="9">
<![CDATA[
newFuncRoot:3 %store_ln0 = store i9 0, i9 %j

]]></Node>
<StgValue><ssdm name="store_ln0"/></StgValue>
</operation>

<operation id="9" st_id="1" stage="1" lat="1">
<core>NULL</core>
<MemPortIdVec></MemPortIdVec>
<condition id="-1">
<or_exp><and_exp></and_exp></or_exp>
</condition>

<Node id="6" bw="0" op_0_bw="0">
<![CDATA[
newFuncRoot:4 %br_ln0 = br void %.preheader177

]]></Node>
<StgValue><ssdm name="br_ln0"/></StgValue>
</operation>

<operation id="10" st_id="1" stage="1" lat="1">
<core>NULL</core>
<MemPortIdVec></MemPortIdVec>
<condition id="-1">
<or_exp><and_exp></and_exp></or_exp>
</condition>

<Node id="8" bw="9" op_0_bw="9" op_1_bw="0">
<![CDATA[
.preheader177:0 %j_1 = load i9 %j

]]></Node>
<StgValue><ssdm name="j_1"/></StgValue>
</operation>

<operation id="11" st_id="1" stage="1" lat="1">
<core>NULL</core>
<MemPortIdVec></MemPortIdVec>
<condition id="-1">
<or_exp><and_exp></and_exp></or_exp>
</condition>

<Node id="9" bw="0" op_0_bw="0" op_1_bw="32" op_2_bw="32" op_3_bw="32" op_4_bw="32" op_5_bw="0">
<![CDATA[
.preheader177:1 %specpipeline_ln0 = specpipeline void @_ssdm_op_SpecPipeline, i32 4294967295, i32 0, i32 1, i32 0, void @p_str

]]></Node>
<StgValue><ssdm name="specpipeline_ln0"/></StgValue>
</operation>

<operation id="12" st_id="1" stage="1" lat="1">
<core>Cmp</core>
<MemPortIdVec></MemPortIdVec>
<condition id="-1">
<or_exp><and_exp></and_exp></or_exp>
</condition>

<Node id="10" bw="1" op_0_bw="9" op_1_bw="9">
<![CDATA[
.preheader177:2 %icmp_ln30 = icmp_eq  i9 %j_1, i9 256

]]></Node>
<StgValue><ssdm name="icmp_ln30"/></StgValue>
</operation>

<operation id="13" st_id="1" stage="1" lat="1">
<core>NULL</core>
<MemPortIdVec></MemPortIdVec>
<condition id="-1">
<or_exp><and_exp></and_exp></or_exp>
</condition>

<Node id="11" bw="32" op_0_bw="32" op_1_bw="64" op_2_bw="64" op_3_bw="64">
<![CDATA[
.preheader177:3 %empty = speclooptripcount i32 @_ssdm_op_SpecLoopTripCount, i64 256, i64 256, i64 256

]]></Node>
<StgValue><ssdm name="empty"/></StgValue>
</operation>

<operation id="14" st_id="1" stage="1" lat="1">
<core>Adder</core>
<MemPortIdVec></MemPortIdVec>
<condition id="-1">
<or_exp><and_exp></and_exp></or_exp>
</condition>

<Node id="12" bw="9" op_0_bw="9" op_1_bw="9">
<![CDATA[
.preheader177:4 %add_ln30 = add i9 %j_1, i9 1

]]></Node>
<StgValue><ssdm name="add_ln30"/></StgValue>
</operation>

<operation id="15" st_id="1" stage="1" lat="1">
<core>NULL</core>
<MemPortIdVec></MemPortIdVec>
<condition id="-1">
<or_exp><and_exp></and_exp></or_exp>
</condition>

<Node id="13" bw="0" op_0_bw="1" op_1_bw="0" op_2_bw="0">
<![CDATA[
.preheader177:5 %br_ln30 = br i1 %icmp_ln30, void %.split113, void %.preheader176.preheader.preheader.exitStub

]]></Node>
<StgValue><ssdm name="br_ln30"/></StgValue>
</operation>

<operation id="16" st_id="1" stage="1" lat="1">
<core>NULL</core>
<MemPortIdVec></MemPortIdVec>
<condition id="-1">
<or_exp><and_exp><literal name="icmp_ln30" val="0"/>
</and_exp></or_exp>
</condition>

<Node id="15" bw="64" op_0_bw="9">
<![CDATA[
.split113:0 %j_cast = zext i9 %j_1

]]></Node>
<StgValue><ssdm name="j_cast"/></StgValue>
</operation>

<operation id="17" st_id="1" stage="1" lat="1">
<core>NULL</core>
<MemPortIdVec></MemPortIdVec>
<condition id="-1">
<or_exp><and_exp><literal name="icmp_ln30" val="0"/>
</and_exp></or_exp>
</condition>

<Node id="16" bw="16" op_0_bw="32" op_1_bw="64" op_2_bw="64">
<![CDATA[
.split113:1 %prod_addr_2 = getelementptr i32 %prod, i64 0, i64 %j_cast

]]></Node>
<StgValue><ssdm name="prod_addr_2"/></StgValue>
</operation>

<operation id="18" st_id="1" stage="2" lat="2">
<core>RAM_1P</core>
<MemPortIdVec>0 </MemPortIdVec>
<condition id="-1">
<or_exp><and_exp><literal name="icmp_ln30" val="0"/>
</and_exp></or_exp>
</condition>

<Node id="18" bw="0" op_0_bw="32" op_1_bw="16">
<![CDATA[
.split113:3 %store_ln32 = store i32 0, i16 %prod_addr_2

]]></Node>
<StgValue><ssdm name="store_ln32"/></StgValue>
</operation>

<operation id="19" st_id="1" stage="1" lat="1">
<core>NULL</core>
<MemPortIdVec></MemPortIdVec>
<condition id="-1">
<or_exp><and_exp><literal name="icmp_ln30" val="0"/>
</and_exp></or_exp>
</condition>

<Node id="19" bw="0" op_0_bw="9" op_1_bw="9" op_2_bw="0" op_3_bw="0">
<![CDATA[
.split113:4 %store_ln30 = store i9 %add_ln30, i9 %j

]]></Node>
<StgValue><ssdm name="store_ln30"/></StgValue>
</operation>

<operation id="23" st_id="1" stage="1" lat="1">
<core>NULL</core>
<MemPortIdVec></MemPortIdVec>
<condition id="-1">
<or_exp><and_exp><literal name="icmp_ln30" val="1"/>
</and_exp></or_exp>
</condition>

<Node id="22" bw="0">
<![CDATA[
.preheader176.preheader.preheader.exitStub:0 %ret_ln0 = ret

]]></Node>
<StgValue><ssdm name="ret_ln0"/></StgValue>
</operation>
</state>

<state id="2" st_id="3">

<operation id="20" st_id="2" stage="1" lat="1">
<core>NULL</core>
<MemPortIdVec></MemPortIdVec>
<condition id="-1">
<or_exp><and_exp></and_exp></or_exp>
</condition>

<Node id="17" bw="0" op_0_bw="0" op_1_bw="0">
<![CDATA[
.split113:2 %specloopname_ln30 = specloopname void @_ssdm_op_SpecLoopName, void @empty_16

]]></Node>
<StgValue><ssdm name="specloopname_ln30"/></StgValue>
</operation>

<operation id="21" st_id="2" stage="1" lat="2">
<core>RAM_1P</core>
<MemPortIdVec>0 </MemPortIdVec>
<condition id="-1">
<or_exp><and_exp></and_exp></or_exp>
</condition>

<Node id="18" bw="0" op_0_bw="32" op_1_bw="16">
<![CDATA[
.split113:3 %store_ln32 = store i32 0, i16 %prod_addr_2

]]></Node>
<StgValue><ssdm name="store_ln32"/></StgValue>
</operation>

<operation id="22" st_id="2" stage="1" lat="1">
<core>NULL</core>
<MemPortIdVec></MemPortIdVec>
<condition id="-1">
<or_exp><and_exp></and_exp></or_exp>
</condition>

<Node id="20" bw="0" op_0_bw="0">
<![CDATA[
.split113:5 %br_ln0 = br void %.preheader177

]]></Node>
<StgValue><ssdm name="br_ln0"/></StgValue>
</operation>
</state>
</state_list>


<ports>
<port id="33" name="prod" dir="1" iftype="1">
<core>RAM_1P</core><StgValue><ssdm name="prod"/><MemPortTyVec>0 </MemPortTyVec>
</StgValue>
</port>
</ports>


<dataflows>
<dataflow id="35" from="StgValue_34" to="j" fromId="34" toId="5">
</dataflow>
<dataflow id="37" from="_ssdm_op_SpecMemCore" to="specmemcore_ln0" fromId="36" toId="6">
</dataflow>
<dataflow id="38" from="prod" to="specmemcore_ln0" fromId="33" toId="6">
</dataflow>
<dataflow id="40" from="StgValue_39" to="specmemcore_ln0" fromId="39" toId="6">
</dataflow>
<dataflow id="42" from="StgValue_41" to="specmemcore_ln0" fromId="41" toId="6">
</dataflow>
<dataflow id="44" from="StgValue_43" to="specmemcore_ln0" fromId="43" toId="6">
</dataflow>
<dataflow id="46" from="_ssdm_op_SpecInterface" to="specinterface_ln0" fromId="45" toId="7">
</dataflow>
<dataflow id="47" from="prod" to="specinterface_ln0" fromId="33" toId="7">
</dataflow>
<dataflow id="49" from="empty_3" to="specinterface_ln0" fromId="48" toId="7">
</dataflow>
<dataflow id="51" from="StgValue_50" to="specinterface_ln0" fromId="50" toId="7">
</dataflow>
<dataflow id="52" from="StgValue_50" to="specinterface_ln0" fromId="50" toId="7">
</dataflow>
<dataflow id="54" from="empty_0" to="specinterface_ln0" fromId="53" toId="7">
</dataflow>
<dataflow id="55" from="StgValue_34" to="specinterface_ln0" fromId="34" toId="7">
</dataflow>
<dataflow id="56" from="StgValue_50" to="specinterface_ln0" fromId="50" toId="7">
</dataflow>
<dataflow id="57" from="empty_0" to="specinterface_ln0" fromId="53" toId="7">
</dataflow>
<dataflow id="58" from="empty_0" to="specinterface_ln0" fromId="53" toId="7">
</dataflow>
<dataflow id="59" from="empty_0" to="specinterface_ln0" fromId="53" toId="7">
</dataflow>
<dataflow id="60" from="StgValue_50" to="specinterface_ln0" fromId="50" toId="7">
</dataflow>
<dataflow id="61" from="StgValue_50" to="specinterface_ln0" fromId="50" toId="7">
</dataflow>
<dataflow id="62" from="StgValue_50" to="specinterface_ln0" fromId="50" toId="7">
</dataflow>
<dataflow id="63" from="StgValue_50" to="specinterface_ln0" fromId="50" toId="7">
</dataflow>
<dataflow id="64" from="empty_0" to="specinterface_ln0" fromId="53" toId="7">
</dataflow>
<dataflow id="65" from="empty_0" to="specinterface_ln0" fromId="53" toId="7">
</dataflow>
<dataflow id="67" from="StgValue_66" to="store_ln0" fromId="66" toId="8">
</dataflow>
<dataflow id="68" from="j" to="store_ln0" fromId="5" toId="8">
</dataflow>
<dataflow id="69" from="j" to="j_1" fromId="5" toId="10">
</dataflow>
<dataflow id="71" from="_ssdm_op_SpecPipeline" to="specpipeline_ln0" fromId="70" toId="11">
</dataflow>
<dataflow id="73" from="StgValue_72" to="specpipeline_ln0" fromId="72" toId="11">
</dataflow>
<dataflow id="74" from="StgValue_50" to="specpipeline_ln0" fromId="50" toId="11">
</dataflow>
<dataflow id="75" from="StgValue_34" to="specpipeline_ln0" fromId="34" toId="11">
</dataflow>
<dataflow id="76" from="StgValue_50" to="specpipeline_ln0" fromId="50" toId="11">
</dataflow>
<dataflow id="78" from="p_str" to="specpipeline_ln0" fromId="77" toId="11">
</dataflow>
<dataflow id="79" from="j_1" to="icmp_ln30" fromId="10" toId="12">
</dataflow>
<dataflow id="81" from="StgValue_80" to="icmp_ln30" fromId="80" toId="12">
</dataflow>
<dataflow id="83" from="_ssdm_op_SpecLoopTripCount" to="empty" fromId="82" toId="13">
</dataflow>
<dataflow id="85" from="StgValue_84" to="empty" fromId="84" toId="13">
</dataflow>
<dataflow id="86" from="StgValue_84" to="empty" fromId="84" toId="13">
</dataflow>
<dataflow id="87" from="StgValue_84" to="empty" fromId="84" toId="13">
</dataflow>
<dataflow id="88" from="j_1" to="add_ln30" fromId="10" toId="14">
</dataflow>
<dataflow id="90" from="StgValue_89" to="add_ln30" fromId="89" toId="14">
</dataflow>
<dataflow id="91" from="icmp_ln30" to="br_ln30" fromId="12" toId="15">
</dataflow>
<dataflow id="92" from="j_1" to="j_cast" fromId="10" toId="16">
</dataflow>
<dataflow id="93" from="prod" to="prod_addr_2" fromId="33" toId="17">
</dataflow>
<dataflow id="95" from="StgValue_94" to="prod_addr_2" fromId="94" toId="17">
</dataflow>
<dataflow id="96" from="j_cast" to="prod_addr_2" fromId="16" toId="17">
</dataflow>
<dataflow id="97" from="StgValue_50" to="store_ln32" fromId="50" toId="18">
</dataflow>
<dataflow id="98" from="prod_addr_2" to="store_ln32" fromId="17" toId="18">
</dataflow>
<dataflow id="99" from="add_ln30" to="store_ln30" fromId="14" toId="19">
</dataflow>
<dataflow id="100" from="j" to="store_ln30" fromId="5" toId="19">
</dataflow>
<dataflow id="102" from="_ssdm_op_SpecLoopName" to="specloopname_ln30" fromId="101" toId="20">
</dataflow>
<dataflow id="104" from="empty_16" to="specloopname_ln30" fromId="103" toId="20">
</dataflow>
<dataflow id="105" from="StgValue_50" to="store_ln32" fromId="50" toId="21">
</dataflow>
<dataflow id="106" from="prod_addr_2" to="store_ln32" fromId="17" toId="21">
</dataflow>
<dataflow id="107" from="icmp_ln30" to="StgValue_2" fromId="12" toId="2">
</dataflow>
</dataflows>


</stg>
