<stg><name>matrix_mult_Pipeline_VITIS_LOOP_35_5_VITIS_LOOP_37_6</name>


<trans_list>

<trans id="63" from="1" to="2">
<condition id="-1">
<or_exp><and_exp></and_exp></or_exp>
</condition>
</trans>

<trans id="79" from="2" to="3">
<condition id="-1">
<or_exp><and_exp></and_exp></or_exp>
</condition>
</trans>

<trans id="73" from="3" to="4">
<condition id="-1">
<or_exp><and_exp></and_exp></or_exp>
</condition>
</trans>

<trans id="74" from="4" to="5">
<condition id="-1">
<or_exp><and_exp></and_exp></or_exp>
</condition>
</trans>

<trans id="75" from="5" to="6">
<condition id="-1">
<or_exp><and_exp></and_exp></or_exp>
</condition>
</trans>

<trans id="76" from="6" to="7">
<condition id="-1">
<or_exp><and_exp></and_exp></or_exp>
</condition>
</trans>
</trans_list>



<state_list>

<state id="1" st_id="1">

<operation id="9" st_id="1" stage="1" lat="1">
<core>NULL</core>
<MemPortIdVec></MemPortIdVec>
<condition id="-1">
<or_exp><and_exp></and_exp></or_exp>
</condition>

<Node id="4" bw="9" op_0_bw="32">
<![CDATA[
newFuncRoot:0 %j = alloca i32 1

]]></Node>
<StgValue><ssdm name="j"/></StgValue>
</operation>

<operation id="10" st_id="1" stage="1" lat="1">
<core>NULL</core>
<MemPortIdVec></MemPortIdVec>
<condition id="-1">
<or_exp><and_exp></and_exp></or_exp>
</condition>

<Node id="5" bw="9" op_0_bw="32">
<![CDATA[
newFuncRoot:1 %i = alloca i32 1

]]></Node>
<StgValue><ssdm name="i"/></StgValue>
</operation>

<operation id="11" st_id="1" stage="1" lat="1">
<core>NULL</core>
<MemPortIdVec></MemPortIdVec>
<condition id="-1">
<or_exp><and_exp></and_exp></or_exp>
</condition>

<Node id="6" bw="17" op_0_bw="32">
<![CDATA[
newFuncRoot:2 %indvar_flatten = alloca i32 1

]]></Node>
<StgValue><ssdm name="indvar_flatten"/></StgValue>
</operation>

<operation id="12" st_id="1" stage="1" lat="1">
<core>NULL</core>
<MemPortIdVec></MemPortIdVec>
<condition id="-1">
<or_exp><and_exp></and_exp></or_exp>
</condition>

<Node id="7" bw="0" op_0_bw="0" op_1_bw="32" op_2_bw="64" op_3_bw="64" op_4_bw="64">
<![CDATA[
newFuncRoot:3 %specmemcore_ln0 = specmemcore void @_ssdm_op_SpecMemCore, i32 %prod, i64 666, i64 207, i64 1

]]></Node>
<StgValue><ssdm name="specmemcore_ln0"/></StgValue>
</operation>

<operation id="13" st_id="1" stage="1" lat="1">
<core>NULL</core>
<MemPortIdVec></MemPortIdVec>
<condition id="-1">
<or_exp><and_exp></and_exp></or_exp>
</condition>

<Node id="8" bw="0" op_0_bw="0" op_1_bw="32" op_2_bw="64" op_3_bw="64" op_4_bw="64">
<![CDATA[
newFuncRoot:4 %specmemcore_ln0 = specmemcore void @_ssdm_op_SpecMemCore, i32 %b, i64 666, i64 207, i64 1

]]></Node>
<StgValue><ssdm name="specmemcore_ln0"/></StgValue>
</operation>

<operation id="14" st_id="1" stage="1" lat="1">
<core>NULL</core>
<MemPortIdVec></MemPortIdVec>
<condition id="-1">
<or_exp><and_exp></and_exp></or_exp>
</condition>

<Node id="9" bw="0" op_0_bw="0" op_1_bw="32" op_2_bw="64" op_3_bw="64" op_4_bw="64">
<![CDATA[
newFuncRoot:5 %specmemcore_ln0 = specmemcore void @_ssdm_op_SpecMemCore, i32 %a, i64 666, i64 207, i64 1

]]></Node>
<StgValue><ssdm name="specmemcore_ln0"/></StgValue>
</operation>

<operation id="15" st_id="1" stage="1" lat="1">
<core>NULL</core>
<MemPortIdVec></MemPortIdVec>
<condition id="-1">
<or_exp><and_exp></and_exp></or_exp>
</condition>

<Node id="10" bw="0" op_0_bw="0" op_1_bw="32" op_2_bw="0" op_3_bw="32" op_4_bw="32" op_5_bw="0" op_6_bw="32" op_7_bw="32" op_8_bw="0" op_9_bw="0" op_10_bw="0" op_11_bw="32" op_12_bw="32" op_13_bw="32" op_14_bw="32" op_15_bw="0" op_16_bw="0">
<![CDATA[
newFuncRoot:6 %specinterface_ln0 = specinterface void @_ssdm_op_SpecInterface, i32 %prod, void @empty_3, i32 0, i32 0, void @empty_0, i32 1, i32 0, void @empty_0, void @empty_0, void @empty_0, i32 0, i32 0, i32 0, i32 0, void @empty_0, void @empty_0

]]></Node>
<StgValue><ssdm name="specinterface_ln0"/></StgValue>
</operation>

<operation id="16" st_id="1" stage="1" lat="1">
<core>NULL</core>
<MemPortIdVec></MemPortIdVec>
<condition id="-1">
<or_exp><and_exp></and_exp></or_exp>
</condition>

<Node id="11" bw="0" op_0_bw="0" op_1_bw="32" op_2_bw="0" op_3_bw="32" op_4_bw="32" op_5_bw="0" op_6_bw="32" op_7_bw="32" op_8_bw="0" op_9_bw="0" op_10_bw="0" op_11_bw="32" op_12_bw="32" op_13_bw="32" op_14_bw="32" op_15_bw="0" op_16_bw="0">
<![CDATA[
newFuncRoot:7 %specinterface_ln0 = specinterface void @_ssdm_op_SpecInterface, i32 %b, void @empty_3, i32 0, i32 0, void @empty_0, i32 1, i32 0, void @empty_0, void @empty_0, void @empty_0, i32 0, i32 0, i32 0, i32 0, void @empty_0, void @empty_0

]]></Node>
<StgValue><ssdm name="specinterface_ln0"/></StgValue>
</operation>

<operation id="17" st_id="1" stage="1" lat="1">
<core>NULL</core>
<MemPortIdVec></MemPortIdVec>
<condition id="-1">
<or_exp><and_exp></and_exp></or_exp>
</condition>

<Node id="12" bw="0" op_0_bw="0" op_1_bw="32" op_2_bw="0" op_3_bw="32" op_4_bw="32" op_5_bw="0" op_6_bw="32" op_7_bw="32" op_8_bw="0" op_9_bw="0" op_10_bw="0" op_11_bw="32" op_12_bw="32" op_13_bw="32" op_14_bw="32" op_15_bw="0" op_16_bw="0">
<![CDATA[
newFuncRoot:8 %specinterface_ln0 = specinterface void @_ssdm_op_SpecInterface, i32 %a, void @empty_3, i32 0, i32 0, void @empty_0, i32 1, i32 0, void @empty_0, void @empty_0, void @empty_0, i32 0, i32 0, i32 0, i32 0, void @empty_0, void @empty_0

]]></Node>
<StgValue><ssdm name="specinterface_ln0"/></StgValue>
</operation>

<operation id="18" st_id="1" stage="1" lat="1">
<core>NULL</core>
<MemPortIdVec></MemPortIdVec>
<condition id="-1">
<or_exp><and_exp></and_exp></or_exp>
</condition>

<Node id="13" bw="0" op_0_bw="17" op_1_bw="17">
<![CDATA[
newFuncRoot:9 %store_ln0 = store i17 0, i17 %indvar_flatten

]]></Node>
<StgValue><ssdm name="store_ln0"/></StgValue>
</operation>

<operation id="19" st_id="1" stage="1" lat="1">
<core>NULL</core>
<MemPortIdVec></MemPortIdVec>
<condition id="-1">
<or_exp><and_exp></and_exp></or_exp>
</condition>

<Node id="14" bw="0" op_0_bw="9" op_1_bw="9">
<![CDATA[
newFuncRoot:10 %store_ln0 = store i9 0, i9 %i

]]></Node>
<StgValue><ssdm name="store_ln0"/></StgValue>
</operation>

<operation id="20" st_id="1" stage="1" lat="1">
<core>NULL</core>
<MemPortIdVec></MemPortIdVec>
<condition id="-1">
<or_exp><and_exp></and_exp></or_exp>
</condition>

<Node id="15" bw="0" op_0_bw="9" op_1_bw="9">
<![CDATA[
newFuncRoot:11 %store_ln0 = store i9 0, i9 %j

]]></Node>
<StgValue><ssdm name="store_ln0"/></StgValue>
</operation>

<operation id="21" st_id="1" stage="1" lat="1">
<core>NULL</core>
<MemPortIdVec></MemPortIdVec>
<condition id="-1">
<or_exp><and_exp></and_exp></or_exp>
</condition>

<Node id="16" bw="0" op_0_bw="0">
<![CDATA[
newFuncRoot:12 %br_ln0 = br void %.preheader176.preheader

]]></Node>
<StgValue><ssdm name="br_ln0"/></StgValue>
</operation>
</state>

<state id="2" st_id="2">

<operation id="22" st_id="2" stage="1" lat="1">
<core>NULL</core>
<MemPortIdVec></MemPortIdVec>
<condition id="-1">
<or_exp><and_exp></and_exp></or_exp>
</condition>

<Node id="18" bw="17" op_0_bw="17" op_1_bw="0">
<![CDATA[
.preheader176.preheader:0 %indvar_flatten_load = load i17 %indvar_flatten

]]></Node>
<StgValue><ssdm name="indvar_flatten_load"/></StgValue>
</operation>

<operation id="23" st_id="2" stage="1" lat="1">
<core>NULL</core>
<MemPortIdVec></MemPortIdVec>
<condition id="-1">
<or_exp><and_exp></and_exp></or_exp>
</condition>

<Node id="19" bw="0" op_0_bw="0" op_1_bw="32" op_2_bw="32" op_3_bw="32" op_4_bw="32" op_5_bw="0">
<![CDATA[
.preheader176.preheader:1 %specpipeline_ln0 = specpipeline void @_ssdm_op_SpecPipeline, i32 4294967295, i32 0, i32 1, i32 0, void @p_str

]]></Node>
<StgValue><ssdm name="specpipeline_ln0"/></StgValue>
</operation>

<operation id="24" st_id="2" stage="1" lat="1">
<core>Cmp</core>
<MemPortIdVec></MemPortIdVec>
<condition id="-1">
<or_exp><and_exp></and_exp></or_exp>
</condition>

<Node id="20" bw="1" op_0_bw="17" op_1_bw="17">
<![CDATA[
.preheader176.preheader:2 %icmp_ln35 = icmp_eq  i17 %indvar_flatten_load, i17 65536

]]></Node>
<StgValue><ssdm name="icmp_ln35"/></StgValue>
</operation>

<operation id="25" st_id="2" stage="1" lat="1">
<core>Adder</core>
<MemPortIdVec></MemPortIdVec>
<condition id="-1">
<or_exp><and_exp></and_exp></or_exp>
</condition>

<Node id="21" bw="17" op_0_bw="17" op_1_bw="17">
<![CDATA[
.preheader176.preheader:3 %add_ln35_1 = add i17 %indvar_flatten_load, i17 1

]]></Node>
<StgValue><ssdm name="add_ln35_1"/></StgValue>
</operation>

<operation id="26" st_id="2" stage="1" lat="1">
<core>NULL</core>
<MemPortIdVec></MemPortIdVec>
<condition id="-1">
<or_exp><and_exp></and_exp></or_exp>
</condition>

<Node id="22" bw="0" op_0_bw="1" op_1_bw="0" op_2_bw="0">
<![CDATA[
.preheader176.preheader:4 %br_ln35 = br i1 %icmp_ln35, void %.preheader176, void %.loopexit1458.loopexit.exitStub

]]></Node>
<StgValue><ssdm name="br_ln35"/></StgValue>
</operation>

<operation id="27" st_id="2" stage="1" lat="1">
<core>NULL</core>
<MemPortIdVec></MemPortIdVec>
<condition id="-1">
<or_exp><and_exp><literal name="icmp_ln35" val="0"/>
</and_exp></or_exp>
</condition>

<Node id="24" bw="9" op_0_bw="9" op_1_bw="0">
<![CDATA[
.preheader176:0 %j_load = load i9 %j

]]></Node>
<StgValue><ssdm name="j_load"/></StgValue>
</operation>

<operation id="28" st_id="2" stage="1" lat="1">
<core>NULL</core>
<MemPortIdVec></MemPortIdVec>
<condition id="-1">
<or_exp><and_exp><literal name="icmp_ln35" val="0"/>
</and_exp></or_exp>
</condition>

<Node id="25" bw="9" op_0_bw="9" op_1_bw="0">
<![CDATA[
.preheader176:1 %i_load = load i9 %i

]]></Node>
<StgValue><ssdm name="i_load"/></StgValue>
</operation>

<operation id="29" st_id="2" stage="1" lat="1">
<core>Adder</core>
<MemPortIdVec></MemPortIdVec>
<condition id="-1">
<or_exp><and_exp><literal name="icmp_ln35" val="0"/>
</and_exp></or_exp>
</condition>

<Node id="26" bw="9" op_0_bw="9" op_1_bw="9">
<![CDATA[
.preheader176:2 %add_ln35 = add i9 %i_load, i9 1

]]></Node>
<StgValue><ssdm name="add_ln35"/></StgValue>
</operation>

<operation id="30" st_id="2" stage="1" lat="1">
<core>Cmp</core>
<MemPortIdVec></MemPortIdVec>
<condition id="-1">
<or_exp><and_exp><literal name="icmp_ln35" val="0"/>
</and_exp></or_exp>
</condition>

<Node id="29" bw="1" op_0_bw="9" op_1_bw="9">
<![CDATA[
.preheader176:5 %icmp_ln37 = icmp_eq  i9 %j_load, i9 256

]]></Node>
<StgValue><ssdm name="icmp_ln37"/></StgValue>
</operation>

<operation id="31" st_id="2" stage="1" lat="1">
<core>Sel</core>
<MemPortIdVec></MemPortIdVec>
<condition id="-1">
<or_exp><and_exp><literal name="icmp_ln35" val="0"/>
</and_exp></or_exp>
</condition>

<Node id="30" bw="9" op_0_bw="1" op_1_bw="9" op_2_bw="9">
<![CDATA[
.preheader176:6 %select_ln35 = select i1 %icmp_ln37, i9 0, i9 %j_load

]]></Node>
<StgValue><ssdm name="select_ln35"/></StgValue>
</operation>

<operation id="32" st_id="2" stage="1" lat="1">
<core>NULL</core>
<MemPortIdVec></MemPortIdVec>
<condition id="-1">
<or_exp><and_exp><literal name="icmp_ln35" val="0"/>
</and_exp></or_exp>
</condition>

<Node id="31" bw="8" op_0_bw="9">
<![CDATA[
.preheader176:7 %empty_35 = trunc i9 %add_ln35

]]></Node>
<StgValue><ssdm name="empty_35"/></StgValue>
</operation>

<operation id="33" st_id="2" stage="1" lat="1">
<core>NULL</core>
<MemPortIdVec></MemPortIdVec>
<condition id="-1">
<or_exp><and_exp><literal name="icmp_ln35" val="0"/>
</and_exp></or_exp>
</condition>

<Node id="32" bw="16" op_0_bw="16" op_1_bw="8" op_2_bw="8">
<![CDATA[
.preheader176:8 %tmp_3_cast = bitconcatenate i16 @_ssdm_op_BitConcatenate.i16.i8.i8, i8 %empty_35, i8 0

]]></Node>
<StgValue><ssdm name="tmp_3_cast"/></StgValue>
</operation>

<operation id="34" st_id="2" stage="1" lat="1">
<core>NULL</core>
<MemPortIdVec></MemPortIdVec>
<condition id="-1">
<or_exp><and_exp><literal name="icmp_ln35" val="0"/>
</and_exp></or_exp>
</condition>

<Node id="33" bw="8" op_0_bw="9">
<![CDATA[
.preheader176:9 %empty_36 = trunc i9 %i_load

]]></Node>
<StgValue><ssdm name="empty_36"/></StgValue>
</operation>

<operation id="35" st_id="2" stage="1" lat="1">
<core>NULL</core>
<MemPortIdVec></MemPortIdVec>
<condition id="-1">
<or_exp><and_exp><literal name="icmp_ln35" val="0"/>
</and_exp></or_exp>
</condition>

<Node id="34" bw="16" op_0_bw="16" op_1_bw="8" op_2_bw="8">
<![CDATA[
.preheader176:10 %tmp_23090_cast = bitconcatenate i16 @_ssdm_op_BitConcatenate.i16.i8.i8, i8 %empty_36, i8 0

]]></Node>
<StgValue><ssdm name="tmp_23090_cast"/></StgValue>
</operation>

<operation id="36" st_id="2" stage="1" lat="1">
<core>Sel</core>
<MemPortIdVec></MemPortIdVec>
<condition id="-1">
<or_exp><and_exp><literal name="icmp_ln35" val="0"/>
</and_exp></or_exp>
</condition>

<Node id="35" bw="16" op_0_bw="1" op_1_bw="16" op_2_bw="16">
<![CDATA[
.preheader176:11 %select_ln35_1 = select i1 %icmp_ln37, i16 %tmp_3_cast, i16 %tmp_23090_cast

]]></Node>
<StgValue><ssdm name="select_ln35_1"/></StgValue>
</operation>

<operation id="37" st_id="2" stage="1" lat="1">
<core>NULL</core>
<MemPortIdVec></MemPortIdVec>
<condition id="-1">
<or_exp><and_exp><literal name="icmp_ln35" val="0"/>
</and_exp></or_exp>
</condition>

<Node id="36" bw="64" op_0_bw="16">
<![CDATA[
.preheader176:12 %zext_ln35 = zext i16 %select_ln35_1

]]></Node>
<StgValue><ssdm name="zext_ln35"/></StgValue>
</operation>

<operation id="38" st_id="2" stage="1" lat="1">
<core>NULL</core>
<MemPortIdVec></MemPortIdVec>
<condition id="-1">
<or_exp><and_exp><literal name="icmp_ln35" val="0"/>
</and_exp></or_exp>
</condition>

<Node id="37" bw="16" op_0_bw="32" op_1_bw="64" op_2_bw="64">
<![CDATA[
.preheader176:13 %a_addr_1 = getelementptr i32 %a, i64 0, i64 %zext_ln35

]]></Node>
<StgValue><ssdm name="a_addr_1"/></StgValue>
</operation>

<operation id="39" st_id="2" stage="2" lat="2">
<core>RAM_1P</core>
<MemPortIdVec>0 </MemPortIdVec>
<condition id="-1">
<or_exp><and_exp><literal name="icmp_ln35" val="0"/>
</and_exp></or_exp>
</condition>

<Node id="38" bw="32" op_0_bw="16">
<![CDATA[
.preheader176:14 %a_load_1 = load i16 %a_addr_1

]]></Node>
<StgValue><ssdm name="a_load_1"/></StgValue>
</operation>

<operation id="40" st_id="2" stage="1" lat="1">
<core>Sel</core>
<MemPortIdVec></MemPortIdVec>
<condition id="-1">
<or_exp><and_exp><literal name="icmp_ln35" val="0"/>
</and_exp></or_exp>
</condition>

<Node id="40" bw="9" op_0_bw="1" op_1_bw="9" op_2_bw="9">
<![CDATA[
.preheader176:16 %select_ln35_2 = select i1 %icmp_ln37, i9 %add_ln35, i9 %i_load

]]></Node>
<StgValue><ssdm name="select_ln35_2"/></StgValue>
</operation>

<operation id="41" st_id="2" stage="1" lat="1">
<core>NULL</core>
<MemPortIdVec></MemPortIdVec>
<condition id="-1">
<or_exp><and_exp><literal name="icmp_ln35" val="0"/>
</and_exp></or_exp>
</condition>

<Node id="41" bw="64" op_0_bw="9">
<![CDATA[
.preheader176:17 %j_2_cast = zext i9 %select_ln35

]]></Node>
<StgValue><ssdm name="j_2_cast"/></StgValue>
</operation>

<operation id="42" st_id="2" stage="1" lat="1">
<core>NULL</core>
<MemPortIdVec></MemPortIdVec>
<condition id="-1">
<or_exp><and_exp><literal name="icmp_ln35" val="0"/>
</and_exp></or_exp>
</condition>

<Node id="42" bw="16" op_0_bw="32" op_1_bw="64" op_2_bw="64">
<![CDATA[
.preheader176:18 %b_addr_1 = getelementptr i32 %b, i64 0, i64 %j_2_cast

]]></Node>
<StgValue><ssdm name="b_addr_1"/></StgValue>
</operation>

<operation id="43" st_id="2" stage="1" lat="1">
<core>NULL</core>
<MemPortIdVec></MemPortIdVec>
<condition id="-1">
<or_exp><and_exp><literal name="icmp_ln35" val="0"/>
</and_exp></or_exp>
</condition>

<Node id="43" bw="16" op_0_bw="32" op_1_bw="64" op_2_bw="64">
<![CDATA[
.preheader176:19 %prod_addr_3 = getelementptr i32 %prod, i64 0, i64 %j_2_cast

]]></Node>
<StgValue><ssdm name="prod_addr_3"/></StgValue>
</operation>

<operation id="44" st_id="2" stage="2" lat="2">
<core>RAM_1P</core>
<MemPortIdVec>0 </MemPortIdVec>
<condition id="-1">
<or_exp><and_exp><literal name="icmp_ln35" val="0"/>
</and_exp></or_exp>
</condition>

<Node id="45" bw="32" op_0_bw="16">
<![CDATA[
.preheader176:21 %b_load_1 = load i16 %b_addr_1

]]></Node>
<StgValue><ssdm name="b_load_1"/></StgValue>
</operation>

<operation id="45" st_id="2" stage="1" lat="1">
<core>Adder</core>
<MemPortIdVec></MemPortIdVec>
<condition id="-1">
<or_exp><and_exp><literal name="icmp_ln35" val="0"/>
</and_exp></or_exp>
</condition>

<Node id="50" bw="9" op_0_bw="9" op_1_bw="9">
<![CDATA[
.preheader176:26 %add_ln37 = add i9 %select_ln35, i9 1

]]></Node>
<StgValue><ssdm name="add_ln37"/></StgValue>
</operation>

<operation id="46" st_id="2" stage="1" lat="1">
<core>NULL</core>
<MemPortIdVec></MemPortIdVec>
<condition id="-1">
<or_exp><and_exp><literal name="icmp_ln35" val="0"/>
</and_exp></or_exp>
</condition>

<Node id="51" bw="0" op_0_bw="17" op_1_bw="17" op_2_bw="0" op_3_bw="0">
<![CDATA[
.preheader176:27 %store_ln35 = store i17 %add_ln35_1, i17 %indvar_flatten

]]></Node>
<StgValue><ssdm name="store_ln35"/></StgValue>
</operation>

<operation id="47" st_id="2" stage="1" lat="1">
<core>NULL</core>
<MemPortIdVec></MemPortIdVec>
<condition id="-1">
<or_exp><and_exp><literal name="icmp_ln35" val="0"/>
</and_exp></or_exp>
</condition>

<Node id="52" bw="0" op_0_bw="9" op_1_bw="9" op_2_bw="0" op_3_bw="0">
<![CDATA[
.preheader176:28 %store_ln35 = store i9 %select_ln35_2, i9 %i

]]></Node>
<StgValue><ssdm name="store_ln35"/></StgValue>
</operation>

<operation id="48" st_id="2" stage="1" lat="1">
<core>NULL</core>
<MemPortIdVec></MemPortIdVec>
<condition id="-1">
<or_exp><and_exp><literal name="icmp_ln35" val="0"/>
</and_exp></or_exp>
</condition>

<Node id="53" bw="0" op_0_bw="9" op_1_bw="9" op_2_bw="0" op_3_bw="0">
<![CDATA[
.preheader176:29 %store_ln37 = store i9 %add_ln37, i9 %j

]]></Node>
<StgValue><ssdm name="store_ln37"/></StgValue>
</operation>
</state>

<state id="3" st_id="3">

<operation id="49" st_id="3" stage="1" lat="2">
<core>RAM_1P</core>
<MemPortIdVec>0 </MemPortIdVec>
<condition id="-1">
<or_exp><and_exp><literal name="icmp_ln35" val="0"/>
</and_exp></or_exp>
</condition>

<Node id="38" bw="32" op_0_bw="16">
<![CDATA[
.preheader176:14 %a_load_1 = load i16 %a_addr_1

]]></Node>
<StgValue><ssdm name="a_load_1"/></StgValue>
</operation>

<operation id="50" st_id="3" stage="1" lat="2">
<core>RAM_1P</core>
<MemPortIdVec>0 </MemPortIdVec>
<condition id="-1">
<or_exp><and_exp><literal name="icmp_ln35" val="0"/>
</and_exp></or_exp>
</condition>

<Node id="45" bw="32" op_0_bw="16">
<![CDATA[
.preheader176:21 %b_load_1 = load i16 %b_addr_1

]]></Node>
<StgValue><ssdm name="b_load_1"/></StgValue>
</operation>
</state>

<state id="4" st_id="4">

<operation id="51" st_id="4" stage="2" lat="2">
<core>Multiplier</core>
<MemPortIdVec></MemPortIdVec>
<condition id="-1">
<or_exp><and_exp></and_exp></or_exp>
</condition>

<Node id="46" bw="32" op_0_bw="32" op_1_bw="32">
<![CDATA[
.preheader176:22 %mul_ln39 = mul i32 %b_load_1, i32 %a_load_1

]]></Node>
<StgValue><ssdm name="mul_ln39"/></StgValue>
</operation>

<operation id="52" st_id="4" stage="2" lat="2">
<core>RAM_1P</core>
<MemPortIdVec>0 </MemPortIdVec>
<condition id="-1">
<or_exp><and_exp></and_exp></or_exp>
</condition>

<Node id="47" bw="32" op_0_bw="16">
<![CDATA[
.preheader176:23 %prod_load = load i16 %prod_addr_3

]]></Node>
<StgValue><ssdm name="prod_load"/></StgValue>
</operation>
</state>

<state id="5" st_id="5">

<operation id="53" st_id="5" stage="1" lat="2">
<core>Multiplier</core>
<MemPortIdVec></MemPortIdVec>
<condition id="-1">
<or_exp><and_exp></and_exp></or_exp>
</condition>

<Node id="46" bw="32" op_0_bw="32" op_1_bw="32">
<![CDATA[
.preheader176:22 %mul_ln39 = mul i32 %b_load_1, i32 %a_load_1

]]></Node>
<StgValue><ssdm name="mul_ln39"/></StgValue>
</operation>

<operation id="54" st_id="5" stage="1" lat="2">
<core>RAM_1P</core>
<MemPortIdVec>0 </MemPortIdVec>
<condition id="-1">
<or_exp><and_exp></and_exp></or_exp>
</condition>

<Node id="47" bw="32" op_0_bw="16">
<![CDATA[
.preheader176:23 %prod_load = load i16 %prod_addr_3

]]></Node>
<StgValue><ssdm name="prod_load"/></StgValue>
</operation>

<operation id="62" st_id="5" stage="1" lat="1">
<core>NULL</core>
<MemPortIdVec></MemPortIdVec>
<condition id="-1">
<or_exp><and_exp><literal name="icmp_ln35" val="1"/>
</and_exp></or_exp>
</condition>

<Node id="56" bw="0">
<![CDATA[
.loopexit1458.loopexit.exitStub:0 %ret_ln0 = ret

]]></Node>
<StgValue><ssdm name="ret_ln0"/></StgValue>
</operation>
</state>

<state id="6" st_id="6">

<operation id="55" st_id="6" stage="1" lat="1">
<core>Adder</core>
<MemPortIdVec></MemPortIdVec>
<condition id="-1">
<or_exp><and_exp></and_exp></or_exp>
</condition>

<Node id="48" bw="32" op_0_bw="32" op_1_bw="32">
<![CDATA[
.preheader176:24 %add_ln39 = add i32 %prod_load, i32 %mul_ln39

]]></Node>
<StgValue><ssdm name="add_ln39"/></StgValue>
</operation>
</state>

<state id="7" st_id="7">

<operation id="56" st_id="7" stage="1" lat="1">
<core>NULL</core>
<MemPortIdVec></MemPortIdVec>
<condition id="-1">
<or_exp><and_exp></and_exp></or_exp>
</condition>

<Node id="27" bw="0" op_0_bw="0" op_1_bw="0">
<![CDATA[
.preheader176:3 %specloopname_ln0 = specloopname void @_ssdm_op_SpecLoopName, void @VITIS_LOOP_35_5_VITIS_LOOP_37_6_str

]]></Node>
<StgValue><ssdm name="specloopname_ln0"/></StgValue>
</operation>

<operation id="57" st_id="7" stage="1" lat="1">
<core>NULL</core>
<MemPortIdVec></MemPortIdVec>
<condition id="-1">
<or_exp><and_exp></and_exp></or_exp>
</condition>

<Node id="28" bw="32" op_0_bw="32" op_1_bw="64" op_2_bw="64" op_3_bw="64">
<![CDATA[
.preheader176:4 %empty = speclooptripcount i32 @_ssdm_op_SpecLoopTripCount, i64 65536, i64 65536, i64 65536

]]></Node>
<StgValue><ssdm name="empty"/></StgValue>
</operation>

<operation id="58" st_id="7" stage="1" lat="1">
<core>NULL</core>
<MemPortIdVec></MemPortIdVec>
<condition id="-1">
<or_exp><and_exp></and_exp></or_exp>
</condition>

<Node id="39" bw="0" op_0_bw="0" op_1_bw="32" op_2_bw="32" op_3_bw="32" op_4_bw="32" op_5_bw="0">
<![CDATA[
.preheader176:15 %specpipeline_ln0 = specpipeline void @_ssdm_op_SpecPipeline, i32 4294967295, i32 0, i32 1, i32 0, void @p_str

]]></Node>
<StgValue><ssdm name="specpipeline_ln0"/></StgValue>
</operation>

<operation id="59" st_id="7" stage="1" lat="1">
<core>NULL</core>
<MemPortIdVec></MemPortIdVec>
<condition id="-1">
<or_exp><and_exp></and_exp></or_exp>
</condition>

<Node id="44" bw="0" op_0_bw="0" op_1_bw="0">
<![CDATA[
.preheader176:20 %specloopname_ln37 = specloopname void @_ssdm_op_SpecLoopName, void @empty_15

]]></Node>
<StgValue><ssdm name="specloopname_ln37"/></StgValue>
</operation>

<operation id="60" st_id="7" stage="1" lat="1">
<core>RAM_1P</core>
<MemPortIdVec>0 </MemPortIdVec>
<condition id="-1">
<or_exp><and_exp></and_exp></or_exp>
</condition>

<Node id="49" bw="0" op_0_bw="32" op_1_bw="16" op_2_bw="0">
<![CDATA[
.preheader176:25 %store_ln39 = store i32 %add_ln39, i16 %prod_addr_3

]]></Node>
<StgValue><ssdm name="store_ln39"/></StgValue>
</operation>

<operation id="61" st_id="7" stage="1" lat="1">
<core>NULL</core>
<MemPortIdVec></MemPortIdVec>
<condition id="-1">
<or_exp><and_exp></and_exp></or_exp>
</condition>

<Node id="54" bw="0" op_0_bw="0">
<![CDATA[
.preheader176:30 %br_ln0 = br void %.preheader176.preheader

]]></Node>
<StgValue><ssdm name="br_ln0"/></StgValue>
</operation>
</state>
</state_list>


<ports>
<port id="81" name="a" dir="0" iftype="1">
<core>RAM_1P</core><StgValue><ssdm name="a"/><MemPortTyVec>1 </MemPortTyVec>
</StgValue>
</port>
<port id="82" name="b" dir="0" iftype="1">
<core>RAM_1P</core><StgValue><ssdm name="b"/><MemPortTyVec>1 </MemPortTyVec>
</StgValue>
</port>
<port id="83" name="prod" dir="2" iftype="1">
<core>RAM_1P</core><StgValue><ssdm name="prod"/><MemPortTyVec>2 </MemPortTyVec>
</StgValue>
</port>
</ports>


<dataflows>
<dataflow id="85" from="StgValue_84" to="j" fromId="84" toId="9">
</dataflow>
<dataflow id="86" from="StgValue_84" to="i" fromId="84" toId="10">
</dataflow>
<dataflow id="87" from="StgValue_84" to="indvar_flatten" fromId="84" toId="11">
</dataflow>
<dataflow id="89" from="_ssdm_op_SpecMemCore" to="specmemcore_ln0" fromId="88" toId="12">
</dataflow>
<dataflow id="90" from="prod" to="specmemcore_ln0" fromId="83" toId="12">
</dataflow>
<dataflow id="92" from="StgValue_91" to="specmemcore_ln0" fromId="91" toId="12">
</dataflow>
<dataflow id="94" from="StgValue_93" to="specmemcore_ln0" fromId="93" toId="12">
</dataflow>
<dataflow id="96" from="StgValue_95" to="specmemcore_ln0" fromId="95" toId="12">
</dataflow>
<dataflow id="97" from="_ssdm_op_SpecMemCore" to="specmemcore_ln0" fromId="88" toId="13">
</dataflow>
<dataflow id="98" from="b" to="specmemcore_ln0" fromId="82" toId="13">
</dataflow>
<dataflow id="99" from="StgValue_91" to="specmemcore_ln0" fromId="91" toId="13">
</dataflow>
<dataflow id="100" from="StgValue_93" to="specmemcore_ln0" fromId="93" toId="13">
</dataflow>
<dataflow id="101" from="StgValue_95" to="specmemcore_ln0" fromId="95" toId="13">
</dataflow>
<dataflow id="102" from="_ssdm_op_SpecMemCore" to="specmemcore_ln0" fromId="88" toId="14">
</dataflow>
<dataflow id="103" from="a" to="specmemcore_ln0" fromId="81" toId="14">
</dataflow>
<dataflow id="104" from="StgValue_91" to="specmemcore_ln0" fromId="91" toId="14">
</dataflow>
<dataflow id="105" from="StgValue_93" to="specmemcore_ln0" fromId="93" toId="14">
</dataflow>
<dataflow id="106" from="StgValue_95" to="specmemcore_ln0" fromId="95" toId="14">
</dataflow>
<dataflow id="108" from="_ssdm_op_SpecInterface" to="specinterface_ln0" fromId="107" toId="15">
</dataflow>
<dataflow id="109" from="prod" to="specinterface_ln0" fromId="83" toId="15">
</dataflow>
<dataflow id="111" from="empty_3" to="specinterface_ln0" fromId="110" toId="15">
</dataflow>
<dataflow id="113" from="StgValue_112" to="specinterface_ln0" fromId="112" toId="15">
</dataflow>
<dataflow id="114" from="StgValue_112" to="specinterface_ln0" fromId="112" toId="15">
</dataflow>
<dataflow id="116" from="empty_0" to="specinterface_ln0" fromId="115" toId="15">
</dataflow>
<dataflow id="117" from="StgValue_84" to="specinterface_ln0" fromId="84" toId="15">
</dataflow>
<dataflow id="118" from="StgValue_112" to="specinterface_ln0" fromId="112" toId="15">
</dataflow>
<dataflow id="119" from="empty_0" to="specinterface_ln0" fromId="115" toId="15">
</dataflow>
<dataflow id="120" from="empty_0" to="specinterface_ln0" fromId="115" toId="15">
</dataflow>
<dataflow id="121" from="empty_0" to="specinterface_ln0" fromId="115" toId="15">
</dataflow>
<dataflow id="122" from="StgValue_112" to="specinterface_ln0" fromId="112" toId="15">
</dataflow>
<dataflow id="123" from="StgValue_112" to="specinterface_ln0" fromId="112" toId="15">
</dataflow>
<dataflow id="124" from="StgValue_112" to="specinterface_ln0" fromId="112" toId="15">
</dataflow>
<dataflow id="125" from="StgValue_112" to="specinterface_ln0" fromId="112" toId="15">
</dataflow>
<dataflow id="126" from="empty_0" to="specinterface_ln0" fromId="115" toId="15">
</dataflow>
<dataflow id="127" from="empty_0" to="specinterface_ln0" fromId="115" toId="15">
</dataflow>
<dataflow id="128" from="_ssdm_op_SpecInterface" to="specinterface_ln0" fromId="107" toId="16">
</dataflow>
<dataflow id="129" from="b" to="specinterface_ln0" fromId="82" toId="16">
</dataflow>
<dataflow id="130" from="empty_3" to="specinterface_ln0" fromId="110" toId="16">
</dataflow>
<dataflow id="131" from="StgValue_112" to="specinterface_ln0" fromId="112" toId="16">
</dataflow>
<dataflow id="132" from="StgValue_112" to="specinterface_ln0" fromId="112" toId="16">
</dataflow>
<dataflow id="133" from="empty_0" to="specinterface_ln0" fromId="115" toId="16">
</dataflow>
<dataflow id="134" from="StgValue_84" to="specinterface_ln0" fromId="84" toId="16">
</dataflow>
<dataflow id="135" from="StgValue_112" to="specinterface_ln0" fromId="112" toId="16">
</dataflow>
<dataflow id="136" from="empty_0" to="specinterface_ln0" fromId="115" toId="16">
</dataflow>
<dataflow id="137" from="empty_0" to="specinterface_ln0" fromId="115" toId="16">
</dataflow>
<dataflow id="138" from="empty_0" to="specinterface_ln0" fromId="115" toId="16">
</dataflow>
<dataflow id="139" from="StgValue_112" to="specinterface_ln0" fromId="112" toId="16">
</dataflow>
<dataflow id="140" from="StgValue_112" to="specinterface_ln0" fromId="112" toId="16">
</dataflow>
<dataflow id="141" from="StgValue_112" to="specinterface_ln0" fromId="112" toId="16">
</dataflow>
<dataflow id="142" from="StgValue_112" to="specinterface_ln0" fromId="112" toId="16">
</dataflow>
<dataflow id="143" from="empty_0" to="specinterface_ln0" fromId="115" toId="16">
</dataflow>
<dataflow id="144" from="empty_0" to="specinterface_ln0" fromId="115" toId="16">
</dataflow>
<dataflow id="145" from="_ssdm_op_SpecInterface" to="specinterface_ln0" fromId="107" toId="17">
</dataflow>
<dataflow id="146" from="a" to="specinterface_ln0" fromId="81" toId="17">
</dataflow>
<dataflow id="147" from="empty_3" to="specinterface_ln0" fromId="110" toId="17">
</dataflow>
<dataflow id="148" from="StgValue_112" to="specinterface_ln0" fromId="112" toId="17">
</dataflow>
<dataflow id="149" from="StgValue_112" to="specinterface_ln0" fromId="112" toId="17">
</dataflow>
<dataflow id="150" from="empty_0" to="specinterface_ln0" fromId="115" toId="17">
</dataflow>
<dataflow id="151" from="StgValue_84" to="specinterface_ln0" fromId="84" toId="17">
</dataflow>
<dataflow id="152" from="StgValue_112" to="specinterface_ln0" fromId="112" toId="17">
</dataflow>
<dataflow id="153" from="empty_0" to="specinterface_ln0" fromId="115" toId="17">
</dataflow>
<dataflow id="154" from="empty_0" to="specinterface_ln0" fromId="115" toId="17">
</dataflow>
<dataflow id="155" from="empty_0" to="specinterface_ln0" fromId="115" toId="17">
</dataflow>
<dataflow id="156" from="StgValue_112" to="specinterface_ln0" fromId="112" toId="17">
</dataflow>
<dataflow id="157" from="StgValue_112" to="specinterface_ln0" fromId="112" toId="17">
</dataflow>
<dataflow id="158" from="StgValue_112" to="specinterface_ln0" fromId="112" toId="17">
</dataflow>
<dataflow id="159" from="StgValue_112" to="specinterface_ln0" fromId="112" toId="17">
</dataflow>
<dataflow id="160" from="empty_0" to="specinterface_ln0" fromId="115" toId="17">
</dataflow>
<dataflow id="161" from="empty_0" to="specinterface_ln0" fromId="115" toId="17">
</dataflow>
<dataflow id="163" from="StgValue_162" to="store_ln0" fromId="162" toId="18">
</dataflow>
<dataflow id="164" from="indvar_flatten" to="store_ln0" fromId="11" toId="18">
</dataflow>
<dataflow id="166" from="StgValue_165" to="store_ln0" fromId="165" toId="19">
</dataflow>
<dataflow id="167" from="i" to="store_ln0" fromId="10" toId="19">
</dataflow>
<dataflow id="168" from="StgValue_165" to="store_ln0" fromId="165" toId="20">
</dataflow>
<dataflow id="169" from="j" to="store_ln0" fromId="9" toId="20">
</dataflow>
<dataflow id="170" from="indvar_flatten" to="indvar_flatten_load" fromId="11" toId="22">
</dataflow>
<dataflow id="172" from="_ssdm_op_SpecPipeline" to="specpipeline_ln0" fromId="171" toId="23">
</dataflow>
<dataflow id="174" from="StgValue_173" to="specpipeline_ln0" fromId="173" toId="23">
</dataflow>
<dataflow id="175" from="StgValue_112" to="specpipeline_ln0" fromId="112" toId="23">
</dataflow>
<dataflow id="176" from="StgValue_84" to="specpipeline_ln0" fromId="84" toId="23">
</dataflow>
<dataflow id="177" from="StgValue_112" to="specpipeline_ln0" fromId="112" toId="23">
</dataflow>
<dataflow id="179" from="p_str" to="specpipeline_ln0" fromId="178" toId="23">
</dataflow>
<dataflow id="180" from="indvar_flatten_load" to="icmp_ln35" fromId="22" toId="24">
</dataflow>
<dataflow id="182" from="StgValue_181" to="icmp_ln35" fromId="181" toId="24">
</dataflow>
<dataflow id="183" from="indvar_flatten_load" to="add_ln35_1" fromId="22" toId="25">
</dataflow>
<dataflow id="185" from="StgValue_184" to="add_ln35_1" fromId="184" toId="25">
</dataflow>
<dataflow id="186" from="icmp_ln35" to="br_ln35" fromId="24" toId="26">
</dataflow>
<dataflow id="187" from="j" to="j_load" fromId="9" toId="27">
</dataflow>
<dataflow id="188" from="i" to="i_load" fromId="10" toId="28">
</dataflow>
<dataflow id="189" from="i_load" to="add_ln35" fromId="28" toId="29">
</dataflow>
<dataflow id="191" from="StgValue_190" to="add_ln35" fromId="190" toId="29">
</dataflow>
<dataflow id="192" from="j_load" to="icmp_ln37" fromId="27" toId="30">
</dataflow>
<dataflow id="194" from="StgValue_193" to="icmp_ln37" fromId="193" toId="30">
</dataflow>
<dataflow id="195" from="icmp_ln37" to="select_ln35" fromId="30" toId="31">
</dataflow>
<dataflow id="196" from="StgValue_165" to="select_ln35" fromId="165" toId="31">
</dataflow>
<dataflow id="197" from="j_load" to="select_ln35" fromId="27" toId="31">
</dataflow>
<dataflow id="198" from="add_ln35" to="empty_35" fromId="29" toId="32">
</dataflow>
<dataflow id="200" from="_ssdm_op_BitConcatenate.i16.i8.i8" to="tmp_3_cast" fromId="199" toId="33">
</dataflow>
<dataflow id="201" from="empty_35" to="tmp_3_cast" fromId="32" toId="33">
</dataflow>
<dataflow id="203" from="StgValue_202" to="tmp_3_cast" fromId="202" toId="33">
</dataflow>
<dataflow id="204" from="i_load" to="empty_36" fromId="28" toId="34">
</dataflow>
<dataflow id="205" from="_ssdm_op_BitConcatenate.i16.i8.i8" to="tmp_23090_cast" fromId="199" toId="35">
</dataflow>
<dataflow id="206" from="empty_36" to="tmp_23090_cast" fromId="34" toId="35">
</dataflow>
<dataflow id="207" from="StgValue_202" to="tmp_23090_cast" fromId="202" toId="35">
</dataflow>
<dataflow id="208" from="icmp_ln37" to="select_ln35_1" fromId="30" toId="36">
</dataflow>
<dataflow id="209" from="tmp_3_cast" to="select_ln35_1" fromId="33" toId="36">
</dataflow>
<dataflow id="210" from="tmp_23090_cast" to="select_ln35_1" fromId="35" toId="36">
</dataflow>
<dataflow id="211" from="select_ln35_1" to="zext_ln35" fromId="36" toId="37">
</dataflow>
<dataflow id="212" from="a" to="a_addr_1" fromId="81" toId="38">
</dataflow>
<dataflow id="214" from="StgValue_213" to="a_addr_1" fromId="213" toId="38">
</dataflow>
<dataflow id="215" from="zext_ln35" to="a_addr_1" fromId="37" toId="38">
</dataflow>
<dataflow id="216" from="a_addr_1" to="a_load_1" fromId="38" toId="39">
</dataflow>
<dataflow id="217" from="icmp_ln37" to="select_ln35_2" fromId="30" toId="40">
</dataflow>
<dataflow id="218" from="add_ln35" to="select_ln35_2" fromId="29" toId="40">
</dataflow>
<dataflow id="219" from="i_load" to="select_ln35_2" fromId="28" toId="40">
</dataflow>
<dataflow id="220" from="select_ln35" to="j_2_cast" fromId="31" toId="41">
</dataflow>
<dataflow id="221" from="b" to="b_addr_1" fromId="82" toId="42">
</dataflow>
<dataflow id="222" from="StgValue_213" to="b_addr_1" fromId="213" toId="42">
</dataflow>
<dataflow id="223" from="j_2_cast" to="b_addr_1" fromId="41" toId="42">
</dataflow>
<dataflow id="224" from="prod" to="prod_addr_3" fromId="83" toId="43">
</dataflow>
<dataflow id="225" from="StgValue_213" to="prod_addr_3" fromId="213" toId="43">
</dataflow>
<dataflow id="226" from="j_2_cast" to="prod_addr_3" fromId="41" toId="43">
</dataflow>
<dataflow id="227" from="b_addr_1" to="b_load_1" fromId="42" toId="44">
</dataflow>
<dataflow id="228" from="select_ln35" to="add_ln37" fromId="31" toId="45">
</dataflow>
<dataflow id="229" from="StgValue_190" to="add_ln37" fromId="190" toId="45">
</dataflow>
<dataflow id="230" from="add_ln35_1" to="store_ln35" fromId="25" toId="46">
</dataflow>
<dataflow id="231" from="indvar_flatten" to="store_ln35" fromId="11" toId="46">
</dataflow>
<dataflow id="232" from="select_ln35_2" to="store_ln35" fromId="40" toId="47">
</dataflow>
<dataflow id="233" from="i" to="store_ln35" fromId="10" toId="47">
</dataflow>
<dataflow id="234" from="add_ln37" to="store_ln37" fromId="45" toId="48">
</dataflow>
<dataflow id="235" from="j" to="store_ln37" fromId="9" toId="48">
</dataflow>
<dataflow id="236" from="a_addr_1" to="a_load_1" fromId="38" toId="49">
</dataflow>
<dataflow id="237" from="b_addr_1" to="b_load_1" fromId="42" toId="50">
</dataflow>
<dataflow id="238" from="b_load_1" to="mul_ln39" fromId="50" toId="51">
</dataflow>
<dataflow id="239" from="a_load_1" to="mul_ln39" fromId="49" toId="51">
</dataflow>
<dataflow id="240" from="prod_addr_3" to="prod_load" fromId="43" toId="52">
</dataflow>
<dataflow id="241" from="b_load_1" to="mul_ln39" fromId="50" toId="53">
</dataflow>
<dataflow id="242" from="a_load_1" to="mul_ln39" fromId="49" toId="53">
</dataflow>
<dataflow id="243" from="prod_addr_3" to="prod_load" fromId="43" toId="54">
</dataflow>
<dataflow id="244" from="prod_load" to="add_ln39" fromId="54" toId="55">
</dataflow>
<dataflow id="245" from="mul_ln39" to="add_ln39" fromId="53" toId="55">
</dataflow>
<dataflow id="247" from="_ssdm_op_SpecLoopName" to="specloopname_ln0" fromId="246" toId="56">
</dataflow>
<dataflow id="249" from="VITIS_LOOP_35_5_VITIS_LOOP_37_6_str" to="specloopname_ln0" fromId="248" toId="56">
</dataflow>
<dataflow id="251" from="_ssdm_op_SpecLoopTripCount" to="empty" fromId="250" toId="57">
</dataflow>
<dataflow id="253" from="StgValue_252" to="empty" fromId="252" toId="57">
</dataflow>
<dataflow id="254" from="StgValue_252" to="empty" fromId="252" toId="57">
</dataflow>
<dataflow id="255" from="StgValue_252" to="empty" fromId="252" toId="57">
</dataflow>
<dataflow id="256" from="_ssdm_op_SpecPipeline" to="specpipeline_ln0" fromId="171" toId="58">
</dataflow>
<dataflow id="257" from="StgValue_173" to="specpipeline_ln0" fromId="173" toId="58">
</dataflow>
<dataflow id="258" from="StgValue_112" to="specpipeline_ln0" fromId="112" toId="58">
</dataflow>
<dataflow id="259" from="StgValue_84" to="specpipeline_ln0" fromId="84" toId="58">
</dataflow>
<dataflow id="260" from="StgValue_112" to="specpipeline_ln0" fromId="112" toId="58">
</dataflow>
<dataflow id="261" from="p_str" to="specpipeline_ln0" fromId="178" toId="58">
</dataflow>
<dataflow id="262" from="_ssdm_op_SpecLoopName" to="specloopname_ln37" fromId="246" toId="59">
</dataflow>
<dataflow id="264" from="empty_15" to="specloopname_ln37" fromId="263" toId="59">
</dataflow>
<dataflow id="265" from="add_ln39" to="store_ln39" fromId="55" toId="60">
</dataflow>
<dataflow id="266" from="prod_addr_3" to="store_ln39" fromId="43" toId="60">
</dataflow>
<dataflow id="267" from="icmp_ln35" to="StgValue_2" fromId="24" toId="2">
</dataflow>
<dataflow id="268" from="icmp_ln35" to="StgValue_3" fromId="24" toId="3">
</dataflow>
<dataflow id="269" from="icmp_ln35" to="StgValue_5" fromId="24" toId="5">
</dataflow>
</dataflows>


</stg>
