<stg><name>matrix_mult_Pipeline_VITIS_LOOP_16_1</name>


<trans_list>

<trans id="33" from="1" to="2">
<condition id="-1">
<or_exp><and_exp></and_exp></or_exp>
</condition>
</trans>
</trans_list>



<state_list>

<state id="1" st_id="2">

<operation id="5" st_id="1" stage="1" lat="1">
<core>NULL</core>
<MemPortIdVec></MemPortIdVec>
<condition id="-1">
<or_exp><and_exp></and_exp></or_exp>
</condition>

<Node id="2" bw="9" op_0_bw="32">
<![CDATA[
newFuncRoot:0 %i = alloca i32 1

]]></Node>
<StgValue><ssdm name="i"/></StgValue>
</operation>

<operation id="6" st_id="1" stage="1" lat="1">
<core>NULL</core>
<MemPortIdVec></MemPortIdVec>
<condition id="-1">
<or_exp><and_exp></and_exp></or_exp>
</condition>

<Node id="3" bw="0" op_0_bw="0" op_1_bw="32" op_2_bw="64" op_3_bw="64" op_4_bw="64">
<![CDATA[
newFuncRoot:1 %specmemcore_ln0 = specmemcore void @_ssdm_op_SpecMemCore, i32 %prod, i64 666, i64 207, i64 1

]]></Node>
<StgValue><ssdm name="specmemcore_ln0"/></StgValue>
</operation>

<operation id="7" st_id="1" stage="1" lat="1">
<core>NULL</core>
<MemPortIdVec></MemPortIdVec>
<condition id="-1">
<or_exp><and_exp></and_exp></or_exp>
</condition>

<Node id="4" bw="0" op_0_bw="0" op_1_bw="32" op_2_bw="0" op_3_bw="32" op_4_bw="32" op_5_bw="0" op_6_bw="32" op_7_bw="32" op_8_bw="0" op_9_bw="0" op_10_bw="0" op_11_bw="32" op_12_bw="32" op_13_bw="32" op_14_bw="32" op_15_bw="0" op_16_bw="0">
<![CDATA[
newFuncRoot:2 %specinterface_ln0 = specinterface void @_ssdm_op_SpecInterface, i32 %prod, void @empty_3, i32 0, i32 0, void @empty_0, i32 1, i32 0, void @empty_0, void @empty_0, void @empty_0, i32 0, i32 0, i32 0, i32 0, void @empty_0, void @empty_0

]]></Node>
<StgValue><ssdm name="specinterface_ln0"/></StgValue>
</operation>

<operation id="8" st_id="1" stage="1" lat="1">
<core>NULL</core>
<MemPortIdVec></MemPortIdVec>
<condition id="-1">
<or_exp><and_exp></and_exp></or_exp>
</condition>

<Node id="5" bw="0" op_0_bw="9" op_1_bw="9">
<![CDATA[
newFuncRoot:3 %store_ln0 = store i9 0, i9 %i

]]></Node>
<StgValue><ssdm name="store_ln0"/></StgValue>
</operation>

<operation id="9" st_id="1" stage="1" lat="1">
<core>NULL</core>
<MemPortIdVec></MemPortIdVec>
<condition id="-1">
<or_exp><and_exp></and_exp></or_exp>
</condition>

<Node id="6" bw="0" op_0_bw="0">
<![CDATA[
newFuncRoot:4 %br_ln0 = br void %.preheader180

]]></Node>
<StgValue><ssdm name="br_ln0"/></StgValue>
</operation>

<operation id="10" st_id="1" stage="1" lat="1">
<core>NULL</core>
<MemPortIdVec></MemPortIdVec>
<condition id="-1">
<or_exp><and_exp></and_exp></or_exp>
</condition>

<Node id="8" bw="9" op_0_bw="9" op_1_bw="0">
<![CDATA[
.preheader180:0 %i_3 = load i9 %i

]]></Node>
<StgValue><ssdm name="i_3"/></StgValue>
</operation>

<operation id="11" st_id="1" stage="1" lat="1">
<core>NULL</core>
<MemPortIdVec></MemPortIdVec>
<condition id="-1">
<or_exp><and_exp></and_exp></or_exp>
</condition>

<Node id="9" bw="0" op_0_bw="0" op_1_bw="32" op_2_bw="32" op_3_bw="32" op_4_bw="32" op_5_bw="0">
<![CDATA[
.preheader180:1 %specpipeline_ln0 = specpipeline void @_ssdm_op_SpecPipeline, i32 4294967295, i32 0, i32 1, i32 0, void @p_str

]]></Node>
<StgValue><ssdm name="specpipeline_ln0"/></StgValue>
</operation>

<operation id="12" st_id="1" stage="1" lat="1">
<core>Cmp</core>
<MemPortIdVec></MemPortIdVec>
<condition id="-1">
<or_exp><and_exp></and_exp></or_exp>
</condition>

<Node id="10" bw="1" op_0_bw="9" op_1_bw="9">
<![CDATA[
.preheader180:2 %icmp_ln16 = icmp_eq  i9 %i_3, i9 256

]]></Node>
<StgValue><ssdm name="icmp_ln16"/></StgValue>
</operation>

<operation id="13" st_id="1" stage="1" lat="1">
<core>NULL</core>
<MemPortIdVec></MemPortIdVec>
<condition id="-1">
<or_exp><and_exp></and_exp></or_exp>
</condition>

<Node id="11" bw="32" op_0_bw="32" op_1_bw="64" op_2_bw="64" op_3_bw="64">
<![CDATA[
.preheader180:3 %empty = speclooptripcount i32 @_ssdm_op_SpecLoopTripCount, i64 256, i64 256, i64 256

]]></Node>
<StgValue><ssdm name="empty"/></StgValue>
</operation>

<operation id="14" st_id="1" stage="1" lat="1">
<core>Adder</core>
<MemPortIdVec></MemPortIdVec>
<condition id="-1">
<or_exp><and_exp></and_exp></or_exp>
</condition>

<Node id="12" bw="9" op_0_bw="9" op_1_bw="9">
<![CDATA[
.preheader180:4 %add_ln16 = add i9 %i_3, i9 1

]]></Node>
<StgValue><ssdm name="add_ln16"/></StgValue>
</operation>

<operation id="15" st_id="1" stage="1" lat="1">
<core>NULL</core>
<MemPortIdVec></MemPortIdVec>
<condition id="-1">
<or_exp><and_exp></and_exp></or_exp>
</condition>

<Node id="13" bw="0" op_0_bw="1" op_1_bw="0" op_2_bw="0">
<![CDATA[
.preheader180:5 %br_ln16 = br i1 %icmp_ln16, void %.split119, void %.preheader179.preheader.exitStub

]]></Node>
<StgValue><ssdm name="br_ln16"/></StgValue>
</operation>

<operation id="16" st_id="1" stage="1" lat="1">
<core>NULL</core>
<MemPortIdVec></MemPortIdVec>
<condition id="-1">
<or_exp><and_exp><literal name="icmp_ln16" val="0"/>
</and_exp></or_exp>
</condition>

<Node id="15" bw="17" op_0_bw="17" op_1_bw="9" op_2_bw="8">
<![CDATA[
.split119:0 %tmp = bitconcatenate i17 @_ssdm_op_BitConcatenate.i17.i9.i8, i9 %i_3, i8 0

]]></Node>
<StgValue><ssdm name="tmp"/></StgValue>
</operation>

<operation id="17" st_id="1" stage="1" lat="1">
<core>NULL</core>
<MemPortIdVec></MemPortIdVec>
<condition id="-1">
<or_exp><and_exp><literal name="icmp_ln16" val="0"/>
</and_exp></or_exp>
</condition>

<Node id="16" bw="64" op_0_bw="17">
<![CDATA[
.split119:1 %zext_ln18 = zext i17 %tmp

]]></Node>
<StgValue><ssdm name="zext_ln18"/></StgValue>
</operation>

<operation id="18" st_id="1" stage="1" lat="1">
<core>NULL</core>
<MemPortIdVec></MemPortIdVec>
<condition id="-1">
<or_exp><and_exp><literal name="icmp_ln16" val="0"/>
</and_exp></or_exp>
</condition>

<Node id="17" bw="16" op_0_bw="32" op_1_bw="64" op_2_bw="64">
<![CDATA[
.split119:2 %prod_addr = getelementptr i32 %prod, i64 0, i64 %zext_ln18

]]></Node>
<StgValue><ssdm name="prod_addr"/></StgValue>
</operation>

<operation id="19" st_id="1" stage="2" lat="2">
<core>RAM_1P</core>
<MemPortIdVec>0 </MemPortIdVec>
<condition id="-1">
<or_exp><and_exp><literal name="icmp_ln16" val="0"/>
</and_exp></or_exp>
</condition>

<Node id="19" bw="0" op_0_bw="32" op_1_bw="16">
<![CDATA[
.split119:4 %store_ln18 = store i32 0, i16 %prod_addr

]]></Node>
<StgValue><ssdm name="store_ln18"/></StgValue>
</operation>

<operation id="20" st_id="1" stage="1" lat="1">
<core>NULL</core>
<MemPortIdVec></MemPortIdVec>
<condition id="-1">
<or_exp><and_exp><literal name="icmp_ln16" val="0"/>
</and_exp></or_exp>
</condition>

<Node id="20" bw="0" op_0_bw="9" op_1_bw="9" op_2_bw="0" op_3_bw="0">
<![CDATA[
.split119:5 %store_ln16 = store i9 %add_ln16, i9 %i

]]></Node>
<StgValue><ssdm name="store_ln16"/></StgValue>
</operation>

<operation id="24" st_id="1" stage="1" lat="1">
<core>NULL</core>
<MemPortIdVec></MemPortIdVec>
<condition id="-1">
<or_exp><and_exp><literal name="icmp_ln16" val="1"/>
</and_exp></or_exp>
</condition>

<Node id="23" bw="0">
<![CDATA[
.preheader179.preheader.exitStub:0 %ret_ln0 = ret

]]></Node>
<StgValue><ssdm name="ret_ln0"/></StgValue>
</operation>
</state>

<state id="2" st_id="3">

<operation id="21" st_id="2" stage="1" lat="1">
<core>NULL</core>
<MemPortIdVec></MemPortIdVec>
<condition id="-1">
<or_exp><and_exp></and_exp></or_exp>
</condition>

<Node id="18" bw="0" op_0_bw="0" op_1_bw="0">
<![CDATA[
.split119:3 %specloopname_ln16 = specloopname void @_ssdm_op_SpecLoopName, void @empty_19

]]></Node>
<StgValue><ssdm name="specloopname_ln16"/></StgValue>
</operation>

<operation id="22" st_id="2" stage="1" lat="2">
<core>RAM_1P</core>
<MemPortIdVec>0 </MemPortIdVec>
<condition id="-1">
<or_exp><and_exp></and_exp></or_exp>
</condition>

<Node id="19" bw="0" op_0_bw="32" op_1_bw="16">
<![CDATA[
.split119:4 %store_ln18 = store i32 0, i16 %prod_addr

]]></Node>
<StgValue><ssdm name="store_ln18"/></StgValue>
</operation>

<operation id="23" st_id="2" stage="1" lat="1">
<core>NULL</core>
<MemPortIdVec></MemPortIdVec>
<condition id="-1">
<or_exp><and_exp></and_exp></or_exp>
</condition>

<Node id="21" bw="0" op_0_bw="0">
<![CDATA[
.split119:6 %br_ln0 = br void %.preheader180

]]></Node>
<StgValue><ssdm name="br_ln0"/></StgValue>
</operation>
</state>
</state_list>


<ports>
<port id="34" name="prod" dir="1" iftype="1">
<core>RAM_1P</core><StgValue><ssdm name="prod"/><MemPortTyVec>0 </MemPortTyVec>
</StgValue>
</port>
</ports>


<dataflows>
<dataflow id="36" from="StgValue_35" to="i" fromId="35" toId="5">
</dataflow>
<dataflow id="38" from="_ssdm_op_SpecMemCore" to="specmemcore_ln0" fromId="37" toId="6">
</dataflow>
<dataflow id="39" from="prod" to="specmemcore_ln0" fromId="34" toId="6">
</dataflow>
<dataflow id="41" from="StgValue_40" to="specmemcore_ln0" fromId="40" toId="6">
</dataflow>
<dataflow id="43" from="StgValue_42" to="specmemcore_ln0" fromId="42" toId="6">
</dataflow>
<dataflow id="45" from="StgValue_44" to="specmemcore_ln0" fromId="44" toId="6">
</dataflow>
<dataflow id="47" from="_ssdm_op_SpecInterface" to="specinterface_ln0" fromId="46" toId="7">
</dataflow>
<dataflow id="48" from="prod" to="specinterface_ln0" fromId="34" toId="7">
</dataflow>
<dataflow id="50" from="empty_3" to="specinterface_ln0" fromId="49" toId="7">
</dataflow>
<dataflow id="52" from="StgValue_51" to="specinterface_ln0" fromId="51" toId="7">
</dataflow>
<dataflow id="53" from="StgValue_51" to="specinterface_ln0" fromId="51" toId="7">
</dataflow>
<dataflow id="55" from="empty_0" to="specinterface_ln0" fromId="54" toId="7">
</dataflow>
<dataflow id="56" from="StgValue_35" to="specinterface_ln0" fromId="35" toId="7">
</dataflow>
<dataflow id="57" from="StgValue_51" to="specinterface_ln0" fromId="51" toId="7">
</dataflow>
<dataflow id="58" from="empty_0" to="specinterface_ln0" fromId="54" toId="7">
</dataflow>
<dataflow id="59" from="empty_0" to="specinterface_ln0" fromId="54" toId="7">
</dataflow>
<dataflow id="60" from="empty_0" to="specinterface_ln0" fromId="54" toId="7">
</dataflow>
<dataflow id="61" from="StgValue_51" to="specinterface_ln0" fromId="51" toId="7">
</dataflow>
<dataflow id="62" from="StgValue_51" to="specinterface_ln0" fromId="51" toId="7">
</dataflow>
<dataflow id="63" from="StgValue_51" to="specinterface_ln0" fromId="51" toId="7">
</dataflow>
<dataflow id="64" from="StgValue_51" to="specinterface_ln0" fromId="51" toId="7">
</dataflow>
<dataflow id="65" from="empty_0" to="specinterface_ln0" fromId="54" toId="7">
</dataflow>
<dataflow id="66" from="empty_0" to="specinterface_ln0" fromId="54" toId="7">
</dataflow>
<dataflow id="68" from="StgValue_67" to="store_ln0" fromId="67" toId="8">
</dataflow>
<dataflow id="69" from="i" to="store_ln0" fromId="5" toId="8">
</dataflow>
<dataflow id="70" from="i" to="i_3" fromId="5" toId="10">
</dataflow>
<dataflow id="72" from="_ssdm_op_SpecPipeline" to="specpipeline_ln0" fromId="71" toId="11">
</dataflow>
<dataflow id="74" from="StgValue_73" to="specpipeline_ln0" fromId="73" toId="11">
</dataflow>
<dataflow id="75" from="StgValue_51" to="specpipeline_ln0" fromId="51" toId="11">
</dataflow>
<dataflow id="76" from="StgValue_35" to="specpipeline_ln0" fromId="35" toId="11">
</dataflow>
<dataflow id="77" from="StgValue_51" to="specpipeline_ln0" fromId="51" toId="11">
</dataflow>
<dataflow id="79" from="p_str" to="specpipeline_ln0" fromId="78" toId="11">
</dataflow>
<dataflow id="80" from="i_3" to="icmp_ln16" fromId="10" toId="12">
</dataflow>
<dataflow id="82" from="StgValue_81" to="icmp_ln16" fromId="81" toId="12">
</dataflow>
<dataflow id="84" from="_ssdm_op_SpecLoopTripCount" to="empty" fromId="83" toId="13">
</dataflow>
<dataflow id="86" from="StgValue_85" to="empty" fromId="85" toId="13">
</dataflow>
<dataflow id="87" from="StgValue_85" to="empty" fromId="85" toId="13">
</dataflow>
<dataflow id="88" from="StgValue_85" to="empty" fromId="85" toId="13">
</dataflow>
<dataflow id="89" from="i_3" to="add_ln16" fromId="10" toId="14">
</dataflow>
<dataflow id="91" from="StgValue_90" to="add_ln16" fromId="90" toId="14">
</dataflow>
<dataflow id="92" from="icmp_ln16" to="br_ln16" fromId="12" toId="15">
</dataflow>
<dataflow id="94" from="_ssdm_op_BitConcatenate.i17.i9.i8" to="tmp" fromId="93" toId="16">
</dataflow>
<dataflow id="95" from="i_3" to="tmp" fromId="10" toId="16">
</dataflow>
<dataflow id="97" from="StgValue_96" to="tmp" fromId="96" toId="16">
</dataflow>
<dataflow id="98" from="tmp" to="zext_ln18" fromId="16" toId="17">
</dataflow>
<dataflow id="99" from="prod" to="prod_addr" fromId="34" toId="18">
</dataflow>
<dataflow id="101" from="StgValue_100" to="prod_addr" fromId="100" toId="18">
</dataflow>
<dataflow id="102" from="zext_ln18" to="prod_addr" fromId="17" toId="18">
</dataflow>
<dataflow id="103" from="StgValue_51" to="store_ln18" fromId="51" toId="19">
</dataflow>
<dataflow id="104" from="prod_addr" to="store_ln18" fromId="18" toId="19">
</dataflow>
<dataflow id="105" from="add_ln16" to="store_ln16" fromId="14" toId="20">
</dataflow>
<dataflow id="106" from="i" to="store_ln16" fromId="5" toId="20">
</dataflow>
<dataflow id="108" from="_ssdm_op_SpecLoopName" to="specloopname_ln16" fromId="107" toId="21">
</dataflow>
<dataflow id="110" from="empty_19" to="specloopname_ln16" fromId="109" toId="21">
</dataflow>
<dataflow id="111" from="StgValue_51" to="store_ln18" fromId="51" toId="22">
</dataflow>
<dataflow id="112" from="prod_addr" to="store_ln18" fromId="18" toId="22">
</dataflow>
<dataflow id="113" from="icmp_ln16" to="StgValue_2" fromId="12" toId="2">
</dataflow>
</dataflows>


</stg>
