<stg><name>matrix_mult_Pipeline_VITIS_LOOP_23_3</name>


<trans_list>

<trans id="61" from="1" to="2">
<condition id="-1">
<or_exp><and_exp></and_exp></or_exp>
</condition>
</trans>

<trans id="62" from="2" to="3">
<condition id="-1">
<or_exp><and_exp></and_exp></or_exp>
</condition>
</trans>

<trans id="63" from="3" to="4">
<condition id="-1">
<or_exp><and_exp></and_exp></or_exp>
</condition>
</trans>

<trans id="66" from="4" to="5">
<condition id="-1">
<or_exp><and_exp></and_exp></or_exp>
</condition>
</trans>
</trans_list>



<state_list>

<state id="1" st_id="2">

<operation id="8" st_id="1" stage="1" lat="1">
<core>NULL</core>
<MemPortIdVec></MemPortIdVec>
<condition id="-1">
<or_exp><and_exp></and_exp></or_exp>
</condition>

<Node id="6" bw="32" op_0_bw="32">
<![CDATA[
newFuncRoot:0 %empty_42 = alloca i32 1

]]></Node>
<StgValue><ssdm name="empty_42"/></StgValue>
</operation>

<operation id="9" st_id="1" stage="1" lat="1">
<core>NULL</core>
<MemPortIdVec></MemPortIdVec>
<condition id="-1">
<or_exp><and_exp></and_exp></or_exp>
</condition>

<Node id="7" bw="9" op_0_bw="32">
<![CDATA[
newFuncRoot:1 %j_1 = alloca i32 1

]]></Node>
<StgValue><ssdm name="j_1"/></StgValue>
</operation>

<operation id="10" st_id="1" stage="1" lat="1">
<core>NULL</core>
<MemPortIdVec></MemPortIdVec>
<condition id="-1">
<or_exp><and_exp></and_exp></or_exp>
</condition>

<Node id="8" bw="32" op_0_bw="32" op_1_bw="32">
<![CDATA[
newFuncRoot:2 %a_load_read = read i32 @_ssdm_op_Read.ap_auto.i32, i32 %a_load

]]></Node>
<StgValue><ssdm name="a_load_read"/></StgValue>
</operation>

<operation id="11" st_id="1" stage="1" lat="1">
<core>NULL</core>
<MemPortIdVec></MemPortIdVec>
<condition id="-1">
<or_exp><and_exp></and_exp></or_exp>
</condition>

<Node id="9" bw="16" op_0_bw="16" op_1_bw="16">
<![CDATA[
newFuncRoot:3 %tmp = read i16 @_ssdm_op_Read.ap_auto.i16, i16 %empty

]]></Node>
<StgValue><ssdm name="tmp"/></StgValue>
</operation>

<operation id="12" st_id="1" stage="1" lat="1">
<core>NULL</core>
<MemPortIdVec></MemPortIdVec>
<condition id="-1">
<or_exp><and_exp></and_exp></or_exp>
</condition>

<Node id="10" bw="32" op_0_bw="32" op_1_bw="32">
<![CDATA[
newFuncRoot:4 %prod_load_read = read i32 @_ssdm_op_Read.ap_auto.i32, i32 %prod_load

]]></Node>
<StgValue><ssdm name="prod_load_read"/></StgValue>
</operation>

<operation id="13" st_id="1" stage="1" lat="1">
<core>NULL</core>
<MemPortIdVec></MemPortIdVec>
<condition id="-1">
<or_exp><and_exp></and_exp></or_exp>
</condition>

<Node id="11" bw="64" op_0_bw="16">
<![CDATA[
newFuncRoot:5 %p_cast = zext i16 %tmp

]]></Node>
<StgValue><ssdm name="p_cast"/></StgValue>
</operation>

<operation id="14" st_id="1" stage="1" lat="1">
<core>NULL</core>
<MemPortIdVec></MemPortIdVec>
<condition id="-1">
<or_exp><and_exp></and_exp></or_exp>
</condition>

<Node id="12" bw="0" op_0_bw="0" op_1_bw="32" op_2_bw="64" op_3_bw="64" op_4_bw="64">
<![CDATA[
newFuncRoot:6 %specmemcore_ln0 = specmemcore void @_ssdm_op_SpecMemCore, i32 %prod, i64 666, i64 207, i64 1

]]></Node>
<StgValue><ssdm name="specmemcore_ln0"/></StgValue>
</operation>

<operation id="15" st_id="1" stage="1" lat="1">
<core>NULL</core>
<MemPortIdVec></MemPortIdVec>
<condition id="-1">
<or_exp><and_exp></and_exp></or_exp>
</condition>

<Node id="13" bw="0" op_0_bw="0" op_1_bw="32" op_2_bw="64" op_3_bw="64" op_4_bw="64">
<![CDATA[
newFuncRoot:7 %specmemcore_ln0 = specmemcore void @_ssdm_op_SpecMemCore, i32 %b, i64 666, i64 207, i64 1

]]></Node>
<StgValue><ssdm name="specmemcore_ln0"/></StgValue>
</operation>

<operation id="16" st_id="1" stage="1" lat="1">
<core>NULL</core>
<MemPortIdVec></MemPortIdVec>
<condition id="-1">
<or_exp><and_exp></and_exp></or_exp>
</condition>

<Node id="14" bw="0" op_0_bw="0" op_1_bw="32" op_2_bw="0" op_3_bw="32" op_4_bw="32" op_5_bw="0" op_6_bw="32" op_7_bw="32" op_8_bw="0" op_9_bw="0" op_10_bw="0" op_11_bw="32" op_12_bw="32" op_13_bw="32" op_14_bw="32" op_15_bw="0" op_16_bw="0">
<![CDATA[
newFuncRoot:8 %specinterface_ln0 = specinterface void @_ssdm_op_SpecInterface, i32 %prod, void @empty_3, i32 0, i32 0, void @empty_0, i32 1, i32 0, void @empty_0, void @empty_0, void @empty_0, i32 0, i32 0, i32 0, i32 0, void @empty_0, void @empty_0

]]></Node>
<StgValue><ssdm name="specinterface_ln0"/></StgValue>
</operation>

<operation id="17" st_id="1" stage="1" lat="1">
<core>NULL</core>
<MemPortIdVec></MemPortIdVec>
<condition id="-1">
<or_exp><and_exp></and_exp></or_exp>
</condition>

<Node id="15" bw="0" op_0_bw="0" op_1_bw="32" op_2_bw="0" op_3_bw="32" op_4_bw="32" op_5_bw="0" op_6_bw="32" op_7_bw="32" op_8_bw="0" op_9_bw="0" op_10_bw="0" op_11_bw="32" op_12_bw="32" op_13_bw="32" op_14_bw="32" op_15_bw="0" op_16_bw="0">
<![CDATA[
newFuncRoot:9 %specinterface_ln0 = specinterface void @_ssdm_op_SpecInterface, i32 %b, void @empty_3, i32 0, i32 0, void @empty_0, i32 1, i32 0, void @empty_0, void @empty_0, void @empty_0, i32 0, i32 0, i32 0, i32 0, void @empty_0, void @empty_0

]]></Node>
<StgValue><ssdm name="specinterface_ln0"/></StgValue>
</operation>

<operation id="18" st_id="1" stage="1" lat="1">
<core>NULL</core>
<MemPortIdVec></MemPortIdVec>
<condition id="-1">
<or_exp><and_exp></and_exp></or_exp>
</condition>

<Node id="16" bw="0" op_0_bw="9" op_1_bw="9">
<![CDATA[
newFuncRoot:10 %store_ln0 = store i9 0, i9 %j_1

]]></Node>
<StgValue><ssdm name="store_ln0"/></StgValue>
</operation>

<operation id="19" st_id="1" stage="1" lat="1">
<core>NULL</core>
<MemPortIdVec></MemPortIdVec>
<condition id="-1">
<or_exp><and_exp></and_exp></or_exp>
</condition>

<Node id="17" bw="0" op_0_bw="32" op_1_bw="32">
<![CDATA[
newFuncRoot:11 %store_ln0 = store i32 %prod_load_read, i32 %empty_42

]]></Node>
<StgValue><ssdm name="store_ln0"/></StgValue>
</operation>

<operation id="20" st_id="1" stage="1" lat="1">
<core>NULL</core>
<MemPortIdVec></MemPortIdVec>
<condition id="-1">
<or_exp><and_exp></and_exp></or_exp>
</condition>

<Node id="18" bw="0" op_0_bw="0">
<![CDATA[
newFuncRoot:12 %br_ln0 = br void

]]></Node>
<StgValue><ssdm name="br_ln0"/></StgValue>
</operation>

<operation id="21" st_id="1" stage="1" lat="1">
<core>NULL</core>
<MemPortIdVec></MemPortIdVec>
<condition id="-1">
<or_exp><and_exp></and_exp></or_exp>
</condition>

<Node id="20" bw="9" op_0_bw="9" op_1_bw="0">
<![CDATA[
:0 %j = load i9 %j_1

]]></Node>
<StgValue><ssdm name="j"/></StgValue>
</operation>

<operation id="22" st_id="1" stage="1" lat="1">
<core>Cmp</core>
<MemPortIdVec></MemPortIdVec>
<condition id="-1">
<or_exp><and_exp></and_exp></or_exp>
</condition>

<Node id="23" bw="1" op_0_bw="9" op_1_bw="9">
<![CDATA[
:3 %icmp_ln23 = icmp_eq  i9 %j, i9 256

]]></Node>
<StgValue><ssdm name="icmp_ln23"/></StgValue>
</operation>

<operation id="23" st_id="1" stage="1" lat="1">
<core>Adder</core>
<MemPortIdVec></MemPortIdVec>
<condition id="-1">
<or_exp><and_exp></and_exp></or_exp>
</condition>

<Node id="25" bw="9" op_0_bw="9" op_1_bw="9">
<![CDATA[
:5 %add_ln23 = add i9 %j, i9 1

]]></Node>
<StgValue><ssdm name="add_ln23"/></StgValue>
</operation>

<operation id="24" st_id="1" stage="1" lat="1">
<core>NULL</core>
<MemPortIdVec></MemPortIdVec>
<condition id="-1">
<or_exp><and_exp></and_exp></or_exp>
</condition>

<Node id="26" bw="0" op_0_bw="1" op_1_bw="0" op_2_bw="0">
<![CDATA[
:6 %br_ln23 = br i1 %icmp_ln23, void %.split115, void %.exitStub

]]></Node>
<StgValue><ssdm name="br_ln23"/></StgValue>
</operation>

<operation id="25" st_id="1" stage="1" lat="1">
<core>NULL</core>
<MemPortIdVec></MemPortIdVec>
<condition id="-1">
<or_exp><and_exp><literal name="icmp_ln23" val="0"/>
</and_exp></or_exp>
</condition>

<Node id="29" bw="64" op_0_bw="9">
<![CDATA[
.split115:1 %j_1_cast = zext i9 %j

]]></Node>
<StgValue><ssdm name="j_1_cast"/></StgValue>
</operation>

<operation id="26" st_id="1" stage="1" lat="1">
<core>NULL</core>
<MemPortIdVec></MemPortIdVec>
<condition id="-1">
<or_exp><and_exp><literal name="icmp_ln23" val="0"/>
</and_exp></or_exp>
</condition>

<Node id="30" bw="16" op_0_bw="32" op_1_bw="64" op_2_bw="64">
<![CDATA[
.split115:2 %b_addr = getelementptr i32 %b, i64 0, i64 %j_1_cast

]]></Node>
<StgValue><ssdm name="b_addr"/></StgValue>
</operation>

<operation id="27" st_id="1" stage="2" lat="2">
<core>RAM_1P</core>
<MemPortIdVec>0 </MemPortIdVec>
<condition id="-1">
<or_exp><and_exp><literal name="icmp_ln23" val="0"/>
</and_exp></or_exp>
</condition>

<Node id="32" bw="32" op_0_bw="16">
<![CDATA[
.split115:4 %b_load = load i16 %b_addr

]]></Node>
<StgValue><ssdm name="b_load"/></StgValue>
</operation>

<operation id="28" st_id="1" stage="1" lat="1">
<core>Cmp</core>
<MemPortIdVec></MemPortIdVec>
<condition id="-1">
<or_exp><and_exp><literal name="icmp_ln23" val="0"/>
</and_exp></or_exp>
</condition>

<Node id="35" bw="1" op_0_bw="9" op_1_bw="9">
<![CDATA[
.split115:7 %ifzero = icmp_eq  i9 %add_ln23, i9 256

]]></Node>
<StgValue><ssdm name="ifzero"/></StgValue>
</operation>

<operation id="29" st_id="1" stage="1" lat="1">
<core>NULL</core>
<MemPortIdVec></MemPortIdVec>
<condition id="-1">
<or_exp><and_exp><literal name="icmp_ln23" val="0"/>
</and_exp></or_exp>
</condition>

<Node id="36" bw="0" op_0_bw="1" op_1_bw="0" op_2_bw="0">
<![CDATA[
.split115:8 %br_ln23 = br i1 %ifzero, void %ifFalse, void %ifTrue

]]></Node>
<StgValue><ssdm name="br_ln23"/></StgValue>
</operation>

<operation id="30" st_id="1" stage="1" lat="1">
<core>NULL</core>
<MemPortIdVec></MemPortIdVec>
<condition id="-1">
<or_exp><and_exp><literal name="icmp_ln23" val="0"/>
</and_exp></or_exp>
</condition>

<Node id="41" bw="0" op_0_bw="9" op_1_bw="9" op_2_bw="0" op_3_bw="0">
<![CDATA[
ifFalse:0 %store_ln23 = store i9 %add_ln23, i9 %j_1

]]></Node>
<StgValue><ssdm name="store_ln23"/></StgValue>
</operation>
</state>

<state id="2" st_id="3">

<operation id="31" st_id="2" stage="1" lat="2">
<core>RAM_1P</core>
<MemPortIdVec>0 </MemPortIdVec>
<condition id="-1">
<or_exp><and_exp><literal name="icmp_ln23" val="0"/>
</and_exp></or_exp>
</condition>

<Node id="32" bw="32" op_0_bw="16">
<![CDATA[
.split115:4 %b_load = load i16 %b_addr

]]></Node>
<StgValue><ssdm name="b_load"/></StgValue>
</operation>
</state>

<state id="3" st_id="4">

<operation id="32" st_id="3" stage="2" lat="2">
<core>Multiplier</core>
<MemPortIdVec></MemPortIdVec>
<condition id="-1">
<or_exp><and_exp><literal name="icmp_ln23" val="0"/>
</and_exp></or_exp>
</condition>

<Node id="33" bw="32" op_0_bw="32" op_1_bw="32">
<![CDATA[
.split115:5 %mul_ln25 = mul i32 %b_load, i32 %a_load_read

]]></Node>
<StgValue><ssdm name="mul_ln25"/></StgValue>
</operation>
</state>

<state id="4" st_id="5">

<operation id="33" st_id="4" stage="1" lat="1">
<core>NULL</core>
<MemPortIdVec></MemPortIdVec>
<condition id="-1">
<or_exp><and_exp></and_exp></or_exp>
</condition>

<Node id="21" bw="16" op_0_bw="32" op_1_bw="64" op_2_bw="64">
<![CDATA[
:1 %prod_addr = getelementptr i32 %prod, i64 0, i64 %p_cast

]]></Node>
<StgValue><ssdm name="prod_addr"/></StgValue>
</operation>

<operation id="34" st_id="4" stage="1" lat="1">
<core>NULL</core>
<MemPortIdVec></MemPortIdVec>
<condition id="-1">
<or_exp><and_exp></and_exp></or_exp>
</condition>

<Node id="22" bw="0" op_0_bw="0" op_1_bw="32" op_2_bw="32" op_3_bw="32" op_4_bw="32" op_5_bw="0">
<![CDATA[
:2 %specpipeline_ln0 = specpipeline void @_ssdm_op_SpecPipeline, i32 4294967295, i32 0, i32 1, i32 0, void @p_str

]]></Node>
<StgValue><ssdm name="specpipeline_ln0"/></StgValue>
</operation>

<operation id="35" st_id="4" stage="1" lat="1">
<core>NULL</core>
<MemPortIdVec></MemPortIdVec>
<condition id="-1">
<or_exp><and_exp></and_exp></or_exp>
</condition>

<Node id="24" bw="32" op_0_bw="32" op_1_bw="64" op_2_bw="64" op_3_bw="64">
<![CDATA[
:4 %empty_43 = speclooptripcount i32 @_ssdm_op_SpecLoopTripCount, i64 256, i64 256, i64 256

]]></Node>
<StgValue><ssdm name="empty_43"/></StgValue>
</operation>

<operation id="36" st_id="4" stage="1" lat="2">
<core>Multiplier</core>
<MemPortIdVec></MemPortIdVec>
<condition id="-1">
<or_exp><and_exp><literal name="icmp_ln23" val="0"/>
</and_exp></or_exp>
</condition>

<Node id="33" bw="32" op_0_bw="32" op_1_bw="32">
<![CDATA[
.split115:5 %mul_ln25 = mul i32 %b_load, i32 %a_load_read

]]></Node>
<StgValue><ssdm name="mul_ln25"/></StgValue>
</operation>

<operation id="44" st_id="4" stage="1" lat="1">
<core>NULL</core>
<MemPortIdVec></MemPortIdVec>
<condition id="-1">
<or_exp><and_exp><literal name="icmp_ln23" val="1"/>
</and_exp></or_exp>
</condition>

<Node id="45" bw="0">
<![CDATA[
.exitStub:0 %ret_ln0 = ret

]]></Node>
<StgValue><ssdm name="ret_ln0"/></StgValue>
</operation>
</state>

<state id="5" st_id="6">

<operation id="37" st_id="5" stage="1" lat="1">
<core>NULL</core>
<MemPortIdVec></MemPortIdVec>
<condition id="-1">
<or_exp><and_exp></and_exp></or_exp>
</condition>

<Node id="28" bw="32" op_0_bw="32" op_1_bw="0">
<![CDATA[
.split115:0 %p_load = load i32 %empty_42

]]></Node>
<StgValue><ssdm name="p_load"/></StgValue>
</operation>

<operation id="38" st_id="5" stage="1" lat="1">
<core>NULL</core>
<MemPortIdVec></MemPortIdVec>
<condition id="-1">
<or_exp><and_exp></and_exp></or_exp>
</condition>

<Node id="31" bw="0" op_0_bw="0" op_1_bw="0">
<![CDATA[
.split115:3 %specloopname_ln23 = specloopname void @_ssdm_op_SpecLoopName, void @empty_17

]]></Node>
<StgValue><ssdm name="specloopname_ln23"/></StgValue>
</operation>

<operation id="39" st_id="5" stage="1" lat="1">
<core>Adder</core>
<MemPortIdVec></MemPortIdVec>
<condition id="-1">
<or_exp><and_exp></and_exp></or_exp>
</condition>

<Node id="34" bw="32" op_0_bw="32" op_1_bw="32">
<![CDATA[
.split115:6 %add_ln25 = add i32 %mul_ln25, i32 %p_load

]]></Node>
<StgValue><ssdm name="add_ln25"/></StgValue>
</operation>

<operation id="40" st_id="5" stage="1" lat="1">
<core>RAM_1P</core>
<MemPortIdVec>0 </MemPortIdVec>
<condition id="-1">
<or_exp><and_exp><literal name="ifzero" val="1"/>
</and_exp></or_exp>
</condition>

<Node id="38" bw="0" op_0_bw="32" op_1_bw="16">
<![CDATA[
ifTrue:0 %store_ln25 = store i32 %add_ln25, i16 %prod_addr

]]></Node>
<StgValue><ssdm name="store_ln25"/></StgValue>
</operation>

<operation id="41" st_id="5" stage="1" lat="1">
<core>NULL</core>
<MemPortIdVec></MemPortIdVec>
<condition id="-1">
<or_exp><and_exp><literal name="ifzero" val="1"/>
</and_exp></or_exp>
</condition>

<Node id="39" bw="0" op_0_bw="0">
<![CDATA[
ifTrue:1 %br_ln0 = br void %ifFalse

]]></Node>
<StgValue><ssdm name="br_ln0"/></StgValue>
</operation>

<operation id="42" st_id="5" stage="1" lat="1">
<core>NULL</core>
<MemPortIdVec></MemPortIdVec>
<condition id="-1">
<or_exp><and_exp></and_exp></or_exp>
</condition>

<Node id="42" bw="0" op_0_bw="32" op_1_bw="32" op_2_bw="0" op_3_bw="0">
<![CDATA[
ifFalse:1 %store_ln25 = store i32 %add_ln25, i32 %empty_42

]]></Node>
<StgValue><ssdm name="store_ln25"/></StgValue>
</operation>

<operation id="43" st_id="5" stage="1" lat="1">
<core>NULL</core>
<MemPortIdVec></MemPortIdVec>
<condition id="-1">
<or_exp><and_exp></and_exp></or_exp>
</condition>

<Node id="43" bw="0" op_0_bw="0">
<![CDATA[
ifFalse:2 %br_ln0 = br void

]]></Node>
<StgValue><ssdm name="br_ln0"/></StgValue>
</operation>
</state>
</state_list>


<ports>
<port id="67" name="prod_load" dir="0" iftype="0">
<core>NULL</core><StgValue><ssdm name="prod_load"/></StgValue>
</port>
<port id="68" name="prod" dir="1" iftype="1">
<core>RAM_1P</core><StgValue><ssdm name="prod"/><MemPortTyVec>0 </MemPortTyVec>
</StgValue>
</port>
<port id="69" name="empty" dir="0" iftype="0">
<core>NULL</core><StgValue><ssdm name="empty"/></StgValue>
</port>
<port id="70" name="b" dir="0" iftype="1">
<core>RAM_1P</core><StgValue><ssdm name="b"/><MemPortTyVec>1 </MemPortTyVec>
</StgValue>
</port>
<port id="71" name="a_load" dir="0" iftype="0">
<core>NULL</core><StgValue><ssdm name="a_load"/></StgValue>
</port>
</ports>


<dataflows>
<dataflow id="73" from="StgValue_72" to="empty_42" fromId="72" toId="8">
</dataflow>
<dataflow id="74" from="StgValue_72" to="j_1" fromId="72" toId="9">
</dataflow>
<dataflow id="76" from="_ssdm_op_Read.ap_auto.i32" to="a_load_read" fromId="75" toId="10">
</dataflow>
<dataflow id="77" from="a_load" to="a_load_read" fromId="71" toId="10">
</dataflow>
<dataflow id="79" from="_ssdm_op_Read.ap_auto.i16" to="tmp" fromId="78" toId="11">
</dataflow>
<dataflow id="80" from="empty" to="tmp" fromId="69" toId="11">
</dataflow>
<dataflow id="81" from="_ssdm_op_Read.ap_auto.i32" to="prod_load_read" fromId="75" toId="12">
</dataflow>
<dataflow id="82" from="prod_load" to="prod_load_read" fromId="67" toId="12">
</dataflow>
<dataflow id="83" from="tmp" to="p_cast" fromId="11" toId="13">
</dataflow>
<dataflow id="85" from="_ssdm_op_SpecMemCore" to="specmemcore_ln0" fromId="84" toId="14">
</dataflow>
<dataflow id="86" from="prod" to="specmemcore_ln0" fromId="68" toId="14">
</dataflow>
<dataflow id="88" from="StgValue_87" to="specmemcore_ln0" fromId="87" toId="14">
</dataflow>
<dataflow id="90" from="StgValue_89" to="specmemcore_ln0" fromId="89" toId="14">
</dataflow>
<dataflow id="92" from="StgValue_91" to="specmemcore_ln0" fromId="91" toId="14">
</dataflow>
<dataflow id="93" from="_ssdm_op_SpecMemCore" to="specmemcore_ln0" fromId="84" toId="15">
</dataflow>
<dataflow id="94" from="b" to="specmemcore_ln0" fromId="70" toId="15">
</dataflow>
<dataflow id="95" from="StgValue_87" to="specmemcore_ln0" fromId="87" toId="15">
</dataflow>
<dataflow id="96" from="StgValue_89" to="specmemcore_ln0" fromId="89" toId="15">
</dataflow>
<dataflow id="97" from="StgValue_91" to="specmemcore_ln0" fromId="91" toId="15">
</dataflow>
<dataflow id="99" from="_ssdm_op_SpecInterface" to="specinterface_ln0" fromId="98" toId="16">
</dataflow>
<dataflow id="100" from="prod" to="specinterface_ln0" fromId="68" toId="16">
</dataflow>
<dataflow id="102" from="empty_3" to="specinterface_ln0" fromId="101" toId="16">
</dataflow>
<dataflow id="104" from="StgValue_103" to="specinterface_ln0" fromId="103" toId="16">
</dataflow>
<dataflow id="105" from="StgValue_103" to="specinterface_ln0" fromId="103" toId="16">
</dataflow>
<dataflow id="107" from="empty_0" to="specinterface_ln0" fromId="106" toId="16">
</dataflow>
<dataflow id="108" from="StgValue_72" to="specinterface_ln0" fromId="72" toId="16">
</dataflow>
<dataflow id="109" from="StgValue_103" to="specinterface_ln0" fromId="103" toId="16">
</dataflow>
<dataflow id="110" from="empty_0" to="specinterface_ln0" fromId="106" toId="16">
</dataflow>
<dataflow id="111" from="empty_0" to="specinterface_ln0" fromId="106" toId="16">
</dataflow>
<dataflow id="112" from="empty_0" to="specinterface_ln0" fromId="106" toId="16">
</dataflow>
<dataflow id="113" from="StgValue_103" to="specinterface_ln0" fromId="103" toId="16">
</dataflow>
<dataflow id="114" from="StgValue_103" to="specinterface_ln0" fromId="103" toId="16">
</dataflow>
<dataflow id="115" from="StgValue_103" to="specinterface_ln0" fromId="103" toId="16">
</dataflow>
<dataflow id="116" from="StgValue_103" to="specinterface_ln0" fromId="103" toId="16">
</dataflow>
<dataflow id="117" from="empty_0" to="specinterface_ln0" fromId="106" toId="16">
</dataflow>
<dataflow id="118" from="empty_0" to="specinterface_ln0" fromId="106" toId="16">
</dataflow>
<dataflow id="119" from="_ssdm_op_SpecInterface" to="specinterface_ln0" fromId="98" toId="17">
</dataflow>
<dataflow id="120" from="b" to="specinterface_ln0" fromId="70" toId="17">
</dataflow>
<dataflow id="121" from="empty_3" to="specinterface_ln0" fromId="101" toId="17">
</dataflow>
<dataflow id="122" from="StgValue_103" to="specinterface_ln0" fromId="103" toId="17">
</dataflow>
<dataflow id="123" from="StgValue_103" to="specinterface_ln0" fromId="103" toId="17">
</dataflow>
<dataflow id="124" from="empty_0" to="specinterface_ln0" fromId="106" toId="17">
</dataflow>
<dataflow id="125" from="StgValue_72" to="specinterface_ln0" fromId="72" toId="17">
</dataflow>
<dataflow id="126" from="StgValue_103" to="specinterface_ln0" fromId="103" toId="17">
</dataflow>
<dataflow id="127" from="empty_0" to="specinterface_ln0" fromId="106" toId="17">
</dataflow>
<dataflow id="128" from="empty_0" to="specinterface_ln0" fromId="106" toId="17">
</dataflow>
<dataflow id="129" from="empty_0" to="specinterface_ln0" fromId="106" toId="17">
</dataflow>
<dataflow id="130" from="StgValue_103" to="specinterface_ln0" fromId="103" toId="17">
</dataflow>
<dataflow id="131" from="StgValue_103" to="specinterface_ln0" fromId="103" toId="17">
</dataflow>
<dataflow id="132" from="StgValue_103" to="specinterface_ln0" fromId="103" toId="17">
</dataflow>
<dataflow id="133" from="StgValue_103" to="specinterface_ln0" fromId="103" toId="17">
</dataflow>
<dataflow id="134" from="empty_0" to="specinterface_ln0" fromId="106" toId="17">
</dataflow>
<dataflow id="135" from="empty_0" to="specinterface_ln0" fromId="106" toId="17">
</dataflow>
<dataflow id="137" from="StgValue_136" to="store_ln0" fromId="136" toId="18">
</dataflow>
<dataflow id="138" from="j_1" to="store_ln0" fromId="9" toId="18">
</dataflow>
<dataflow id="139" from="prod_load_read" to="store_ln0" fromId="12" toId="19">
</dataflow>
<dataflow id="140" from="empty_42" to="store_ln0" fromId="8" toId="19">
</dataflow>
<dataflow id="141" from="j_1" to="j" fromId="9" toId="21">
</dataflow>
<dataflow id="142" from="j" to="icmp_ln23" fromId="21" toId="22">
</dataflow>
<dataflow id="144" from="StgValue_143" to="icmp_ln23" fromId="143" toId="22">
</dataflow>
<dataflow id="145" from="j" to="add_ln23" fromId="21" toId="23">
</dataflow>
<dataflow id="147" from="StgValue_146" to="add_ln23" fromId="146" toId="23">
</dataflow>
<dataflow id="148" from="icmp_ln23" to="br_ln23" fromId="22" toId="24">
</dataflow>
<dataflow id="149" from="j" to="j_1_cast" fromId="21" toId="25">
</dataflow>
<dataflow id="150" from="b" to="b_addr" fromId="70" toId="26">
</dataflow>
<dataflow id="152" from="StgValue_151" to="b_addr" fromId="151" toId="26">
</dataflow>
<dataflow id="153" from="j_1_cast" to="b_addr" fromId="25" toId="26">
</dataflow>
<dataflow id="154" from="b_addr" to="b_load" fromId="26" toId="27">
</dataflow>
<dataflow id="155" from="add_ln23" to="ifzero" fromId="23" toId="28">
</dataflow>
<dataflow id="156" from="StgValue_143" to="ifzero" fromId="143" toId="28">
</dataflow>
<dataflow id="157" from="ifzero" to="br_ln23" fromId="28" toId="29">
</dataflow>
<dataflow id="158" from="add_ln23" to="store_ln23" fromId="23" toId="30">
</dataflow>
<dataflow id="159" from="j_1" to="store_ln23" fromId="9" toId="30">
</dataflow>
<dataflow id="160" from="b_addr" to="b_load" fromId="26" toId="31">
</dataflow>
<dataflow id="161" from="b_load" to="mul_ln25" fromId="31" toId="32">
</dataflow>
<dataflow id="162" from="a_load_read" to="mul_ln25" fromId="10" toId="32">
</dataflow>
<dataflow id="163" from="prod" to="prod_addr" fromId="68" toId="33">
</dataflow>
<dataflow id="164" from="StgValue_151" to="prod_addr" fromId="151" toId="33">
</dataflow>
<dataflow id="165" from="p_cast" to="prod_addr" fromId="13" toId="33">
</dataflow>
<dataflow id="167" from="_ssdm_op_SpecPipeline" to="specpipeline_ln0" fromId="166" toId="34">
</dataflow>
<dataflow id="169" from="StgValue_168" to="specpipeline_ln0" fromId="168" toId="34">
</dataflow>
<dataflow id="170" from="StgValue_103" to="specpipeline_ln0" fromId="103" toId="34">
</dataflow>
<dataflow id="171" from="StgValue_72" to="specpipeline_ln0" fromId="72" toId="34">
</dataflow>
<dataflow id="172" from="StgValue_103" to="specpipeline_ln0" fromId="103" toId="34">
</dataflow>
<dataflow id="174" from="p_str" to="specpipeline_ln0" fromId="173" toId="34">
</dataflow>
<dataflow id="176" from="_ssdm_op_SpecLoopTripCount" to="empty_43" fromId="175" toId="35">
</dataflow>
<dataflow id="178" from="StgValue_177" to="empty_43" fromId="177" toId="35">
</dataflow>
<dataflow id="179" from="StgValue_177" to="empty_43" fromId="177" toId="35">
</dataflow>
<dataflow id="180" from="StgValue_177" to="empty_43" fromId="177" toId="35">
</dataflow>
<dataflow id="181" from="b_load" to="mul_ln25" fromId="31" toId="36">
</dataflow>
<dataflow id="182" from="a_load_read" to="mul_ln25" fromId="10" toId="36">
</dataflow>
<dataflow id="183" from="empty_42" to="p_load" fromId="8" toId="37">
</dataflow>
<dataflow id="185" from="_ssdm_op_SpecLoopName" to="specloopname_ln23" fromId="184" toId="38">
</dataflow>
<dataflow id="187" from="empty_17" to="specloopname_ln23" fromId="186" toId="38">
</dataflow>
<dataflow id="188" from="mul_ln25" to="add_ln25" fromId="36" toId="39">
</dataflow>
<dataflow id="189" from="p_load" to="add_ln25" fromId="37" toId="39">
</dataflow>
<dataflow id="190" from="add_ln25" to="store_ln25" fromId="39" toId="40">
</dataflow>
<dataflow id="191" from="prod_addr" to="store_ln25" fromId="33" toId="40">
</dataflow>
<dataflow id="192" from="add_ln25" to="store_ln25" fromId="39" toId="42">
</dataflow>
<dataflow id="193" from="empty_42" to="store_ln25" fromId="8" toId="42">
</dataflow>
<dataflow id="194" from="icmp_ln23" to="StgValue_2" fromId="22" toId="2">
</dataflow>
<dataflow id="195" from="icmp_ln23" to="StgValue_3" fromId="22" toId="3">
</dataflow>
<dataflow id="196" from="icmp_ln23" to="StgValue_4" fromId="22" toId="4">
</dataflow>
<dataflow id="197" from="icmp_ln23" to="StgValue_5" fromId="22" toId="5">
</dataflow>
<dataflow id="198" from="ifzero" to="StgValue_6" fromId="28" toId="6">
</dataflow>
</dataflows>


</stg>
