<root versionMajor = "1" versionMinor = "5">
  <kernel src_name="matrix_mult" language="c" hwCtrl="ap_ctrl_hs" mem_layout="fpga64-xilinx-none">
    <args>
      <arg id="0" access_type="r" src_name="a" src_type="int*" src_isptr="1" src_bitwidth="32" src_size_or_depth="65536">
        <hw hw_usage="data" hw_interface="S_AXILite" hw_name="control" hw_bitwidth="32" hw_size_or_depth="65536">
          <constraint constraint_type="pragma interface" mode="s_axilite" register_option="0" offset="262144"/>
        </hw>
      </arg>
      <arg id="1" access_type="r" src_name="b" src_type="int*" src_isptr="1" src_bitwidth="32" src_size_or_depth="65536">
        <hw hw_usage="data" hw_interface="S_AXILite" hw_name="control" hw_bitwidth="32" hw_size_or_depth="65536">
          <constraint constraint_type="pragma interface" mode="s_axilite" register_option="0" offset="524288"/>
        </hw>
      </arg>
      <arg id="2" access_type="rw" src_name="prod" src_type="int*" src_isptr="1" src_bitwidth="32" src_size_or_depth="65536">
        <hw hw_usage="data" hw_interface="S_AXILite" hw_name="control" hw_bitwidth="32" hw_size_or_depth="65536">
          <constraint constraint_type="pragma interface" mode="s_axilite" register_option="0" offset="786432"/>
        </hw>
      </arg>
      <arg id="3" access_type="r" src_name="a_row_b_col" src_type="int" src_isptr="0" src_bitwidth="32" src_size_or_depth="1">
        <hw hw_usage="data" hw_interface="S_AXILite" hw_name="control" hw_bitwidth="32" hw_size_or_depth="1">
          <constraint constraint_type="pragma interface" mode="s_axilite" register_option="0" offset="16"/>
        </hw>
      </arg>
    </args>
    <return src_type="void" src_bitwidth="0" offset="0x0">
      <hw hw_usage="data" hw_interface="" hw_name="" hw_bitwidth="0"/>
    </return>
  </kernel>
</root>
