<?xml version="1.0" encoding="UTF-8"?>
<vivadoHLSLog:LogRoot xmlns:vivadoHLSLog="www.xilinx.com/vivadoHLSLog">
  <errorLogs>
    <logs>
      <synLog/>
      <simLog/>
      <mgLog/>
      <packageLog/>
      <csimLog/>
    </logs>
  </errorLogs>
  <warningLogs>
    <logs>
      <synLog>
        <logs message="WARNING: [HLS 200-885] The II Violation in module 'matrix_mult_Pipeline_VITIS_LOOP_46_7_VITIS_LOOP_49_8' (loop 'VITIS_LOOP_46_7_VITIS_LOOP_49_8'): Unable to schedule 'load' operation ('a_load_250', matrix_mult.cpp:46) on array 'a' due to limited memory ports (II = 256). Please consider using a memory core with more ports or partitioning the array 'a'.&#xD;&#xA;Resolution: For help on HLS 200-885 see www.xilinx.com/cgi-bin/docs/rdoc?v=2021.2;t=hls+guidance;d=200-885.html" projectName="SoC_Final" solutionName="solution1" date="2022-05-03T02:22:36.637-0400" type="Warning"/>
        <logs message="WARNING: [HLS 200-885] The II Violation in module 'matrix_mult_Pipeline_VITIS_LOOP_46_7_VITIS_LOOP_49_8' (loop 'VITIS_LOOP_46_7_VITIS_LOOP_49_8'): Unable to schedule 'load' operation ('a_load_249', matrix_mult.cpp:46) on array 'a' due to limited memory ports (II = 255). Please consider using a memory core with more ports or partitioning the array 'a'.&#xD;&#xA;Resolution: For help on HLS 200-885 see www.xilinx.com/cgi-bin/docs/rdoc?v=2021.2;t=hls+guidance;d=200-885.html" projectName="SoC_Final" solutionName="solution1" date="2022-05-03T02:22:16.460-0400" type="Warning"/>
        <logs message="WARNING: [HLS 200-885] The II Violation in module 'matrix_mult_Pipeline_VITIS_LOOP_46_7_VITIS_LOOP_49_8' (loop 'VITIS_LOOP_46_7_VITIS_LOOP_49_8'): Unable to schedule 'load' operation ('a_load_242', matrix_mult.cpp:46) on array 'a' due to limited memory ports (II = 253). Please consider using a memory core with more ports or partitioning the array 'a'.&#xD;&#xA;Resolution: For help on HLS 200-885 see www.xilinx.com/cgi-bin/docs/rdoc?v=2021.2;t=hls+guidance;d=200-885.html" projectName="SoC_Final" solutionName="solution1" date="2022-05-03T02:21:35.640-0400" type="Warning"/>
        <logs message="WARNING: [HLS 200-885] The II Violation in module 'matrix_mult_Pipeline_VITIS_LOOP_46_7_VITIS_LOOP_49_8' (loop 'VITIS_LOOP_46_7_VITIS_LOOP_49_8'): Unable to schedule 'load' operation ('a_load_233', matrix_mult.cpp:46) on array 'a' due to limited memory ports (II = 249). Please consider using a memory core with more ports or partitioning the array 'a'.&#xD;&#xA;Resolution: For help on HLS 200-885 see www.xilinx.com/cgi-bin/docs/rdoc?v=2021.2;t=hls+guidance;d=200-885.html" projectName="SoC_Final" solutionName="solution1" date="2022-05-03T02:20:55.383-0400" type="Warning"/>
        <logs message="WARNING: [HLS 200-885] The II Violation in module 'matrix_mult_Pipeline_VITIS_LOOP_46_7_VITIS_LOOP_49_8' (loop 'VITIS_LOOP_46_7_VITIS_LOOP_49_8'): Unable to schedule 'load' operation ('a_load_210', matrix_mult.cpp:46) on array 'a' due to limited memory ports (II = 241). Please consider using a memory core with more ports or partitioning the array 'a'.&#xD;&#xA;Resolution: For help on HLS 200-885 see www.xilinx.com/cgi-bin/docs/rdoc?v=2021.2;t=hls+guidance;d=200-885.html" projectName="SoC_Final" solutionName="solution1" date="2022-05-03T02:20:16.276-0400" type="Warning"/>
        <logs message="WARNING: [HLS 200-885] The II Violation in module 'matrix_mult_Pipeline_VITIS_LOOP_46_7_VITIS_LOOP_49_8' (loop 'VITIS_LOOP_46_7_VITIS_LOOP_49_8'): Unable to schedule 'load' operation ('a_load_227', matrix_mult.cpp:46) on array 'a' due to limited memory ports (II = 225). Please consider using a memory core with more ports or partitioning the array 'a'.&#xD;&#xA;Resolution: For help on HLS 200-885 see www.xilinx.com/cgi-bin/docs/rdoc?v=2021.2;t=hls+guidance;d=200-885.html" projectName="SoC_Final" solutionName="solution1" date="2022-05-03T02:19:37.509-0400" type="Warning"/>
        <logs message="WARNING: [HLS 200-885] The II Violation in module 'matrix_mult_Pipeline_VITIS_LOOP_46_7_VITIS_LOOP_49_8' (loop 'VITIS_LOOP_46_7_VITIS_LOOP_49_8'): Unable to schedule 'load' operation ('a_load_197', matrix_mult.cpp:46) on array 'a' due to limited memory ports (II = 193). Please consider using a memory core with more ports or partitioning the array 'a'.&#xD;&#xA;Resolution: For help on HLS 200-885 see www.xilinx.com/cgi-bin/docs/rdoc?v=2021.2;t=hls+guidance;d=200-885.html" projectName="SoC_Final" solutionName="solution1" date="2022-05-03T02:19:02.719-0400" type="Warning"/>
        <logs message="WARNING: [HLS 200-885] The II Violation in module 'matrix_mult_Pipeline_VITIS_LOOP_46_7_VITIS_LOOP_49_8' (loop 'VITIS_LOOP_46_7_VITIS_LOOP_49_8'): Unable to schedule 'load' operation ('a_load_134', matrix_mult.cpp:46) on array 'a' due to limited memory ports (II = 130). Please consider using a memory core with more ports or partitioning the array 'a'.&#xD;&#xA;Resolution: For help on HLS 200-885 see www.xilinx.com/cgi-bin/docs/rdoc?v=2021.2;t=hls+guidance;d=200-885.html" projectName="SoC_Final" solutionName="solution1" date="2022-05-03T02:18:34.545-0400" type="Warning"/>
        <logs message="WARNING: [HLS 200-885] The II Violation in module 'matrix_mult_Pipeline_VITIS_LOOP_46_7_VITIS_LOOP_49_8' (loop 'VITIS_LOOP_46_7_VITIS_LOOP_49_8'): Unable to schedule 'load' operation ('a_load_3', matrix_mult.cpp:46) on array 'a' due to limited memory ports (II = 4). Please consider using a memory core with more ports or partitioning the array 'a'.&#xD;&#xA;Resolution: For help on HLS 200-885 see www.xilinx.com/cgi-bin/docs/rdoc?v=2021.2;t=hls+guidance;d=200-885.html" projectName="SoC_Final" solutionName="solution1" date="2022-05-03T02:18:15.163-0400" type="Warning"/>
        <logs message="WARNING: [HLS 200-885] The II Violation in module 'matrix_mult_Pipeline_VITIS_LOOP_46_7_VITIS_LOOP_49_8' (loop 'VITIS_LOOP_46_7_VITIS_LOOP_49_8'): Unable to schedule 'load' operation ('a_load_2', matrix_mult.cpp:46) on array 'a' due to limited memory ports (II = 3). Please consider using a memory core with more ports or partitioning the array 'a'.&#xD;&#xA;Resolution: For help on HLS 200-885 see www.xilinx.com/cgi-bin/docs/rdoc?v=2021.2;t=hls+guidance;d=200-885.html" projectName="SoC_Final" solutionName="solution1" date="2022-05-03T02:18:04.479-0400" type="Warning"/>
        <logs message="WARNING: [HLS 200-885] The II Violation in module 'matrix_mult_Pipeline_VITIS_LOOP_46_7_VITIS_LOOP_49_8' (loop 'VITIS_LOOP_46_7_VITIS_LOOP_49_8'): Unable to schedule 'load' operation ('a_load_1', matrix_mult.cpp:46) on array 'a' due to limited memory ports (II = 2). Please consider using a memory core with more ports or partitioning the array 'a'.&#xD;&#xA;Resolution: For help on HLS 200-885 see www.xilinx.com/cgi-bin/docs/rdoc?v=2021.2;t=hls+guidance;d=200-885.html" projectName="SoC_Final" solutionName="solution1" date="2022-05-03T02:17:57.043-0400" type="Warning"/>
        <logs message="WARNING: [HLS 200-885] The II Violation in module 'matrix_mult_Pipeline_VITIS_LOOP_46_7_VITIS_LOOP_49_8' (loop 'VITIS_LOOP_46_7_VITIS_LOOP_49_8'): Unable to schedule 'load' operation ('a_load', matrix_mult.cpp:46) on array 'a' due to limited memory ports (II = 1). Please consider using a memory core with more ports or partitioning the array 'a'.&#xD;&#xA;Resolution: For help on HLS 200-885 see www.xilinx.com/cgi-bin/docs/rdoc?v=2021.2;t=hls+guidance;d=200-885.html" projectName="SoC_Final" solutionName="solution1" date="2022-05-03T02:17:49.850-0400" type="Warning"/>
        <logs message="WARNING: [HLS 200-885] The II Violation in module 'matrix_mult_Pipeline_VITIS_LOOP_200_10_VITIS_LOOP_203_11' (loop 'VITIS_LOOP_200_10_VITIS_LOOP_203_11'): Unable to schedule 'load' operation ('a_load_2299', matrix_mult.cpp:200) on array 'a' due to limited memory ports (II = 256). Please consider using a memory core with more ports or partitioning the array 'a'.&#xD;&#xA;Resolution: For help on HLS 200-885 see www.xilinx.com/cgi-bin/docs/rdoc?v=2021.2;t=hls+guidance;d=200-885.html" projectName="SoC_Final" solutionName="solution1" date="2022-05-03T02:12:39.374-0400" type="Warning"/>
        <logs message="WARNING: [HLS 200-885] The II Violation in module 'matrix_mult_Pipeline_VITIS_LOOP_200_10_VITIS_LOOP_203_11' (loop 'VITIS_LOOP_200_10_VITIS_LOOP_203_11'): Unable to schedule 'load' operation ('a_load_2295', matrix_mult.cpp:200) on array 'a' due to limited memory ports (II = 255). Please consider using a memory core with more ports or partitioning the array 'a'.&#xD;&#xA;Resolution: For help on HLS 200-885 see www.xilinx.com/cgi-bin/docs/rdoc?v=2021.2;t=hls+guidance;d=200-885.html" projectName="SoC_Final" solutionName="solution1" date="2022-05-03T02:12:21.432-0400" type="Warning"/>
        <logs message="WARNING: [HLS 200-885] The II Violation in module 'matrix_mult_Pipeline_VITIS_LOOP_200_10_VITIS_LOOP_203_11' (loop 'VITIS_LOOP_200_10_VITIS_LOOP_203_11'): Unable to schedule 'load' operation ('a_load_2287', matrix_mult.cpp:200) on array 'a' due to limited memory ports (II = 253). Please consider using a memory core with more ports or partitioning the array 'a'.&#xD;&#xA;Resolution: For help on HLS 200-885 see www.xilinx.com/cgi-bin/docs/rdoc?v=2021.2;t=hls+guidance;d=200-885.html" projectName="SoC_Final" solutionName="solution1" date="2022-05-03T02:11:42.095-0400" type="Warning"/>
        <logs message="WARNING: [HLS 200-885] The II Violation in module 'matrix_mult_Pipeline_VITIS_LOOP_200_10_VITIS_LOOP_203_11' (loop 'VITIS_LOOP_200_10_VITIS_LOOP_203_11'): Unable to schedule 'load' operation ('a_load_2298', matrix_mult.cpp:200) on array 'a' due to limited memory ports (II = 249). Please consider using a memory core with more ports or partitioning the array 'a'.&#xD;&#xA;Resolution: For help on HLS 200-885 see www.xilinx.com/cgi-bin/docs/rdoc?v=2021.2;t=hls+guidance;d=200-885.html" projectName="SoC_Final" solutionName="solution1" date="2022-05-03T02:10:58.374-0400" type="Warning"/>
        <logs message="WARNING: [HLS 200-885] The II Violation in module 'matrix_mult_Pipeline_VITIS_LOOP_200_10_VITIS_LOOP_203_11' (loop 'VITIS_LOOP_200_10_VITIS_LOOP_203_11'): Unable to schedule 'load' operation ('a_load_2288', matrix_mult.cpp:200) on array 'a' due to limited memory ports (II = 241). Please consider using a memory core with more ports or partitioning the array 'a'.&#xD;&#xA;Resolution: For help on HLS 200-885 see www.xilinx.com/cgi-bin/docs/rdoc?v=2021.2;t=hls+guidance;d=200-885.html" projectName="SoC_Final" solutionName="solution1" date="2022-05-03T02:10:17.220-0400" type="Warning"/>
        <logs message="WARNING: [HLS 200-885] The II Violation in module 'matrix_mult_Pipeline_VITIS_LOOP_200_10_VITIS_LOOP_203_11' (loop 'VITIS_LOOP_200_10_VITIS_LOOP_203_11'): Unable to schedule 'load' operation ('a_load_2272', matrix_mult.cpp:200) on array 'a' due to limited memory ports (II = 225). Please consider using a memory core with more ports or partitioning the array 'a'.&#xD;&#xA;Resolution: For help on HLS 200-885 see www.xilinx.com/cgi-bin/docs/rdoc?v=2021.2;t=hls+guidance;d=200-885.html" projectName="SoC_Final" solutionName="solution1" date="2022-05-03T02:09:36.511-0400" type="Warning"/>
        <logs message="WARNING: [HLS 200-885] The II Violation in module 'matrix_mult_Pipeline_VITIS_LOOP_200_10_VITIS_LOOP_203_11' (loop 'VITIS_LOOP_200_10_VITIS_LOOP_203_11'): Unable to schedule 'load' operation ('a_load_2240', matrix_mult.cpp:200) on array 'a' due to limited memory ports (II = 193). Please consider using a memory core with more ports or partitioning the array 'a'.&#xD;&#xA;Resolution: For help on HLS 200-885 see www.xilinx.com/cgi-bin/docs/rdoc?v=2021.2;t=hls+guidance;d=200-885.html" projectName="SoC_Final" solutionName="solution1" date="2022-05-03T02:08:58.135-0400" type="Warning"/>
        <logs message="WARNING: [HLS 200-885] The II Violation in module 'matrix_mult_Pipeline_VITIS_LOOP_200_10_VITIS_LOOP_203_11' (loop 'VITIS_LOOP_200_10_VITIS_LOOP_203_11'): Unable to schedule 'load' operation ('a_load_2177', matrix_mult.cpp:200) on array 'a' due to limited memory ports (II = 130). Please consider using a memory core with more ports or partitioning the array 'a'.&#xD;&#xA;Resolution: For help on HLS 200-885 see www.xilinx.com/cgi-bin/docs/rdoc?v=2021.2;t=hls+guidance;d=200-885.html" projectName="SoC_Final" solutionName="solution1" date="2022-05-03T02:08:27.341-0400" type="Warning"/>
        <logs message="WARNING: [HLS 200-885] The II Violation in module 'matrix_mult_Pipeline_VITIS_LOOP_200_10_VITIS_LOOP_203_11' (loop 'VITIS_LOOP_200_10_VITIS_LOOP_203_11'): Unable to schedule 'load' operation ('a_load_2050', matrix_mult.cpp:200) on array 'a' due to limited memory ports (II = 4). Please consider using a memory core with more ports or partitioning the array 'a'.&#xD;&#xA;Resolution: For help on HLS 200-885 see www.xilinx.com/cgi-bin/docs/rdoc?v=2021.2;t=hls+guidance;d=200-885.html" projectName="SoC_Final" solutionName="solution1" date="2022-05-03T02:08:09.183-0400" type="Warning"/>
        <logs message="WARNING: [HLS 200-885] The II Violation in module 'matrix_mult_Pipeline_VITIS_LOOP_200_10_VITIS_LOOP_203_11' (loop 'VITIS_LOOP_200_10_VITIS_LOOP_203_11'): Unable to schedule 'load' operation ('a_load_2049', matrix_mult.cpp:200) on array 'a' due to limited memory ports (II = 3). Please consider using a memory core with more ports or partitioning the array 'a'.&#xD;&#xA;Resolution: For help on HLS 200-885 see www.xilinx.com/cgi-bin/docs/rdoc?v=2021.2;t=hls+guidance;d=200-885.html" projectName="SoC_Final" solutionName="solution1" date="2022-05-03T02:08:02.225-0400" type="Warning"/>
        <logs message="WARNING: [HLS 200-885] The II Violation in module 'matrix_mult_Pipeline_VITIS_LOOP_200_10_VITIS_LOOP_203_11' (loop 'VITIS_LOOP_200_10_VITIS_LOOP_203_11'): Unable to schedule 'load' operation ('a_load_2048', matrix_mult.cpp:200) on array 'a' due to limited memory ports (II = 2). Please consider using a memory core with more ports or partitioning the array 'a'.&#xD;&#xA;Resolution: For help on HLS 200-885 see www.xilinx.com/cgi-bin/docs/rdoc?v=2021.2;t=hls+guidance;d=200-885.html" projectName="SoC_Final" solutionName="solution1" date="2022-05-03T02:07:59.655-0400" type="Warning"/>
        <logs message="WARNING: [HLS 200-885] The II Violation in module 'matrix_mult_Pipeline_VITIS_LOOP_200_10_VITIS_LOOP_203_11' (loop 'VITIS_LOOP_200_10_VITIS_LOOP_203_11'): Unable to schedule 'load' operation ('a_load', matrix_mult.cpp:200) on array 'a' due to limited memory ports (II = 1). Please consider using a memory core with more ports or partitioning the array 'a'.&#xD;&#xA;Resolution: For help on HLS 200-885 see www.xilinx.com/cgi-bin/docs/rdoc?v=2021.2;t=hls+guidance;d=200-885.html" projectName="SoC_Final" solutionName="solution1" date="2022-05-03T02:07:57.100-0400" type="Warning"/>
        <logs message="WARNING: [HLS 200-885] The II Violation in module 'matrix_mult_Pipeline_VITIS_LOOP_262_15' (loop 'VITIS_LOOP_262_15'): Unable to schedule 'load' operation ('b_load_84', matrix_mult.cpp:267) on array 'b' due to limited memory ports (II = 3). Please consider using a memory core with more ports or partitioning the array 'b'.&#xD;&#xA;Resolution: For help on HLS 200-885 see www.xilinx.com/cgi-bin/docs/rdoc?v=2021.2;t=hls+guidance;d=200-885.html" projectName="SoC_Final" solutionName="solution1" date="2022-05-03T02:07:30.163-0400" type="Warning"/>
        <logs message="WARNING: [HLS 200-885] The II Violation in module 'matrix_mult_Pipeline_VITIS_LOOP_262_15' (loop 'VITIS_LOOP_262_15'): Unable to schedule 'load' operation ('b_load_83', matrix_mult.cpp:266) on array 'b' due to limited memory ports (II = 2). Please consider using a memory core with more ports or partitioning the array 'b'.&#xD;&#xA;Resolution: For help on HLS 200-885 see www.xilinx.com/cgi-bin/docs/rdoc?v=2021.2;t=hls+guidance;d=200-885.html" projectName="SoC_Final" solutionName="solution1" date="2022-05-03T02:07:30.149-0400" type="Warning"/>
        <logs message="WARNING: [HLS 200-885] The II Violation in module 'matrix_mult_Pipeline_VITIS_LOOP_262_15' (loop 'VITIS_LOOP_262_15'): Unable to schedule 'load' operation ('a_load_82', matrix_mult.cpp:266) on array 'a' due to limited memory ports (II = 1). Please consider using a memory core with more ports or partitioning the array 'a'.&#xD;&#xA;Resolution: For help on HLS 200-885 see www.xilinx.com/cgi-bin/docs/rdoc?v=2021.2;t=hls+guidance;d=200-885.html" projectName="SoC_Final" solutionName="solution1" date="2022-05-03T02:07:30.142-0400" type="Warning"/>
        <logs message="WARNING: [HLS 200-885] The II Violation in module 'matrix_mult_Pipeline_VITIS_LOOP_35_5_VITIS_LOOP_37_6' (loop 'VITIS_LOOP_35_5_VITIS_LOOP_37_6'): Unable to schedule 'load' operation ('prod_load', matrix_mult.cpp:39) on array 'prod' due to limited memory ports (II = 1). Please consider using a memory core with more ports or partitioning the array 'prod'.&#xD;&#xA;Resolution: For help on HLS 200-885 see www.xilinx.com/cgi-bin/docs/rdoc?v=2021.2;t=hls+guidance;d=200-885.html" projectName="SoC_Final" solutionName="solution1" date="2022-05-03T02:07:29.876-0400" type="Warning"/>
        <logs message="WARNING: [HLS 200-960] Cannot flatten loop 'VITIS_LOOP_280_17' (matrix_mult.cpp:10:6) in function 'matrix_mult' the outer loop is not a perfect loop because there is nontrivial logic before entering the inner loop.&#xD;&#xA;Resolution: For help on HLS 200-960 see www.xilinx.com/cgi-bin/docs/rdoc?v=2021.2;t=hls+guidance;d=200-960.html" projectName="SoC_Final" solutionName="solution1" date="2022-05-03T02:06:31.430-0400" type="Warning"/>
        <logs message="WARNING: [HLS 200-960] Cannot flatten loop 'VITIS_LOOP_254_14' (matrix_mult.cpp:254:33) in function 'matrix_mult' the outer loop is not a perfect loop because there is nontrivial logic in the loop latch.&#xD;&#xA;Resolution: For help on HLS 200-960 see www.xilinx.com/cgi-bin/docs/rdoc?v=2021.2;t=hls+guidance;d=200-960.html" projectName="SoC_Final" solutionName="solution1" date="2022-05-03T02:06:31.420-0400" type="Warning"/>
        <logs message="WARNING: [HLS 200-960] Cannot flatten loop 'VITIS_LOOP_21_2' (matrix_mult.cpp:21:29) in function 'matrix_mult' the outer loop is not a perfect loop.&#xD;&#xA;Resolution: For help on HLS 200-960 see www.xilinx.com/cgi-bin/docs/rdoc?v=2021.2;t=hls+guidance;d=200-960.html" projectName="SoC_Final" solutionName="solution1" date="2022-05-03T02:06:31.290-0400" type="Warning"/>
        <logs message="WARNING: [HLS 207-5281] expression result unused (matrix_mult.cpp:284:30)" projectName="SoC_Final" solutionName="solution1" date="2022-05-03T02:05:33.782-0400" type="Warning"/>
        <logs message="WARNING: [HLS 207-5281] expression result unused (matrix_mult.cpp:284:11)" projectName="SoC_Final" solutionName="solution1" date="2022-05-03T02:05:33.773-0400" type="Warning"/>
      </synLog>
      <simLog/>
      <mgLog/>
      <packageLog/>
      <csimLog/>
    </logs>
  </warningLogs>
</vivadoHLSLog:LogRoot>
