{
  "Top": "matrix_mult",
  "RtlTop": "matrix_mult",
  "RtlPrefix": "",
  "RtlSubPrefix": "matrix_mult_",
  "SourceLanguage": "cpp",
  "HostMachineBits": "64",
  "FunctionProtocol": "ap_ctrl_hs",
  "ResetStyle": "control",
  "Target": {
    "Family": "zynq",
    "Device": "xc7z020",
    "Package": "-clg484",
    "Speed": "-1",
    "Triple": "fpga64-xilinx-none"
  },
  "Args": {
    "a": {
      "index": "0",
      "direction": "in",
      "srcType": "int*",
      "srcSize": "32",
      "hwRefs": [{
          "type": "memory",
          "interface": "s_axi_control",
          "name": "a",
          "usage": "data",
          "direction": "in"
        }]
    },
    "b": {
      "index": "1",
      "direction": "in",
      "srcType": "int*",
      "srcSize": "32",
      "hwRefs": [{
          "type": "memory",
          "interface": "s_axi_control",
          "name": "b",
          "usage": "data",
          "direction": "in"
        }]
    },
    "prod": {
      "index": "2",
      "direction": "inout",
      "srcType": "int*",
      "srcSize": "32",
      "hwRefs": [{
          "type": "memory",
          "interface": "s_axi_control",
          "name": "prod",
          "usage": "data",
          "direction": "inout"
        }]
    },
    "a_row_b_col": {
      "index": "3",
      "direction": "in",
      "srcType": "int",
      "srcSize": "32",
      "hwRefs": [{
          "type": "register",
          "interface": "s_axi_control",
          "name": "a_row_b_col",
          "usage": "data",
          "direction": "in"
        }]
    }
  },
  "HlsSolution": {
    "FlowTarget": "vivado",
    "ConfigTcl": [
      "config_export -description {It Just Works}",
      "config_export -display_name=00",
      "config_export -format=ip_catalog",
      "config_export -library=El_Librario",
      "config_export -output=C:\/Xilinx\/Vitis_HLS\/Projects\/SoC_Final",
      "config_export -rtl=verilog",
      "config_export -taxonomy=00",
      "config_export -vendor=Deez_Nuts",
      "config_export -version=2.0"
    ],
    "DirectiveTcl": [
      "set_directive_top matrix_mult -name matrix_mult",
      "set_directive_interface matrix_mult -mode s_axilite -port return",
      "set_directive_interface matrix_mult -mode s_axilite -port b",
      "set_directive_interface matrix_mult -mode s_axilite -port prod",
      "set_directive_interface matrix_mult -mode s_axilite -port a",
      "set_directive_interface matrix_mult -mode s_axilite -port a_row_b_col",
      "set_directive_interface matrix_mult -mode s_axilite -port result1"
    ],
    "ProfileOption": "0",
    "ProfileType": "none",
    "KernelName": "matrix_mult"
  },
  "ClockInfo": {
    "ClockName": "ap_clk",
    "ClockPeriod": "10",
    "Uncertainty": "2.7",
    "IsCombinational": "0",
    "II": "2147330",
    "Latency": "2147329"
  },
  "Xdc": {"OocClocks": ["create_clock -name ap_clk -period 10.000 [get_ports ap_clk]"]},
  "Ipx": {
    "Vendor": "Deez_Nuts",
    "Library": "El_Librario",
    "Name": "matrix_mult",
    "Version": "2.0",
    "DisplayName": "00",
    "Revision": "",
    "Description": "It Just Works",
    "Taxonomy": "\/00",
    "AutoFamilySupport": "",
    "ZipFile": "Deez_Nuts_El_Librario_matrix_mult_2_0.zip"
  },
  "Files": {
    "CSource": ["..\/..\/matrix_mult.cpp"],
    "Vhdl": [
      "impl\/vhdl\/matrix_mult_control_s_axi.vhd",
      "impl\/vhdl\/matrix_mult_mul_32s_32s_32_2_1.vhd",
      "impl\/vhdl\/matrix_mult.vhd"
    ],
    "Verilog": [
      "impl\/verilog\/matrix_mult_control_s_axi.v",
      "impl\/verilog\/matrix_mult_mul_32s_32s_32_2_1.v",
      "impl\/verilog\/matrix_mult.v"
    ],
    "SwDriver": [
      "impl\/misc\/drivers\/matrix_mult_v2_0\/data\/matrix_mult.mdd",
      "impl\/misc\/drivers\/matrix_mult_v2_0\/data\/matrix_mult.tcl",
      "impl\/misc\/drivers\/matrix_mult_v2_0\/src\/Makefile",
      "impl\/misc\/drivers\/matrix_mult_v2_0\/src\/xmatrix_mult.c",
      "impl\/misc\/drivers\/matrix_mult_v2_0\/src\/xmatrix_mult.h",
      "impl\/misc\/drivers\/matrix_mult_v2_0\/src\/xmatrix_mult_hw.h",
      "impl\/misc\/drivers\/matrix_mult_v2_0\/src\/xmatrix_mult_linux.c",
      "impl\/misc\/drivers\/matrix_mult_v2_0\/src\/xmatrix_mult_sinit.c"
    ],
    "IpMisc": ["impl\/misc\/logo.png"],
    "CsynthXml": "syn\/report\/csynth.xml",
    "DebugDir": ".debug",
    "KernelXml": ".autopilot\/db\/kernel.internal.xml",
    "Xo": "",
    "XoHlsDir": "",
    "ProtoInst": [".debug\/matrix_mult.protoinst"]
  },
  "SubcoreInfo": {
    "HasXpmMemory": false,
    "HasClockedDsp": false,
    "Ip": []
  },
  "Interfaces": {
    "s_axi_control": {
      "type": "axi4lite",
      "busTypeName": "aximm",
      "mode": "slave",
      "dataWidth": "32",
      "addrWidth": "20",
      "portPrefix": "s_axi_control_",
      "paramPrefix": "C_S_AXI_CONTROL_",
      "ports": [
        "s_axi_control_ARADDR",
        "s_axi_control_ARREADY",
        "s_axi_control_ARVALID",
        "s_axi_control_AWADDR",
        "s_axi_control_AWREADY",
        "s_axi_control_AWVALID",
        "s_axi_control_BREADY",
        "s_axi_control_BRESP",
        "s_axi_control_BVALID",
        "s_axi_control_RDATA",
        "s_axi_control_RREADY",
        "s_axi_control_RRESP",
        "s_axi_control_RVALID",
        "s_axi_control_WDATA",
        "s_axi_control_WREADY",
        "s_axi_control_WSTRB",
        "s_axi_control_WVALID"
      ],
      "memories": {
        "a": {
          "offset": "262144",
          "range": "262144"
        },
        "b": {
          "offset": "524288",
          "range": "262144"
        },
        "prod": {
          "offset": "786432",
          "range": "262144"
        }
      },
      "registers": [
        {
          "offset": "0x00",
          "name": "CTRL",
          "access": "RW",
          "description": "Control signals",
          "range": "32",
          "fields": [
            {
              "offset": "0",
              "width": "1",
              "name": "AP_START",
              "access": "RW",
              "description": "Control signal Register for 'ap_start'."
            },
            {
              "offset": "1",
              "width": "1",
              "name": "AP_DONE",
              "access": "R",
              "description": "Control signal Register for 'ap_done'."
            },
            {
              "offset": "2",
              "width": "1",
              "name": "AP_IDLE",
              "access": "R",
              "description": "Control signal Register for 'ap_idle'."
            },
            {
              "offset": "3",
              "width": "1",
              "name": "AP_READY",
              "access": "R",
              "description": "Control signal Register for 'ap_ready'."
            },
            {
              "offset": "4",
              "width": "3",
              "name": "RESERVED_1",
              "access": "R",
              "description": "Reserved.  0s on read."
            },
            {
              "offset": "7",
              "width": "1",
              "name": "AUTO_RESTART",
              "access": "RW",
              "description": "Control signal Register for 'auto_restart'."
            },
            {
              "offset": "8",
              "width": "1",
              "name": "RESERVED_2",
              "access": "R",
              "description": "Reserved.  0s on read."
            },
            {
              "offset": "9",
              "width": "1",
              "name": "RESERVED_3",
              "access": "R",
              "description": "Reserved.  0s on read."
            },
            {
              "offset": "10",
              "width": "22",
              "name": "RESERVED_4",
              "access": "R",
              "description": "Reserved.  0s on read."
            }
          ]
        },
        {
          "offset": "0x04",
          "name": "GIER",
          "access": "RW",
          "description": "Global Interrupt Enable Register",
          "range": "32",
          "fields": [
            {
              "offset": "0",
              "width": "1",
              "name": "Enable",
              "access": "RW",
              "description": "Master enable for the device interrupt output to the system interrupt controller: 0 = Disabled, 1 = Enabled"
            },
            {
              "offset": "1",
              "width": "31",
              "name": "RESERVED",
              "access": "R",
              "description": "Reserved.  0s on read."
            }
          ]
        },
        {
          "offset": "0x08",
          "name": "IP_IER",
          "access": "RW",
          "description": "IP Interrupt Enable Register",
          "range": "32",
          "fields": [
            {
              "offset": "0",
              "width": "1",
              "name": "CHAN0_INT_EN",
              "access": "RW",
              "description": "Enable Channel 0 (ap_done) Interrupt.  0 = Disabled, 1 = Enabled."
            },
            {
              "offset": "1",
              "width": "1",
              "name": "CHAN1_INT_EN",
              "access": "RW",
              "description": "Enable Channel 1 (ap_ready) Interrupt.  0 = Disabled, 1 = Enabled."
            },
            {
              "offset": "2",
              "width": "3",
              "name": "RESERVED_0",
              "access": "R",
              "description": "Reserved.  0s on read."
            },
            {
              "offset": "5",
              "width": "1",
              "name": "CHAN2_INT_EN",
              "access": "RW",
              "description": "Enable Channel 2 (ap_local_deadlock) Interrupt.  0 = Disabled, 1 = Enabled."
            },
            {
              "offset": "6",
              "width": "26",
              "name": "RESERVED_1",
              "access": "R",
              "description": "Reserved.  0s on read."
            }
          ]
        },
        {
          "offset": "0x0c",
          "name": "IP_ISR",
          "access": "RW",
          "description": "IP Interrupt Status Register",
          "range": "32",
          "fields": [
            {
              "offset": "0",
              "width": "1",
              "name": "CHAN0_INT_ST",
              "access": "RTOW",
              "description": "Channel 0 (ap_done) Interrupt Status. 0 = No Channel 0 input interrupt, 1 = Channel 0 input interrup"
            },
            {
              "offset": "1",
              "width": "1",
              "name": "CHAN1_INT_ST",
              "access": "RTOW",
              "description": "Channel 1 (ap_ready) Interrupt Status. 0 = No Channel 1 input interrupt, 1 = Channel 1 input interrup"
            },
            {
              "offset": "2",
              "width": "3",
              "name": "RESERVED_0",
              "access": "R",
              "description": "Reserved.  0s on read."
            },
            {
              "offset": "5",
              "width": "1",
              "name": "CHAN2_INT_ST",
              "access": "RTOW",
              "description": "Channel 2 (ap_local_deadlock) Interrupt Status. 0 = No Channel 2 input interrupt, 1 = Channel 2 input interrup"
            },
            {
              "offset": "6",
              "width": "26",
              "name": "RESERVED_1",
              "access": "R",
              "description": "Reserved.  0s on read."
            }
          ]
        },
        {
          "offset": "0x10",
          "name": "a_row_b_col",
          "access": "W",
          "description": "Data signal of a_row_b_col",
          "range": "32",
          "fields": [{
              "offset": "0",
              "width": "32",
              "name": "a_row_b_col",
              "access": "W",
              "description": "Bit 31 to 0 of a_row_b_col"
            }]
        }
      ],
      "constraints": [
        {
          "constraint_type": "pragma interface",
          "mode": "s_axilite",
          "register_option": "0",
          "offset": "262144",
          "argName": "a"
        },
        {
          "constraint_type": "pragma interface",
          "mode": "s_axilite",
          "register_option": "0",
          "offset": "524288",
          "argName": "b"
        },
        {
          "constraint_type": "pragma interface",
          "mode": "s_axilite",
          "register_option": "0",
          "offset": "786432",
          "argName": "prod"
        },
        {
          "constraint_type": "pragma interface",
          "mode": "s_axilite",
          "register_option": "0",
          "offset": "16",
          "argName": "a_row_b_col"
        }
      ]
    },
    "ap_clk": {
      "type": "clock",
      "busTypeName": "clock",
      "mode": "slave",
      "busParams": {
        "ASSOCIATED_BUSIF": "s_axi_control",
        "ASSOCIATED_RESET": "ap_rst_n"
      },
      "portMap": {"ap_clk": "CLK"},
      "ports": ["ap_clk"]
    },
    "ap_rst_n": {
      "type": "reset",
      "busTypeName": "reset",
      "mode": "slave",
      "busParams": {"POLARITY": "ACTIVE_LOW"},
      "portMap": {"ap_rst_n": "RST"},
      "ports": ["ap_rst_n"]
    },
    "interrupt": {
      "type": "interrupt",
      "busTypeName": "interrupt",
      "mode": "master",
      "dataWidth": "1",
      "busParams": {"SENSITIVITY": "LEVEL_HIGH"},
      "portMap": {"interrupt": "INTERRUPT"},
      "ports": ["interrupt"]
    }
  },
  "RtlPorts": {
    "s_axi_control_AWVALID": {
      "dir": "in",
      "width": "1"
    },
    "s_axi_control_AWREADY": {
      "dir": "out",
      "width": "1"
    },
    "s_axi_control_AWADDR": {
      "dir": "in",
      "width": "20"
    },
    "s_axi_control_WVALID": {
      "dir": "in",
      "width": "1"
    },
    "s_axi_control_WREADY": {
      "dir": "out",
      "width": "1"
    },
    "s_axi_control_WDATA": {
      "dir": "in",
      "width": "32"
    },
    "s_axi_control_WSTRB": {
      "dir": "in",
      "width": "4"
    },
    "s_axi_control_ARVALID": {
      "dir": "in",
      "width": "1"
    },
    "s_axi_control_ARREADY": {
      "dir": "out",
      "width": "1"
    },
    "s_axi_control_ARADDR": {
      "dir": "in",
      "width": "20"
    },
    "s_axi_control_RVALID": {
      "dir": "out",
      "width": "1"
    },
    "s_axi_control_RREADY": {
      "dir": "in",
      "width": "1"
    },
    "s_axi_control_RDATA": {
      "dir": "out",
      "width": "32"
    },
    "s_axi_control_RRESP": {
      "dir": "out",
      "width": "2"
    },
    "s_axi_control_BVALID": {
      "dir": "out",
      "width": "1"
    },
    "s_axi_control_BREADY": {
      "dir": "in",
      "width": "1"
    },
    "s_axi_control_BRESP": {
      "dir": "out",
      "width": "2"
    },
    "ap_local_block": {
      "dir": "out",
      "width": "1",
      "isVector": "true"
    },
    "ap_clk": {
      "dir": "in",
      "width": "1"
    },
    "ap_rst_n": {
      "dir": "in",
      "width": "1"
    },
    "interrupt": {
      "dir": "out",
      "width": "1"
    }
  },
  "ModuleInfo": {
    "Hierarchy": {"ModuleName": "matrix_mult"},
    "Info": {"matrix_mult": {
        "FunctionProtocol": "ap_ctrl_hs",
        "isTaskLevelControl": "0",
        "isPipelined": "0",
        "isCombinational": "0",
        "isOneStateSeq": "0"
      }},
    "Metrics": {"matrix_mult": {
        "Latency": {
          "LatencyBest": "2147329",
          "LatencyAvg": "2147329",
          "LatencyWorst": "2147329",
          "PipelineII": "2147330",
          "PipelineDepth": "",
          "PipelineType": "no"
        },
        "Timing": {
          "Target": "10.00",
          "Uncertainty": "2.70",
          "Estimate": "9.533"
        },
        "Loops": [{
            "Name": "VITIS_LOOP_15_1_VITIS_LOOP_18_2",
            "TripCount": "1024",
            "Latency": "2147328",
            "PipelineII": "",
            "PipelineDepth": "2097"
          }],
        "Area": {
          "BRAM_18K": "384",
          "AVAIL_BRAM": "280",
          "UTIL_BRAM": "137",
          "DSP": "3606",
          "AVAIL_DSP": "220",
          "UTIL_DSP": "1639",
          "FF": "392658",
          "AVAIL_FF": "106400",
          "UTIL_FF": "369",
          "LUT": "421978",
          "AVAIL_LUT": "53200",
          "UTIL_LUT": "793",
          "URAM": "0",
          "AVAIL_URAM": "0",
          "UTIL_URAM": "0"
        }
      }}
  },
  "GenerateBdFiles": "0",
  "GenData": {
    "DataVersion": "0.2",
    "Time": "2021-05-02 23:15:35 -0400",
    "ToolName": "vitis_hls",
    "ToolVersion": "2021.2"
  }
}
