<?xml version="1.0" encoding="UTF-8"?>
<project>
  <core name="" type="" target="">
    <kernel name="matrix_mult" language="c" vlnv="Deez_Nuts:El_Librario:matrix_mult:2.0" attributes="" hash="" preferredWorkGroupSizeMultiple="0" workGroupSize="1" debug="false" interrupt="true">
      <port name="S_AXI_CONTROL" mode="slave" range="0x1000" portType="addressable" base="0x00000000"/>
      <arg name="a" addressQualifier="0" id="0" port="S_AXI_CONTROL" size="0x4" offset="0x40000" hostOffset="0x0" hostSize="0x4" type=""/>
      <arg name="b" addressQualifier="0" id="1" port="S_AXI_CONTROL" size="0x4" offset="0x80000" hostOffset="0x0" hostSize="0x4" type=""/>
      <arg name="prod" addressQualifier="0" id="2" port="S_AXI_CONTROL" size="0x4" offset="0xC0000" hostOffset="0x0" hostSize="0x4" type=""/>
      <arg name="a_row_b_col" addressQualifier="0" id="3" port="S_AXI_CONTROL" size="0x4" offset="0x10" hostOffset="0x0" hostSize="0x4" type=""/>
      <arg name="ap_local_deadlock" addressQualifier="0" id="4" port="S_AXI_CONTROL" size="0x4" offset="0x0" hostOffset="0x0" hostSize="0x4" type=""/>
      <compileWorkGroupSize x="1" y="1" z="1"/>
    </kernel>
  </core>
</project>
